# FILTER  = 'clear   '           / Filter
# EXPTIME =              600.000 / Total exposure time (sec); avg. of R&B         
# OBJECT  = 'ZTF26aatqnnb_k1'    / User-specified object name
# TARGNAME= 'ZTF26aatqnnb_k1'    / Target name (from starlist)
# DICHNAME= '560     '           / Dichroic
# GRISNAME= '400/3400'           / Blue grism                                     
# GRANAME = '400/8500'           / Red grating                                    
# WAVELEN =        7829.41422100 / Red specified central wavelength               
# BLUFILT = 'clear   '           / Blue filter                                    
# REDFILT = 'Clear   '           / Red filter                                     
# SLITNAME= 'long_1.0'           / Slitmask
# INSTRUME= 'LRIS+LRISBLUE'      / Camera                                         
# TELESCOP= 'Keck I  '           / Telescope name
# BLUDET  = 'LRISB   '           / LRIS blue detector                             
# REDDET  = 'LRISR4  '           / LRIS red detector                              
# OBSERVER= 'Uno     '           / Observer name
# REDUCER = '        '           / Name of reducer
# LPIPEVER= '2024.02 '           / LPipe version number
# HOSTNAME= 'gayatri '           / LPipe host computer name
# IDLVER  = '8.8.0   '           / IDL version number
# DATE    = '2026-09-11T06:14:12' / UT end of last exposure                       
# UTC     = '06:04:12.98'        / Universal time (excl. day) at start
# MJD-OBS = '61294.252928'       / MJD at start
# JD      =        2461294.75293 / Julian date at start
# JDMID   =        2461294.75640 / Julian date at midpoint
# JDEND   =        2461294.75987 / Julian date end of last exposure               
# MJD     =        61294.2529280 / Mean julian date at start
# MJDMID  =        61294.2564002 / Mean julian date at midpoint
# MJDEND  =        61294.2598724 / Mean julian date end of last exposure          
# DATE_BEG= '2026-09-11T06:04:11.978' / UT start of first exposure                
# DATE_END= '2026-09-11T06:14:12' / UT end of last exposure                       
# OBSDATE = '2026-09-11T06:04:11.978' / UT start of first exposure                
# AZ      =        129.404277210 / Telescope azimuth (deg)
# EL      =        47.7814381800 / Telescope elevation (deg)
# RA      = '21:09:00.61'        / Right ascension
# DEC     = '-08:40:52.2'        / Telescope declination
# HA      = '+21:54:26.45'       / Hour angle at start
# ST      = '19:03:26.55'        / Sidereal time at start
# EQUINOX =        2000.00000000 / Equinox of RA/DEC
# AIRMASS =              1.32968 / Approximate av. airmass of combined spectrum   
# SUNELEV =       -24.1015000000 / Sun elevation (deg)
# MOONELEV=       -24.4396000000 / Moon elevation (deg)
# MOONDIST=        147.107778303 / Distance to moon (deg)
# MOONPHAS=    0.000407312196043 / Lunar phase (1 = full)
# PARANGLE=       -47.0331398645 / Parallactic angle (at start, deg)
# OFFPA   =        4.03307882931 / Slit rotation vs. parallactic angle (deg)
# SLITPA  =       -43.0001000000 / Slit or right chip CCW from North (deg)
# ROTPOSN =       -133.000057600 / Rotator angle (deg; 90 = slit north)
# ROTPPOSN=       -86.3938942600 / Rotator physical position (deg)
# DOMEPOSN=        129.274084100 / Dome azimuth angle (deg)
# TRAPDOOR= 'open    '           / Trapdoor status (open/closed)
# CURRINST= 'LRISADC '           / ADC instrument
# ADCWAVE0=        3400.00000000 / ADC min. compensation wavelength (Ang)
# ADCWAVE1=        9000.00000000 / ADC max. compensation wavelength (Ang)
# PREPARED= '2026-09-11T14:17:41' / Timestamp of prepare reduction step
# TOTALEXP=              600.000 / Total exposure time (sec); avg. of R&B         
# EXTDATE = '2026-09-11T14:23:39' / UT time 1D spectrum extracted by specextract
# REDUCED = '2026-09-11T14:25:46' / Timestamp of connect reduction step           
# MINWAV  =        1844.12962181 / Minimum wavelength                             
# MAXWAV  =        10293.3570561 / Maximum wavelength                             
# TELLUCOR=                     /Telluric correction applied
# BLUFILE = 'celsb260911_0046r_ZTF26aatqnnb.spec' / Blue spectrum file            
# REDFILE = 'celsr260911_0055_ZTF26aatqnnb.spec' / Red spectrum file              
# JDSTART =        2461294.75291 / Julian date start of first exposure            
# MJDSTART=        61294.2529100 / Mean julian date start of first exposure       
# RESCALER=              1.00000 / (red not rescaled)                             
# RESCALEB=        1.02428684630 / Rescaling factor applied to blue               
# WAVOVER = '5566.87-5727.17'    / Wavelength region of useable red-blue overlap  
# ATCHWAV =        5667.90820312 / Red-blue connection wavelength                 
# BLUDBEG = '2026-09-11T06:04:12' / UT start of first blue exposure               
# REDDBEG = '2026-09-11T06:04:11.978' / UT start of first red exposure            
# BLUDEND = '2026-09-11T06:14:12' / UT end of last blue exposure                  
# REDDEND = '2026-09-11T06:14:11.977' / UT end of last red exposure               
# BLUNEXP =                    1 / Num. blue exposures summed                     
# REDNEXP =                    1 / Num. red exposures summed                      
# BLUEXPTM=              600.000 / Blue exposure time                             
# REDEXPTM=              600.000 / Red exposure time                              
# REDEXP1 =              600.000 /                                                
# BLUEXP1 =              600.000 /                                                
# BLUAIR1 =              1.34936 /                                                
# REDAIR1 =              1.31000 /                                                
# BLUBIN  = '2,2     '           / Blue binning (spat,spec)                       
# REDBIN  = '2,1     '           / Red binning (spat,spec)                        
# BLUXCENT=                 1587 / Blue X reference pixel for extraction          
# REDXCENT=                 2064 / Red X reference pixel for extraction           
# BLUYCENT=              114.690 / Blue Y extraction center position              
# REDYCENT=              428.350 / Red Y extraction center position               
# BLUAPRAD=              3.42000 / Blue extraction aperture half-width            
# REDAPRAD=              3.42000 / Red extraction aperture half-width             
# BLUBKDST=              6.40000 / Blue background aper. inner edge distance      
# REDBKDST=              6.40000 / Red background aper. inner edge distance       
# BLUBKWID=              14.0000 / Blue background aperture width                 
# REDBKWID=              14.0000 / Red background aperture width                  
# BLUCWAV =        3619.91803950 / Blue central wavelength (Ang)                  
# REDCWAV =        7826.45342528 / Red central wavelength (Ang)                   
# BLUDISP =        2.08281456308 / Blue dispersion (Ang/pix)                      
# REDDISP =        1.19698365108 / Red dispersion (Ang/pix)                       
# BLU2DSPC= 'lsb260911_0046r_ZTF26aatqnnb.fits' / Blue 2D spectrum file           
# RED2DSPC= 'lsr260911_0055_ZTF26aatqnnb.fits' / Red 2D spectrum file             
# BLU2DS1 = 'szfpb260911_0046r.fits' / Individual blue 2D spectra                 
# RED2DS1 = 'szfpr260911_00055.fits' / Individual red 2D spectra                  
# BLUARCF = 'fpb260911_0034r_arc.fits' / Blue arc file                            
# REDARCF = 'fpr260911_00043_arc.fits' / Red arc file                             
# BLUSOL  = 'fpb260911_0034r_arc.sol' / Blue arc solution file                    
# REDSOL  = 'fpr260911_00043_arc.sol' / Red arc solution file                     
# BLUFLEX =              3.47804 / Blue flexure correction (Ang)                  
# REDFLEX =       0.903425000000 / Red flexure correction (Ang)                   
# BLUTRAC = 'lsb260911_0046r_ZTF26aatqnnb.trace' / Blue tracing file              
# REDTRAC = 'lsr260911_0055_ZTF26aatqnnb.trace' / Red tracing file                
# BLUFCAL1= 'elsb260911_0042_BD+28_4211.response' / Blue flux standard file       
# REDFCAL1= 'elsr260911_0051_BD+28_4211.response' / Red flux standard file        
# BLUFCAL2= 'elsb260911_0041_BD+28_4211.response' / Blue flux standard file       
# REDFCAL2= 'elsr260911_0050_BD+28_4211.response' / Red flux standard file        
# BLUFAIR1=              1.59949 / Blue flux standard airmass                     
# REDFAIR1=              1.60000 / Red flux standard airmass                      
# BLUFAIR2=              1.61165 /                                                
# REDFAIR2=              1.61000 /                                                
# BLUFNAM1= 'BD+28_4211'         / Blue flux standard star name                   
# REDFNAM1= 'BD+28_4211'         / Red flux standard star name                    
# BLUFNAM2= 'BD+28_4211'         /                                                
# REDFNAM2= 'BD+28_4211'         /                                                
# BLUFLAT = 'lb260911_0035s6_domflat.fits' / Blue flat field file name            
# REDFLAT = 'lr260911_0044s6_domflat.fits' / Red flat field file name             
# KOAID1  = '           0'       /                                                
# KOAID2  = '           0'       /                                                
# HISTORY Processed by lrisprepare 2026-09-11 14:17:41 UT
# HISTORY Processed by flatproc 2026-09-11 14:18:05 UT
# HISTORY Processed by lrissplit 2026-09-11 14:18:07 UT
# HISTORY Processed by pzapspec 2026-09-11 14:18:16 UT
# HISTORY Processed by subtractsky2 2026-09-11 14:20:34 UT
# HISTORY Processed by combinesum 2026-09-11 14:22:24 UT
# HISTORY Processed by specextract 2026-09-11 14:23:39 UT
# HISTORY Processed by specwavcal 2026-09-11 14:25:25 UT
# HISTORY Processed by lrisfluxcal 2026-09-11 14:25:39 UT
# HISTORY Processed by lrisconnect 2026-09-11 14:25:46 UT                         
# COMMENT Wavelengths are Angstroms in air                                        
# COMMENT Fluxes are erg/cm^2/s/Ang; absolute calibration is approximate          
# END                                                                             
##   wavelen         flux     sky_flux     flux_unc  xpixel    ypixel     response   flag 
   3093.8518 -1.19307e-16  2.93746e-16  9.07194e-17     764   110.786  1.99491e+14  0     
   3095.8064  4.29986e-17  2.93175e-16  9.36612e-17     765   110.789  2.06985e+14  0     
   3097.7617  9.20271e-17  2.94004e-16  9.24750e-17     766   110.792  2.14736e+14  0     
   3099.7178 -4.96152e-18  2.40724e-16  8.40916e-17     767   110.795  2.23199e+14  0     
   3101.6743  2.89377e-17  1.96156e-16  8.05476e-17     768   110.798  2.32933e+14  0     
   3103.6316  1.09730e-16  2.69141e-16  8.29653e-17     769   110.801  2.43218e+14  0     
   3105.5894  2.71405e-17  2.80995e-16  7.72874e-17     770   110.804  2.54967e+14  0     
   3107.5476 -3.03536e-17  2.62646e-16  7.14928e-17     771   110.807  2.67400e+14  0     
   3109.5066 -2.22902e-17  2.00689e-16  6.65885e-17     772   110.810  2.80421e+14  0     
   3111.4661 -1.13521e-17  2.35369e-16  6.55575e-17     773   110.813  2.93633e+14  0     
   3113.4263  4.46788e-17  2.02238e-16  6.38479e-17     774   110.816  3.07123e+14  0     
   3115.3870  5.17084e-17  1.85119e-16  6.10869e-17     775   110.819  3.21133e+14  0     
   3117.3484  4.10109e-18  1.64907e-16  5.63620e-17     776   110.822  3.35699e+14  0     
   3119.3103  1.51664e-16  1.97128e-16  6.04272e-17     777   110.825  3.50698e+14  0     
   3121.2727  2.04659e-17  1.64609e-16  5.29261e-17     778   110.828  3.64905e+14  0     
   3123.2358  2.67396e-17  1.88008e-16  5.22612e-17     779   110.832  3.78952e+14  0     
   3125.1997 -2.48576e-17  1.86452e-16  4.87101e-17     780   110.835  3.93573e+14  0     
   3127.1638  5.44965e-17  1.72134e-16  4.94140e-17     781   110.838  4.08690e+14  0     
   3129.1287 -3.42063e-17  1.85227e-16  4.52052e-17     782   110.841  4.24494e+14  0     
   3131.0942  3.35853e-17  1.61469e-16  4.52797e-17     783   110.844  4.40956e+14  0     
   3133.0603  8.90270e-17  1.78720e-16  4.62663e-17     784   110.847  4.58310e+14  0     
   3135.0269  4.21983e-17  1.68837e-16  4.29871e-17     785   110.850  4.76015e+14  0     
   3136.9941  1.65551e-17  1.70270e-16  4.07886e-17     786   110.853  4.94991e+14  0     
   3138.9619 -1.68809e-18  1.67920e-16  3.87747e-17     787   110.856  5.14498e+14  0     
   3140.9304 -2.93259e-17  1.84061e-16  3.71745e-17     788   110.859  5.33909e+14  0     
   3142.8992  3.24304e-17  2.02045e-16  3.88159e-17     789   110.863  5.51905e+14  0     
   3144.8689 -1.69124e-17  2.46484e-16  3.77163e-17     790   110.866  5.69046e+14  0     
   3146.8389  3.46789e-17  2.22066e-16  3.77217e-17     791   110.869  5.85640e+14  0     
   3148.8096  6.64085e-17  2.01627e-16  3.72904e-17     792   110.872  6.01504e+14  0     
   3150.7810  3.31233e-17  1.88430e-16  3.50808e-17     793   110.875  6.17456e+14  0     
   3152.7527 -2.22305e-17  1.73044e-16  3.20123e-17     794   110.878  6.34067e+14  0     
   3154.7251  2.88590e-17  1.59925e-16  3.25833e-17     795   110.881  6.50958e+14  0     
   3156.6982  3.11026e-17  1.78686e-16  3.25695e-17     796   110.885  6.68434e+14  0     
   3158.6719  2.77950e-18  1.40137e-16  2.96625e-17     797   110.888  6.87286e+14  0     
   3160.6460  4.71296e-17  1.40820e-16  3.04425e-17     798   110.891  7.07492e+14  0     
   3162.6206  2.21087e-17  1.27644e-16  2.85217e-17     799   110.894  7.27464e+14  0     
   3164.5959  1.99664e-17  1.45749e-16  2.84592e-17     800   110.897  7.46161e+14  0     
   3166.5720  3.06947e-17  1.29478e-16  2.77372e-17     801   110.901  7.64095e+14  0     
   3168.5483 -8.18493e-18  1.31452e-16  2.60041e-17     802   110.904  7.81499e+14  0     
   3170.5254  5.00965e-17  1.15978e-16  2.69839e-17     803   110.907  7.97557e+14  0     
   3172.5029  1.46085e-17  1.07773e-16  2.51623e-17     804   110.910  8.11718e+14  0     
   3174.4812  1.36251e-17  8.47715e-17  2.39918e-17     805   110.913  8.25208e+14  0     
   3176.4600  4.66837e-17  1.13680e-16  2.57364e-17     806   110.917  8.38786e+14  0     
   3178.4392  3.05000e-17  1.03534e-16  2.45229e-17     807   110.920  8.53503e+14  0     
   3180.4189 -1.71940e-17  9.85231e-17  2.23452e-17     808   110.923  8.69388e+14  0     
   3182.3994  7.45417e-17  8.07542e-17  2.44716e-17     809   110.926  8.86231e+14  0     
   3184.3806 -4.78851e-18  9.00847e-17  2.17454e-17     810   110.930  9.03808e+14  0     
   3186.3621  2.12696e-17  9.83618e-17  2.25483e-17     811   110.933  9.22240e+14  0     
   3188.3440  2.02929e-17  9.32515e-17  2.19695e-17     812   110.936  9.41273e+14  0     
   3190.3269  2.48269e-17  9.51357e-17  2.18200e-17     813   110.939  9.60480e+14  0     
   3192.3101  3.44044e-17  1.01818e-16  2.20242e-17     814   110.943  9.78359e+14  0     
   3194.2937  8.40584e-18  9.99079e-17  2.08101e-17     815   110.946  9.95190e+14  0     
   3196.2783  1.82420e-17  7.54656e-17  2.00581e-17     816   110.949  1.01034e+15  0     
   3198.2632  1.95648e-17  1.01254e-16  2.07333e-17     817   110.952  1.02438e+15  0     
   3200.2485  1.21226e-17  8.13126e-17  1.95860e-17     818   110.956  1.03886e+15  0     
   3202.2346  6.79761e-18  9.11734e-17  1.95070e-17     819   110.959  1.05383e+15  0     
   3204.2212  1.96844e-17  8.79634e-17  1.96066e-17     820   110.962  1.06859e+15  0     
   3206.2085  3.62506e-17  9.03644e-17  1.99900e-17     821   110.966  1.08438e+15  0     
   3208.1960  2.89740e-17  1.29612e-16  2.07459e-17     822   110.969  1.10096e+15  0     
   3210.1843  2.03296e-17  1.53193e-16  2.09335e-17     823   110.972  1.11923e+15  0     
   3212.1731  3.56437e-17  1.68025e-16  2.15374e-17     824   110.976  1.13850e+15  0     
   3214.1624 -8.80403e-18  1.67474e-16  1.99696e-17     825   110.979  1.15748e+15  0     
   3216.1523 -9.40600e-18  1.47919e-16  1.91162e-17     826   110.982  1.17609e+15  0     
   3218.1428  1.49665e-17  1.36389e-16  1.92787e-17     827   110.986  1.19448e+15  0     
   3220.1338  1.69218e-17  1.32184e-16  1.89945e-17     828   110.989  1.21232e+15  0     
   3222.1255  2.68753e-17  1.26066e-16  1.89121e-17     829   110.992  1.22903e+15  0     
   3224.1174 -2.32177e-17  1.18806e-16  1.69368e-17     830   110.996  1.24475e+15  0     
   3226.1101  2.62026e-17  1.05796e-16  1.79199e-17     831   110.999  1.26060e+15  0     
   3228.1033  1.65290e-17  1.14203e-16  1.77012e-17     832   111.002  1.27716e+15  0     
   3230.0969  1.00638e-17  1.24990e-16  1.76466e-17     833   111.006  1.29479e+15  0     
   3232.0913  1.34327e-17  1.12443e-16  1.71723e-17     834   111.009  1.31361e+15  0     
   3234.0862  6.78107e-18  1.01990e-16  1.64453e-17     835   111.012  1.33303e+15  0     
   3236.0815  2.86541e-17  1.05865e-16  1.70384e-17     836   111.016  1.35390e+15  0     
   3238.0774  1.40588e-19  1.08246e-16  1.60289e-17     837   111.019  1.37578e+15  0     
   3240.0737  1.69765e-17  9.93982e-17  1.60738e-17     838   111.023  1.39836e+15  0     
   3242.0708  1.61875e-17  1.00406e-16  1.58755e-17     839   111.026  1.42171e+15  0     
   3244.0684  4.48408e-18  8.42189e-17  1.48044e-17     840   111.029  1.44419e+15  0     
   3246.0664  1.81530e-17  8.03595e-17  1.49459e-17     841   111.033  1.46542e+15  0     
   3248.0649  6.02810e-18  7.85023e-17  1.43239e-17     842   111.036  1.48719e+15  0     
   3250.0642 -8.47010e-19  7.23099e-17  1.37168e-17     843   111.040  1.51013e+15  0     
   3252.0637  2.04044e-17  6.89730e-17  1.41226e-17     844   111.043  1.53459e+15  0     
   3254.0640  1.27103e-17  6.49474e-17  1.35583e-17     845   111.046  1.56020e+15  0     
   3256.0647  1.35826e-17  7.70347e-17  1.37927e-17     846   111.050  1.58659e+15  0     
   3258.0659  1.27396e-17  9.91591e-17  1.42637e-17     847   111.053  1.61409e+15  0     
   3260.0679  2.71087e-17  1.03146e-16  1.46167e-17     848   111.057  1.64242e+15  0     
   3262.0701  6.48540e-18  1.06565e-16  1.39330e-17     849   111.060  1.67001e+15  0     
   3264.0730  1.02667e-17  1.01876e-16  1.37396e-17     850   111.064  1.69672e+15  0     
   3266.0764  1.15992e-17  1.03994e-16  1.36735e-17     851   111.067  1.72460e+15  0     
   3268.0803  6.29321e-18  9.86468e-17  1.31829e-17     852   111.071  1.75439e+15  0     
   3270.0847  1.96929e-17  9.12790e-17  1.31855e-17     853   111.074  1.78577e+15  0     
   3272.0896  1.73376e-17  8.51024e-17  1.27488e-17     854   111.078  1.81949e+15  0     
   3274.0952  1.54315e-17  8.49413e-17  1.25010e-17     855   111.081  1.85511e+15  0     
   3276.1013  2.10521e-17  8.22109e-17  1.24052e-17     856   111.085  1.89126e+15  0     
   3278.1079  1.38025e-17  7.25503e-17  1.17272e-17     857   111.088  1.92611e+15  0     
   3280.1150  1.92979e-17  8.32919e-17  1.20576e-17     858   111.092  1.95989e+15  0     
   3282.1226  3.85710e-18  7.17308e-17  1.10892e-17     859   111.095  1.99293e+15  0     
   3284.1306  1.96983e-17  8.20108e-17  1.17415e-17     860   111.099  2.02482e+15  0     
   3286.1394  1.26474e-17  9.43191e-17  1.17649e-17     861   111.102  2.05494e+15  0     
   3288.1484  2.73939e-17  9.31841e-17  1.20340e-17     862   111.106  2.08228e+15  0     
   3290.1582  2.31592e-17  9.03497e-17  1.17345e-17     863   111.109  2.10714e+15  0     
   3292.1682  2.99619e-17  9.97367e-17  1.20839e-17     864   111.113  2.13090e+15  0     
   3294.1792  4.15192e-18  1.16060e-16  1.17328e-17     865   111.116  2.15430e+15  0     
   3296.1902  3.36717e-17  1.28011e-16  1.27221e-17     866   111.120  2.17908e+15  0     
   3298.2021  2.01806e-17  1.19398e-16  1.20463e-17     867   111.123  2.20750e+15  0     
   3300.2144  2.82756e-17  1.18179e-16  1.21049e-17     868   111.127  2.23913e+15  0     
   3302.2271  1.77188e-17  1.06487e-16  1.13944e-17     869   111.130  2.27428e+15  0     
   3304.2405  3.08187e-17  9.35401e-17  1.12638e-17     870   111.134  2.31284e+15  0     
   3306.2542  3.05570e-17  8.27482e-17  1.08480e-17     871   111.138  2.34781e+15  0     
   3308.2686  2.23337e-17  7.47927e-17  1.03050e-17     872   111.141  2.37654e+15  0     
   3310.2834  2.13680e-17  7.90698e-17  1.03185e-17     873   111.145  2.40195e+15  0     
   3312.2986  1.86621e-17  8.28929e-17  1.02739e-17     874   111.148  2.42639e+15  0     
   3314.3147  2.34619e-17  8.45341e-17  1.03748e-17     875   111.152  2.45160e+15  0     
   3316.3311  1.18554e-17  9.71558e-17  1.03246e-17     876   111.155  2.47748e+15  0     
   3318.3479  2.35908e-17  9.80510e-17  1.05808e-17     877   111.159  2.50474e+15  0     
   3320.3652  2.04829e-17  9.80360e-17  1.04106e-17     878   111.163  2.53500e+15  0     
   3322.3831  3.38820e-17  1.02516e-16  1.07752e-17     879   111.166  2.56804e+15  0     
   3324.4016  1.36678e-17  8.94931e-17  9.80973e-18     880   111.170  2.60336e+15  0     
   3326.4204  1.16405e-17  8.25215e-17  9.46422e-18     881   111.174  2.64052e+15  0     
   3328.4397  2.20022e-17  7.97779e-17  9.57541e-18     882   111.177  2.67857e+15  0     
   3330.4597  2.55730e-17  7.64877e-17  9.49085e-18     883   111.181  2.71523e+15  0     
   3332.4800  3.05795e-17  6.91530e-17  9.34377e-18     884   111.184  2.74960e+15  0     
   3334.5010  2.80258e-17  6.91532e-17  9.20138e-18     885   111.188  2.78026e+15  0     
   3336.5225  3.57060e-17  5.98068e-17  9.09214e-18     886   111.192  2.80762e+15  0     
   3338.5442  3.61609e-17  6.35711e-17  9.14652e-18     887   111.195  2.83351e+15  0     
   3340.5667  2.33316e-17  6.55000e-17  8.79179e-18     888   111.199  2.85939e+15  0     
   3342.5896  4.54768e-17  5.71036e-17  9.10527e-18     889   111.203  2.88555e+15  0     
   3344.6130  2.39245e-17  5.87617e-17  8.50452e-18     890   111.206  2.91298e+15  0     
   3346.6370  3.48080e-17  5.61850e-17  8.67300e-18     891   111.210  2.94179e+15  0     
   3348.6614  1.56097e-17  5.64801e-17  8.08031e-18     892   111.214  2.97222e+15  0     
   3350.6863  1.55896e-17  6.08500e-17  8.13930e-18     893   111.217  3.00501e+15  0     
   3352.7117  2.90489e-17  5.32893e-17  8.23751e-18     894   111.221  3.03915e+15  0     
   3354.7375  2.84476e-17  6.13111e-17  8.37486e-18     895   111.225  3.07285e+15  0     
   3356.7639  1.96925e-17  5.27728e-17  7.83131e-18     896   111.228  3.10650e+15  0     
   3358.7908  1.95702e-17  5.21104e-17  7.74840e-18     897   111.232  3.13946e+15  0     
   3360.8181  1.98027e-17  5.10100e-17  7.66646e-18     898   111.236  3.17126e+15  0     
   3362.8459  3.06877e-17  5.15752e-17  7.93400e-18     899   111.240  3.20076e+15  0     
   3364.8743  3.25878e-17  5.61417e-17  8.06156e-18     900   111.243  3.22738e+15  0     
   3366.9031  3.08418e-17  6.42857e-17  8.18864e-18     901   111.247  3.25109e+15  0     
   3368.9324  2.85845e-17  8.66843e-17  8.65972e-18     902   111.251  3.27255e+15  0     
   3370.9622  1.08304e-17  1.11974e-16  8.80505e-18     903   111.254  3.29341e+15  0     
   3372.9924  1.38240e-17  1.12975e-16  8.86112e-18     904   111.258  3.31539e+15  0     
   3375.0232  3.71341e-17  1.03029e-16  9.12913e-18     905   111.262  3.33909e+15  0     
   3377.0544  1.09339e-17  1.00087e-16  8.39385e-18     906   111.266  3.36582e+15  0     
   3379.0862  2.70322e-17  9.29881e-17  8.56236e-18     907   111.269  3.39531e+15  0     
   3381.1184  1.12709e-17  8.09683e-17  7.82146e-18     908   111.273  3.42620e+15  0     
   3383.1511  2.74188e-17  7.57319e-17  8.05004e-18     909   111.277  3.45704e+15  0     
   3385.1843  1.11230e-17  7.18243e-17  7.48291e-18     910   111.281  3.48727e+15  0     
   3387.2180  2.24988e-17  7.18328e-17  7.73450e-18     911   111.284  3.51705e+15  0     
   3389.2522  2.65506e-17  6.74761e-17  7.68053e-18     912   111.288  3.54782e+15  0     
   3391.2869  3.06403e-17  6.33072e-17  7.63212e-18     913   111.292  3.57924e+15  0     
   3393.3218  1.39889e-17  6.16680e-17  7.10955e-18     914   111.296  3.60927e+15  0     
   3395.3574  9.72721e-18  6.17175e-17  6.95546e-18     915   111.300  3.63759e+15  0     
   3397.3936  1.20423e-17  5.90562e-17  6.90902e-18     916   111.303  3.66470e+15  0     
   3399.4299  1.66524e-17  5.89488e-17  6.99452e-18     917   111.307  3.69198e+15  0     
   3401.4670  2.08717e-17  5.72408e-17  7.02496e-18     918   111.311  3.71941e+15  0     
   3403.5044  2.27930e-17  5.47559e-17  6.97342e-18     919   111.315  3.74711e+15  0     
   3405.5425  8.55179e-18  5.48349e-17  6.54963e-18     920   111.319  3.77591e+15  0     
   3407.5808  1.18359e-17  5.02395e-17  6.47558e-18     921   111.322  3.80560e+15  0     
   3409.6196  2.77268e-17  4.73362e-17  6.79213e-18     922   111.326  3.83709e+15  0     
   3411.6592  1.71401e-17  4.99010e-17  6.53378e-18     923   111.330  3.87073e+15  0     
   3413.6990  2.82948e-17  5.57080e-17  6.94076e-18     924   111.334  3.90572e+15  0     
   3415.7393  2.19486e-17  5.19459e-17  6.63456e-18     925   111.338  3.94102e+15  0     
   3417.7800  1.32709e-17  5.39186e-17  6.41256e-18     926   111.342  3.97671e+15  0     
   3419.8213  2.08302e-17  5.88140e-17  6.70192e-18     927   111.345  4.01208e+15  0     
   3421.8628  2.18244e-17  5.62619e-17  6.62085e-18     928   111.349  4.04762e+15  0     
   3423.9050  1.38630e-17  5.58681e-17  6.36062e-18     929   111.353  4.08370e+15  0     
   3425.9478  1.56214e-17  6.41096e-17  6.58144e-18     930   111.357  4.12073e+15  0     
   3427.9907  1.25459e-17  6.01918e-17  6.35888e-18     931   111.361  4.15873e+15  0     
   3430.0344  2.21157e-17  6.33871e-17  6.64561e-18     932   111.365  4.19565e+15  0     
   3432.0784  2.84696e-17  5.76408e-17  6.62289e-18     933   111.369  4.23106e+15  0     
   3434.1228  1.22781e-17  6.13999e-17  6.27034e-18     934   111.373  4.26692e+15  0     
   3436.1677  1.51352e-17  6.25504e-17  6.33515e-18     935   111.376  4.30450e+15  0     
   3438.2134  2.08258e-17  6.30308e-17  6.44986e-18     936   111.380  4.34447e+15  0     
   3440.2590  1.78222e-17  6.30171e-17  6.33336e-18     937   111.384  4.38609e+15  0     
   3442.3054  1.46984e-17  5.52852e-17  6.01736e-18     938   111.388  4.42639e+15  0     
   3444.3523  1.39694e-17  5.15459e-17  5.86464e-18     939   111.392  4.46404e+15  0     
   3446.3994  1.19562e-17  5.06677e-17  5.75440e-18     940   111.396  4.50027e+15  0     
   3448.4473  2.28828e-17  5.17064e-17  6.03457e-18     941   111.400  4.53528e+15  0     
   3450.4954  4.47447e-18  6.12536e-17  5.77669e-18     942   111.404  4.56743e+15  0     
   3452.5439  1.57280e-17  6.85781e-17  6.21900e-18     943   111.408  4.59764e+15  0     
   3454.5930  2.01115e-17  7.52871e-17  6.45637e-18     944   111.412  4.62631e+15  0     
   3456.6426  2.42762e-17  7.28141e-17  6.46970e-18     945   111.416  4.65464e+15  0     
   3458.6924  1.94940e-17  6.58038e-17  6.16645e-18     946   111.419  4.68330e+15  0     
   3460.7429  1.34890e-17  6.19518e-17  5.90034e-18     947   111.423  4.71173e+15  0     
   3462.7937  2.19476e-17  6.14224e-17  6.07096e-18     948   111.427  4.73986e+15  0     
   3464.8450  2.00763e-17  6.01921e-17  5.97136e-18     949   111.431  4.76857e+15  0     
   3466.8967  1.32042e-17  5.27720e-17  5.58742e-18     950   111.435  4.79875e+15  0     
   3468.9490  1.62639e-17  5.55907e-17  5.71193e-18     951   111.439  4.83042e+15  0     
   3471.0017  1.43880e-17  5.38655e-17  5.59390e-18     952   111.443  4.86384e+15  0     
   3473.0547  1.56196e-17  5.16160e-17  5.54006e-18     953   111.447  4.89929e+15  0     
   3475.1084  9.26473e-18  5.11226e-17  5.33436e-18     954   111.451  4.93545e+15  0     
   3477.1624  1.96683e-17  5.28069e-17  5.61667e-18     955   111.455  4.97110e+15  0     
   3479.2168  1.10756e-17  6.42675e-17  5.66054e-18     956   111.459  5.00636e+15  0     
   3481.2717  1.23106e-17  7.97329e-17  6.02867e-18     957   111.463  5.04117e+15  0     
   3483.3269  1.31852e-17  8.63355e-17  6.16962e-18     958   111.467  5.07624e+15  0     
   3485.3828  1.22449e-17  8.75035e-17  6.14826e-18     959   111.471  5.11026e+15  0     
   3487.4390  1.39383e-17  7.61256e-17  5.90561e-18     960   111.475  5.14316e+15  0     
   3489.4956  8.95905e-18  6.88878e-17  5.59630e-18     961   111.479  5.17494e+15  0     
   3491.5527  1.03172e-17  6.83441e-17  5.59412e-18     962   111.483  5.20513e+15  0     
   3493.6101  1.82646e-17  6.21113e-17  5.61421e-18     963   111.487  5.23410e+15  0     
   3495.6682  2.25637e-17  5.56487e-17  5.54310e-18     964   111.491  5.26215e+15  0     
   3497.7266  2.63652e-17  5.22724e-17  5.53507e-18     965   111.495  5.28819e+15  0     
   3499.7854  2.19974e-17  5.28848e-17  5.42848e-18     966   111.499  5.31266e+15  0     
   3501.8447  1.83293e-17  4.95946e-17  5.24189e-18     967   111.503  5.33713e+15  0     
   3503.9043  2.40692e-17  4.96610e-17  5.36651e-18     968   111.507  5.36326e+15  0     
   3505.9646  1.77101e-17  4.86582e-17  5.16735e-18     969   111.511  5.39155e+15  0     
   3508.0251  1.87901e-17  5.10017e-17  5.23284e-18     970   111.515  5.42086e+15  0     
   3510.0862  1.71838e-17  5.67146e-17  5.31349e-18     971   111.520  5.44984e+15  0     
   3512.1477  1.65880e-17  5.15217e-17  5.15421e-18     972   111.524  5.47898e+15  0     
   3514.2095  2.40362e-17  4.85896e-17  5.24398e-18     973   111.528  5.51051e+15  0     
   3516.2717  2.04119e-17  4.95514e-17  5.15969e-18     974   111.532  5.54222e+15  0     
   3518.3345  8.78152e-18  4.67951e-17  4.77875e-18     975   111.536  5.57360e+15  0     
   3520.3977  1.81986e-17  4.63027e-17  4.98834e-18     976   111.540  5.60277e+15  0     
   3522.4612  1.76552e-17  4.94629e-17  5.03607e-18     977   111.544  5.63065e+15  0     
   3524.5254  1.89919e-17  4.39777e-17  4.91700e-18     978   111.548  5.65829e+15  0     
   3526.5896  1.95003e-17  4.38672e-17  4.91125e-18     979   111.552  5.68491e+15  0     
   3528.6545  2.56688e-17  4.01356e-17  4.95619e-18     980   111.556  5.71095e+15  0     
   3530.7200  1.62003e-17  4.39822e-17  4.80144e-18     981   111.560  5.73675e+15  0     
   3532.7856  1.53251e-17  4.51239e-17  4.79353e-18     982   111.564  5.76239e+15  0     
   3534.8518  1.99072e-17  4.58848e-17  4.91167e-18     983   111.569  5.78743e+15  0     
   3536.9182  1.57361e-17  4.46155e-17  4.76364e-18     984   111.573  5.81107e+15  0     
   3538.9854  2.10470e-17  4.88984e-17  4.98513e-18     985   111.577  5.83455e+15  0     
   3541.0527  1.93249e-17  5.78154e-17  5.13957e-18     986   111.581  5.85970e+15  0     
   3543.1206  2.54133e-17  6.98790e-17  5.52664e-18     987   111.585  5.88606e+15  0     
   3545.1887  1.83677e-17  8.14175e-17  5.60525e-18     988   111.589  5.91371e+15  0     
   3547.2573  8.43043e-18  8.34378e-17  5.42122e-18     989   111.593  5.94064e+15  0     
   3549.3264  1.85079e-17  7.83010e-17  5.51110e-18     990   111.597  5.96738e+15  0     
   3551.3960  1.96870e-17  7.33159e-17  5.41547e-18     991   111.602  5.99299e+15  0     
   3553.4658  1.71325e-17  7.43378e-17  5.36912e-18     992   111.606  6.01670e+15  0     
   3555.5361  1.84441e-17  7.59499e-17  5.41895e-18     993   111.610  6.03900e+15  0     
   3557.6069  1.80009e-17  7.37766e-17  5.35122e-18     994   111.614  6.06024e+15  0     
   3559.6780  1.93441e-17  6.96144e-17  5.27951e-18     995   111.618  6.08013e+15  0     
   3561.7498  2.06501e-17  6.41023e-17  5.17771e-18     996   111.622  6.09848e+15  0     
   3563.8218  1.79449e-17  6.41825e-17  5.11053e-18     997   111.627  6.11543e+15  0     
   3565.8940  1.69256e-17  5.80985e-17  4.94262e-18     998   111.631  6.12974e+15  0     
   3567.9668  1.71153e-17  5.61329e-17  4.89580e-18     999   111.635  6.14114e+15  0     
   3570.0400  2.17597e-17  4.72869e-17  4.79249e-18    1000   111.639  6.15138e+15  0     
   3572.1138  1.78566e-17  4.98055e-17  4.75431e-18    1001   111.643  6.16206e+15  0     
   3574.1877  1.63180e-17  4.57460e-17  4.61344e-18    1002   111.648  6.17453e+15  0     
   3576.2622  2.88182e-17  4.44911e-17  4.87189e-18    1003   111.652  6.19007e+15  0     
   3578.3369  2.02691e-17  4.41258e-17  4.65202e-18    1004   111.656  6.21014e+15  0     
   3580.4121  2.53276e-17  4.00879e-17  4.66492e-18    1005   111.660  6.23329e+15  0     
   3582.4878  1.72659e-17  4.02753e-17  4.46062e-18    1006   111.664  6.25859e+15  0     
   3584.5640  2.12932e-17  3.65571e-17  4.45644e-18    1007   111.669  6.28319e+15  0     
   3586.6404  2.51428e-17  3.57602e-17  4.51954e-18    1008   111.673  6.30794e+15  0     
   3588.7173  1.99864e-17  3.46288e-17  4.35146e-18    1009   111.677  6.33390e+15  0     
   3590.7944  1.56011e-17  3.79097e-17  4.31074e-18    1010   111.681  6.36135e+15  0     
   3592.8723  1.84478e-17  3.80561e-17  4.37280e-18    1011   111.686  6.38942e+15  0     
   3594.9502  2.47033e-17  3.77658e-17  4.50515e-18    1012   111.690  6.41807e+15  0     
   3597.0288  1.87157e-17  3.85956e-17  4.36652e-18    1013   111.694  6.44636e+15  0     
   3599.1077  1.09181e-17  3.91911e-17  4.17311e-18    1014   111.698  6.47308e+15  0     
   3601.1870  1.34063e-17  3.88989e-17  4.21689e-18    1015   111.703  6.50061e+15  0     
   3603.2666  2.33230e-17  3.75755e-17  4.41641e-18    1016   111.707  6.52891e+15  0     
   3605.3467  2.41445e-17  3.66258e-17  4.40075e-18    1017   111.711  6.55684e+15  0     
   3607.4270  1.86186e-17  3.68266e-17  4.25873e-18    1018   111.715  6.58397e+15  0     
   3609.5078  2.01838e-17  3.28898e-17  4.18805e-18    1019   111.720  6.61059e+15  0     
   3611.5891  1.83789e-17  3.63160e-17  4.21704e-18    1020   111.724  6.63712e+15  0     
   3613.6709  1.34395e-17  3.54192e-17  4.05836e-18    1021   111.728  6.66390e+15  0     
   3615.7527  1.73636e-17  4.27844e-17  4.32668e-18    1022   111.732  6.69139e+15  0     
   3617.8352  1.67108e-17  4.73959e-17  4.40821e-18    1023   111.737  6.71992e+15  0     
   3619.9180  1.75824e-17  5.05238e-17  4.48797e-18    1024   111.741  6.74986e+15  0     
   3622.0012  1.39141e-17  5.10449e-17  4.40144e-18    1025   111.745  6.78209e+15  0     
   3624.0847  1.84664e-17  4.88236e-17  4.44049e-18    1026   111.750  6.81685e+15  0     
   3626.1687  1.72733e-17  4.93840e-17  4.40936e-18    1027   111.754  6.85617e+15  0     
   3628.2532  1.72499e-17  4.85738e-17  4.37253e-18    1028   111.758  6.89857e+15  0     
   3630.3379  1.22831e-17  5.12441e-17  4.30170e-18    1029   111.763  6.94164e+15  0     
   3632.4231  2.36618e-17  5.13138e-17  4.54218e-18    1030   111.767  6.98470e+15  0     
   3634.5085  1.51547e-17  5.20956e-17  4.35286e-18    1031   111.771  7.02669e+15  0     
   3636.5945  2.44087e-17  5.57243e-17  4.61855e-18    1032   111.776  7.06906e+15  0     
   3638.6809  2.24398e-17  5.31454e-17  4.50351e-18    1033   111.780  7.11175e+15  0     
   3640.7676  2.16722e-17  5.49240e-17  4.50827e-18    1034   111.784  7.15434e+15  0     
   3642.8545  1.74433e-17  5.39215e-17  4.37758e-18    1035   111.789  7.19675e+15  0     
   3644.9421  1.35974e-17  4.95230e-17  4.17641e-18    1036   111.793  7.23767e+15  0     
   3647.0298  1.46331e-17  4.69652e-17  4.12692e-18    1037   111.797  7.27616e+15  0     
   3649.1182  1.38317e-17  4.33737e-17  4.01072e-18    1038   111.802  7.31269e+15  0     
   3651.2068  1.70115e-17  4.27157e-17  4.05772e-18    1039   111.806  7.34635e+15  0     
   3653.2957  2.26867e-17  4.18552e-17  4.15650e-18    1040   111.810  7.37876e+15  0     
   3655.3850  1.80068e-17  4.21180e-17  4.04292e-18    1041   111.815  7.41311e+15  0     
   3657.4749  2.17193e-17  4.52825e-17  4.18611e-18    1042   111.819  7.44928e+15  0     
   3659.5649  1.45509e-17  4.60143e-17  4.02720e-18    1043   111.823  7.48614e+15  0     
   3661.6555  2.59859e-17  4.60293e-17  4.26965e-18    1044   111.828  7.52257e+15  0     
   3663.7461  2.02262e-17  4.73320e-17  4.15928e-18    1045   111.832  7.55891e+15  0     
   3665.8374  1.39714e-17  4.41851e-17  3.93408e-18    1046   111.837  7.59427e+15  0     
   3667.9290  2.50855e-17  4.24120e-17  4.13358e-18    1047   111.841  7.62857e+15  0     
   3670.0210  1.11512e-17  4.14323e-17  3.77971e-18    1048   111.845  7.66253e+15  0     
   3672.1133  2.62040e-17  3.82887e-17  4.04330e-18    1049   111.850  7.69767e+15  0     
   3674.2061  1.62505e-17  3.98748e-17  3.84033e-18    1050   111.854  7.73345e+15  0     
   3676.2993  1.78437e-17  3.94351e-17  3.85589e-18    1051   111.859  7.76807e+15  0     
   3678.3926  1.41028e-17  3.84466e-17  3.73416e-18    1052   111.863  7.80086e+15  0     
   3680.4866  1.06953e-17  3.66041e-17  3.59699e-18    1053   111.867  7.83253e+15  0     
   3682.5808  1.84737e-17  3.62407e-17  3.76532e-18    1054   111.872  7.86414e+15  0     
   3684.6753  1.56648e-17  3.26821e-17  3.60292e-18    1055   111.876  7.89652e+15  0     
   3686.7703  1.88563e-17  3.39672e-17  3.70042e-18    1056   111.881  7.92928e+15  0     
   3688.8655  1.86063e-17  3.52963e-17  3.71567e-18    1057   111.885  7.96230e+15  0     
   3690.9612  1.56438e-17  3.73961e-17  3.68514e-18    1058   111.890  7.99576e+15  0     
   3693.0571  1.58654e-17  3.72318e-17  3.67666e-18    1059   111.894  8.02813e+15  0     
   3695.1536  2.04546e-17  3.62068e-17  3.75008e-18    1060   111.898  8.05930e+15  0     
   3697.2505  2.12494e-17  4.09625e-17  3.86651e-18    1061   111.903  8.08851e+15  0     
   3699.3474  1.47346e-17  4.57188e-17  3.81874e-18    1062   111.907  8.11656e+15  0     
   3701.4451  2.11242e-17  4.94088e-17  4.02954e-18    1063   111.912  8.14440e+15  0     
   3703.5430  2.06820e-17  5.22270e-17  4.07068e-18    1064   111.916  8.17266e+15  0     
   3705.6411  2.15562e-17  4.57497e-17  3.94292e-18    1065   111.921  8.20229e+15  0     
   3707.7395  2.04169e-17  4.71630e-17  3.93915e-18    1066   111.925  8.23410e+15  0     
   3709.8386  1.88926e-17  4.42942e-17  3.83372e-18    1067   111.930  8.26851e+15  0     
   3711.9380  1.92947e-17  4.16346e-17  3.77296e-18    1068   111.934  8.30599e+15  0     
   3714.0376  1.58024e-17  4.36850e-17  3.72964e-18    1069   111.939  8.34486e+15  0     
   3716.1375  1.50969e-17  4.16138e-17  3.65615e-18    1070   111.943  8.38364e+15  0     
   3718.2378  1.76253e-17  4.19245e-17  3.70916e-18    1071   111.948  8.42146e+15  0     
   3720.3386  1.69967e-17  3.63918e-17  3.55898e-18    1072   111.952  8.45968e+15  0     
   3722.4397  2.00075e-17  3.27569e-17  3.53382e-18    1073   111.957  8.49898e+15  0     
   3724.5410  1.96992e-17  3.58751e-17  3.58784e-18    1074   111.961  8.53684e+15  0     
   3726.6428  2.10168e-17  3.88398e-17  3.67376e-18    1075   111.966  8.57273e+15  0     
   3728.7451  1.62750e-17  4.41943e-17  3.67742e-18    1076   111.970  8.60858e+15  0     
   3730.8474  1.71341e-17  4.68123e-17  3.74261e-18    1077   111.975  8.64602e+15  0     
   3732.9502  1.56855e-17  4.67651e-17  3.69949e-18    1078   111.979  8.68606e+15  0     
   3735.0535  1.43764e-17  4.51436e-17  3.62422e-18    1079   111.984  8.72877e+15  0     
   3737.1570  1.67132e-17  4.95569e-17  3.75744e-18    1080   111.988  8.77330e+15  0     
   3739.2610  1.73913e-17  5.28328e-17  3.82764e-18    1081   111.993  8.81822e+15  0     
   3741.3650  1.57810e-17  5.50013e-17  3.82738e-18    1082   111.997  8.86173e+15  0     
   3743.4697  1.93466e-17  5.23699e-17  3.83524e-18    1083   112.002  8.90362e+15  0     
   3745.5747  2.44457e-17  4.81125e-17  3.84199e-18    1084   112.006  8.94234e+15  0     
   3747.6799  1.93779e-17  4.29143e-17  3.61864e-18    1085   112.011  8.98115e+15  0     
   3749.7854  2.07941e-17  4.20838e-17  3.62044e-18    1086   112.016  9.02320e+15  0     
   3751.8914  1.92813e-17  3.97145e-17  3.52583e-18    1087   112.020  9.06794e+15  0     
   3753.9978  1.92081e-17  4.43566e-17  3.61155e-18    1088   112.025  9.11652e+15  0     
   3756.1045  1.74371e-17  4.17958e-17  3.50685e-18    1089   112.029  9.16624e+15  0     
   3758.2114  1.82466e-17  4.01434e-17  3.47695e-18    1090   112.034  9.21455e+15  0     
   3760.3186  1.83388e-17  3.77541e-17  3.41633e-18    1091   112.038  9.25870e+15  0     
   3762.4265  1.89846e-17  3.66160e-17  3.39688e-18    1092   112.043  9.29547e+15  0     
   3764.5344  2.02477e-17  3.57802e-17  3.39985e-18    1093   112.048  9.32294e+15  0     
   3766.6426  2.19028e-17  3.28543e-17  3.36668e-18    1094   112.052  9.34546e+15  0     
   3768.7515  1.78215e-17  3.32297e-17  3.27892e-18    1095   112.057  9.36728e+15  0     
   3770.8604  1.72113e-17  3.41067e-17  3.27994e-18    1096   112.061  9.38930e+15  0     
   3772.9697  1.77192e-17  3.77922e-17  3.36811e-18    1097   112.066  9.41142e+15  0     
   3775.0796  1.77012e-17  3.88999e-17  3.38680e-18    1098   112.071  9.43363e+15  0     
   3777.1895  1.95708e-17  4.12998e-17  3.47309e-18    1099   112.075  9.45643e+15  0     
   3779.2998  1.79615e-17  4.01596e-17  3.40883e-18    1100   112.080  9.48111e+15  0     
   3781.4106  1.97471e-17  4.08792e-17  3.45611e-18    1101   112.084  9.50786e+15  0     
   3783.5215  2.06491e-17  3.96355e-17  3.44232e-18    1102   112.089  9.53658e+15  0     
   3785.6331  2.19770e-17  3.59741e-17  3.38584e-18    1103   112.094  9.56667e+15  0     
   3787.7446  1.51273e-17  3.83686e-17  3.28232e-18    1104   112.098  9.59683e+15  0     
   3789.8567  1.66497e-17  3.57009e-17  3.25092e-18    1105   112.103  9.62460e+15  0     
   3791.9690  1.22473e-17  3.75329e-17  3.18817e-18    1106   112.107  9.64877e+15  0     
   3794.0818  2.03425e-17  3.96423e-17  3.40638e-18    1107   112.112  9.66857e+15  0     
   3796.1948  1.53119e-17  3.77624e-17  3.25373e-18    1108   112.117  9.68570e+15  0     
   3798.3081  1.93282e-17  3.38728e-17  3.25328e-18    1109   112.121  9.70078e+15  0     
   3800.4219  2.63305e-17  3.53069e-17  3.43100e-18    1110   112.126  9.71388e+15  0     
   3802.5359  2.10162e-17  3.40248e-17  3.28840e-18    1111   112.131  9.72449e+15  0     
   3804.6501  1.73537e-17  3.51887e-17  3.23181e-18    1112   112.135  9.73329e+15  0     
   3806.7649  2.09066e-17  3.61740e-17  3.32851e-18    1113   112.140  9.74245e+15  0     
   3808.8796  1.75386e-17  3.56500e-17  3.24194e-18    1114   112.145  9.75253e+15  0     
   3810.9951  2.11763e-17  3.59518e-17  3.32492e-18    1115   112.149  9.76377e+15  0     
   3813.1106  2.34575e-17  3.95535e-17  3.44650e-18    1116   112.154  9.77275e+15  0     
   3815.2266  1.87547e-17  4.01781e-17  3.35978e-18    1117   112.159  9.78007e+15  0     
   3817.3430  1.86612e-17  4.11835e-17  3.37742e-18    1118   112.163  9.78730e+15  0     
   3819.4595  1.59181e-17  4.11645e-17  3.31791e-18    1119   112.168  9.79189e+15  0     
   3821.5764  1.67306e-17  3.98778e-17  3.30716e-18    1120   112.173  9.79472e+15  0     
   3823.6936  2.27164e-17  3.67324e-17  3.36689e-18    1121   112.177  9.79755e+15  0     
   3825.8113  1.90530e-17  3.51360e-17  3.25342e-18    1122   112.182  9.80155e+15  0     
   3827.9290  2.25665e-17  3.69846e-17  3.36661e-18    1123   112.187  9.80887e+15  0     
   3830.0471  2.37072e-17  4.56858e-17  3.56532e-18    1124   112.192  9.81893e+15  0     
   3832.1658  2.43328e-17  4.73392e-17  3.60752e-18    1125   112.196  9.83104e+15  0     
   3834.2844  2.27423e-17  4.91687e-17  3.60877e-18    1126   112.201  9.84636e+15  0     
   3836.4038  2.06208e-17  4.71072e-17  3.52210e-18    1127   112.206  9.86442e+15  0     
   3838.5232  2.58027e-17  4.13457e-17  3.50704e-18    1128   112.210  9.88024e+15  0     
   3840.6428  2.31449e-17  3.85400e-17  3.39238e-18    1129   112.215  9.89615e+15  0     
   3842.7629  2.19267e-17  4.11185e-17  3.41638e-18    1130   112.220  9.91490e+15  0     
   3844.8833  2.11481e-17  4.14688e-17  3.40309e-18    1131   112.225  9.93589e+15  0     
   3847.0042  1.77415e-17  4.25145e-17  3.34948e-18    1132   112.229  9.95854e+15  0     
   3849.1250  2.44150e-17  4.15207e-17  3.46079e-18    1133   112.234  9.98148e+15  0     
   3851.2463  2.20635e-17  3.68315e-17  3.31105e-18    1134   112.239  1.00064e+16  0     
   3853.3679  1.92834e-17  3.77170e-17  3.26545e-18    1135   112.243  1.00338e+16  0     
   3855.4900  2.37207e-17  3.70205e-17  3.33802e-18    1136   112.248  1.00617e+16  0     
   3857.6123  2.30139e-17  3.50496e-17  3.27620e-18    1137   112.253  1.00910e+16  0     
   3859.7349  2.32730e-17  3.27898e-17  3.22752e-18    1138   112.258  1.01226e+16  0     
   3861.8577  1.72468e-17  3.33486e-17  3.10235e-18    1139   112.263  1.01572e+16  0     
   3863.9807  2.26580e-17  3.50918e-17  3.24818e-18    1140   112.267  1.01972e+16  0     
   3866.1042  1.73463e-17  3.56032e-17  3.13700e-18    1141   112.272  1.02429e+16  0     
   3868.2280  2.07532e-17  3.49811e-17  3.18729e-18    1142   112.277  1.02906e+16  0     
   3870.3523  2.21479e-17  3.17453e-17  3.13848e-18    1143   112.282  1.03404e+16  0     
   3872.4766  1.80760e-17  3.07591e-17  3.01827e-18    1144   112.286  1.03939e+16  0     
   3874.6013  1.14000e-17  3.17689e-17  2.87990e-18    1145   112.291  1.04503e+16  0     
   3876.7263  1.74139e-17  3.22821e-17  3.01594e-18    1146   112.296  1.05091e+16  0     
   3878.8516  1.98717e-17  3.19035e-17  3.05000e-18    1147   112.301  1.05697e+16  0     
   3880.9771  2.31651e-17  3.12057e-17  3.09406e-18    1148   112.306  1.06313e+16  0     
   3883.1030  1.91015e-17  2.96678e-17  2.96239e-18    1149   112.310  1.06935e+16  0     
   3885.2292  2.60347e-17  2.90618e-17  3.08690e-18    1150   112.315  1.07549e+16  0     
   3887.3557  1.86461e-17  2.93478e-17  2.92427e-18    1151   112.320  1.08142e+16  0     
   3889.4824  1.56079e-17  2.91777e-17  2.84314e-18    1152   112.325  1.08719e+16  0     
   3891.6096  2.05109e-17  2.96286e-17  2.95113e-18    1153   112.330  1.09292e+16  0     
   3893.7371  2.25401e-17  3.18133e-17  3.03054e-18    1154   112.334  1.09866e+16  0     
   3895.8645  2.29518e-17  3.11598e-17  3.01559e-18    1155   112.339  1.10443e+16  0     
   3897.9927  2.46903e-17  3.26725e-17  3.07291e-18    1156   112.344  1.11007e+16  0     
   3900.1208  2.35667e-17  3.48069e-17  3.08391e-18    1157   112.349  1.11562e+16  0     
   3902.2495  1.92387e-17  3.47096e-17  2.98442e-18    1158   112.354  1.12091e+16  0     
   3904.3784  2.12361e-17  3.83356e-17  3.09041e-18    1159   112.358  1.12595e+16  0     
   3906.5076  2.22318e-17  4.09813e-17  3.15375e-18    1160   112.363  1.13092e+16  0     
   3908.6370  1.84955e-17  4.38293e-17  3.12820e-18    1161   112.368  1.13578e+16  0     
   3910.7666  2.00884e-17  4.54779e-17  3.18279e-18    1162   112.373  1.14058e+16  0     
   3912.8967  2.69034e-17  4.60866e-17  3.31321e-18    1163   112.378  1.14552e+16  0     
   3915.0271  1.89134e-17  4.48269e-17  3.13118e-18    1164   112.383  1.15048e+16  0     
   3917.1577  2.44748e-17  4.12923e-17  3.16193e-18    1165   112.388  1.15534e+16  0     
   3919.2886  2.29598e-17  3.80558e-17  3.06256e-18    1166   112.392  1.16011e+16  0     
   3921.4197  2.25468e-17  3.40971e-17  2.96862e-18    1167   112.397  1.16472e+16  0     
   3923.5510  2.17878e-17  3.37707e-17  2.93947e-18    1168   112.402  1.16939e+16  0     
   3925.6829  1.74355e-17  3.03715e-17  2.77156e-18    1169   112.407  1.17399e+16  0     
   3927.8149  2.60419e-17  2.97262e-17  2.92984e-18    1170   112.412  1.17835e+16  0     
   3929.9473  1.81497e-17  2.86140e-17  2.73680e-18    1171   112.417  1.18238e+16  0     
   3932.0798  2.03899e-17  2.51234e-17  2.70424e-18    1172   112.422  1.18623e+16  0     
   3934.2126  2.23291e-17  2.27846e-17  2.69049e-18    1173   112.426  1.18977e+16  0     
   3936.3459  1.78145e-17  2.48812e-17  2.63295e-18    1174   112.431  1.19298e+16  0     
   3938.4792  2.29178e-17  2.85940e-17  2.81701e-18    1175   112.436  1.19579e+16  0     
   3940.6130  2.11077e-17  3.34963e-17  2.87643e-18    1176   112.441  1.19823e+16  0     
   3942.7471  2.11746e-17  3.56707e-17  2.91814e-18    1177   112.446  1.20030e+16  0     
   3944.8813  2.34430e-17  3.57257e-17  2.96140e-18    1178   112.451  1.20193e+16  0     
   3947.0159  2.28331e-17  3.79925e-17  2.99172e-18    1179   112.456  1.20314e+16  0     
   3949.1509  1.99876e-17  3.76382e-17  2.92796e-18    1180   112.461  1.20406e+16  0     
   3951.2859  1.67123e-17  3.76184e-17  2.86141e-18    1181   112.466  1.20468e+16  0     
   3953.4214  2.15634e-17  3.56751e-17  2.91881e-18    1182   112.471  1.20507e+16  0     
   3955.5569  2.00492e-17  3.50480e-17  2.87588e-18    1183   112.476  1.20532e+16  0     
   3957.6929  2.26733e-17  3.35758e-17  2.89867e-18    1184   112.480  1.20545e+16  0     
   3959.8291  2.37455e-17  3.33059e-17  2.91366e-18    1185   112.485  1.20606e+16  0     
   3961.9658  2.11415e-17  3.15238e-17  2.82407e-18    1186   112.490  1.20715e+16  0     
   3964.1023  1.60925e-17  2.91013e-17  2.66591e-18    1187   112.495  1.20831e+16  0     
   3966.2395  1.25399e-17  2.45369e-17  2.48359e-18    1188   112.500  1.20918e+16  0     
   3968.3767  2.27714e-17  2.34027e-17  2.68523e-18    1189   112.505  1.20954e+16  0     
   3970.5144  2.30935e-17  2.33163e-17  2.69031e-18    1190   112.510  1.20950e+16  0     
   3972.6523  1.83535e-17  2.56592e-17  2.63898e-18    1191   112.515  1.20927e+16  0     
   3974.7903  1.89370e-17  2.85316e-17  2.71375e-18    1192   112.520  1.20885e+16  0     
   3976.9287  2.02321e-17  3.31730e-17  2.83721e-18    1193   112.525  1.20844e+16  0     
   3979.0674  1.58501e-17  3.59219e-17  2.80359e-18    1194   112.530  1.20868e+16  0     
   3981.2065  1.89191e-17  3.77752e-17  2.90141e-18    1195   112.535  1.20958e+16  0     
   3983.3457  2.17549e-17  3.71004e-17  2.94209e-18    1196   112.540  1.21076e+16  0     
   3985.4851  2.20392e-17  3.61785e-17  2.92761e-18    1197   112.545  1.21215e+16  0     
   3987.6250  1.64894e-17  3.58114e-17  2.80716e-18    1198   112.550  1.21372e+16  0     
   3989.7649  1.69887e-17  3.66202e-17  2.83115e-18    1199   112.555  1.21549e+16  0     
   3991.9053  1.93005e-17  3.82616e-17  2.90696e-18    1200   112.560  1.21745e+16  0     
   3994.0457  2.25377e-17  3.62773e-17  2.92830e-18    1201   112.565  1.21960e+16  0     
   3996.1865  2.07921e-17  3.65540e-17  2.89623e-18    1202   112.570  1.22191e+16  0     
   3998.3276  1.99818e-17  3.67068e-17  2.87972e-18    1203   112.575  1.22439e+16  0     
   4000.4690  2.12957e-17  3.76716e-17  2.92045e-18    1204   112.580  1.22702e+16  0     
   4002.6106  1.77563e-17  3.80476e-17  2.85457e-18    1205   112.585  1.22977e+16  0     
   4004.7524  1.61645e-17  3.80146e-17  2.81822e-18    1206   112.590  1.23262e+16  0     
   4006.8945  1.30221e-17  3.89252e-17  2.76919e-18    1207   112.595  1.23554e+16  0     
   4009.0369  1.59232e-17  4.13728e-17  2.87150e-18    1208   112.600  1.23851e+16  0     
   4011.1794  2.10464e-17  4.18086e-17  2.97377e-18    1209   112.605  1.24147e+16  0     
   4013.3225  1.66868e-17  4.25242e-17  2.90029e-18    1210   112.610  1.24439e+16  0     
   4015.4656  2.03071e-17  4.26019e-17  2.96651e-18    1211   112.615  1.24723e+16  0     
   4017.6089  1.93906e-17  4.16973e-17  2.92798e-18    1212   112.620  1.25016e+16  0     
   4019.7527  2.16936e-17  4.30141e-17  2.99139e-18    1213   112.625  1.25328e+16  0     
   4021.8965  1.73984e-17  4.05432e-17  2.85891e-18    1214   112.630  1.25646e+16  0     
   4024.0408  2.34663e-17  3.94321e-17  2.94873e-18    1215   112.635  1.25963e+16  0     
   4026.1851  2.26998e-17  4.03233e-17  2.94660e-18    1216   112.640  1.26280e+16  0     
   4028.3298  2.05858e-17  3.94882e-17  2.88634e-18    1217   112.645  1.26620e+16  0     
   4030.4746  2.22266e-17  3.94765e-17  2.91206e-18    1218   112.650  1.26986e+16  0     
   4032.6199  1.53224e-17  3.82150e-17  2.74956e-18    1219   112.655  1.27354e+16  0     
   4034.7654  2.33390e-17  3.74939e-17  2.88544e-18    1220   112.660  1.27733e+16  0     
   4036.9109  1.99036e-17  3.90064e-17  2.84356e-18    1221   112.665  1.28136e+16  0     
   4039.0569  1.48984e-17  4.05720e-17  2.77169e-18    1222   112.670  1.28556e+16  0     
   4041.2031  2.20060e-17  4.38828e-17  2.96195e-18    1223   112.675  1.28982e+16  0     
   4043.3496  1.35947e-17  4.49726e-17  2.82032e-18    1224   112.680  1.29391e+16  0     
   4045.4963  2.30148e-17  4.58393e-17  3.00440e-18    1225   112.685  1.29779e+16  0     
   4047.6433  2.11894e-17  4.39621e-17  2.93268e-18    1226   112.690  1.30153e+16  0     
   4049.7903  2.21776e-17  4.37657e-17  2.94233e-18    1227   112.695  1.30504e+16  0     
   4051.9377  2.24548e-17  4.24484e-17  2.91903e-18    1228   112.700  1.30836e+16  0     
   4054.0854  1.96191e-17  4.31394e-17  2.87526e-18    1229   112.705  1.31180e+16  0     
   4056.2334  1.89793e-17  4.19133e-17  2.83608e-18    1230   112.711  1.31536e+16  0     
   4058.3816  2.67391e-17  3.95482e-17  2.93016e-18    1231   112.716  1.31886e+16  0     
   4060.5300  2.33907e-17  4.13102e-17  2.89685e-18    1232   112.721  1.32242e+16  0     
   4062.6787  2.28131e-17  4.33799e-17  2.91902e-18    1233   112.726  1.32605e+16  0     
   4064.8274  2.55699e-17  4.59272e-17  3.00791e-18    1234   112.731  1.32963e+16  0     
   4066.9766  2.32750e-17  4.70398e-17  2.98269e-18    1235   112.736  1.33313e+16  0     
   4069.1260  1.72850e-17  4.64671e-17  2.86131e-18    1236   112.741  1.33665e+16  0     
   4071.2756  2.37336e-17  4.30352e-17  2.91100e-18    1237   112.746  1.34019e+16  0     
   4073.4255  2.11599e-17  4.49649e-17  2.89496e-18    1238   112.751  1.34375e+16  0     
   4075.5757  2.06965e-17  4.42783e-17  2.86992e-18    1239   112.756  1.34726e+16  0     
   4077.7258  2.28955e-17  4.36899e-17  2.89430e-18    1240   112.761  1.35073e+16  0     
   4079.8765  1.99579e-17  4.40835e-17  2.84439e-18    1241   112.767  1.35421e+16  0     
   4082.0273  2.05578e-17  4.19599e-17  2.81263e-18    1242   112.772  1.35757e+16  0     
   4084.1782  2.38159e-17  4.27169e-17  2.88074e-18    1243   112.777  1.36075e+16  0     
   4086.3296  2.61301e-17  4.01422e-17  2.87239e-18    1244   112.782  1.36375e+16  0     
   4088.4812  2.66312e-17  4.19165e-17  2.90886e-18    1245   112.787  1.36660e+16  0     
   4090.6328  2.19466e-17  4.14027e-17  2.81316e-18    1246   112.792  1.36940e+16  0     
   4092.7849  2.35068e-17  4.12640e-17  2.83496e-18    1247   112.797  1.37244e+16  0     
   4094.9370  2.15628e-17  4.04552e-17  2.78158e-18    1248   112.802  1.37559e+16  0     
   4097.0894  2.34467e-17  3.91291e-17  2.78793e-18    1249   112.808  1.37872e+16  0     
   4099.2422  2.23740e-17  3.74552e-17  2.73435e-18    1250   112.813  1.38167e+16  0     
   4101.3950  2.55474e-17  3.45750e-17  2.73648e-18    1251   112.818  1.38443e+16  0     
   4103.5483  2.49345e-17  3.43647e-17  2.71828e-18    1252   112.823  1.38703e+16  0     
   4105.7017  1.89354e-17  3.43604e-17  2.60246e-18    1253   112.828  1.38958e+16  0     
   4107.8550  1.97115e-17  3.52022e-17  2.63043e-18    1254   112.833  1.39214e+16  0     
   4110.0093  2.29513e-17  3.77055e-17  2.73422e-18    1255   112.838  1.39467e+16  0     
   4112.1631  2.05776e-17  3.84038e-17  2.70062e-18    1256   112.844  1.39718e+16  0     
   4114.3174  2.31602e-17  3.81741e-17  2.74066e-18    1257   112.849  1.39968e+16  0     
   4116.4717  2.44150e-17  3.76197e-17  2.75029e-18    1258   112.854  1.40227e+16  0     
   4118.6265  2.36612e-17  3.79539e-17  2.73944e-18    1259   112.859  1.40510e+16  0     
   4120.7817  2.42185e-17  3.72330e-17  2.73282e-18    1260   112.864  1.40828e+16  0     
   4122.9370  2.31168e-17  3.91585e-17  2.74385e-18    1261   112.869  1.41157e+16  0     
   4125.0923  2.21041e-17  4.01918e-17  2.74032e-18    1262   112.875  1.41496e+16  0     
   4127.2480  1.93332e-17  4.04631e-17  2.69092e-18    1263   112.880  1.41871e+16  0     
   4129.4038  2.18398e-17  4.12227e-17  2.74510e-18    1264   112.885  1.42273e+16  0     
   4131.5596  2.21819e-17  4.01168e-17  2.72690e-18    1265   112.890  1.42677e+16  0     
   4133.7163  2.10971e-17  3.98678e-17  2.69861e-18    1266   112.895  1.43067e+16  0     
   4135.8726  2.36426e-17  4.14560e-17  2.76755e-18    1267   112.901  1.43455e+16  0     
   4138.0293  1.89947e-17  3.95603e-17  2.64618e-18    1268   112.906  1.43859e+16  0     
   4140.1865  2.21729e-17  4.18905e-17  2.74011e-18    1269   112.911  1.44280e+16  0     
   4142.3438  2.24875e-17  3.88311e-17  2.68663e-18    1270   112.916  1.44717e+16  0     
   4144.5010  2.58898e-17  3.59514e-17  2.69117e-18    1271   112.921  1.45153e+16  0     
   4146.6587  1.80607e-17  3.56314e-17  2.53755e-18    1272   112.927  1.45592e+16  0     
   4148.8164  2.12744e-17  3.69364e-17  2.61668e-18    1273   112.932  1.46006e+16  0     
   4150.9746  2.69708e-17  3.71199e-17  2.71724e-18    1274   112.937  1.46391e+16  0     
   4153.1328  2.28876e-17  3.70783e-17  2.64047e-18    1275   112.942  1.46745e+16  0     
   4155.2910  2.48813e-17  3.92466e-17  2.71044e-18    1276   112.947  1.47077e+16  0     
   4157.4502  2.05898e-17  4.19639e-17  2.67949e-18    1277   112.953  1.47392e+16  0     
   4159.6089  2.70096e-17  4.16417e-17  2.78135e-18    1278   112.958  1.47692e+16  0     
   4161.7681  1.64284e-17  4.15629e-17  2.59159e-18    1279   112.963  1.48007e+16  0     
   4163.9272  2.06261e-17  4.49826e-17  2.72248e-18    1280   112.968  1.48335e+16  0     
   4166.0869  2.25707e-17  4.41788e-17  2.73855e-18    1281   112.974  1.48659e+16  0     
   4168.2466  2.09807e-17  4.67544e-17  2.75175e-18    1282   112.979  1.48989e+16  0     
   4170.4067  1.98398e-17  4.64565e-17  2.72378e-18    1283   112.984  1.49316e+16  0     
   4172.5669  2.35655e-17  4.60624e-17  2.77678e-18    1284   112.989  1.49620e+16  0     
   4174.7275  2.32728e-17  4.36697e-17  2.72852e-18    1285   112.995  1.49904e+16  0     
   4176.8877  2.07498e-17  4.23795e-17  2.65994e-18    1286   113.000  1.50196e+16  0     
   4179.0488  2.33079e-17  4.08435e-17  2.67476e-18    1287   113.005  1.50472e+16  0     
   4181.2095  2.37086e-17  4.00917e-17  2.66588e-18    1288   113.010  1.50745e+16  0     
   4183.3711  2.44937e-17  3.92464e-17  2.66190e-18    1289   113.016  1.51029e+16  0     
   4185.5322  2.19090e-17  3.88243e-17  2.60655e-18    1290   113.021  1.51312e+16  0     
   4187.6938  2.02994e-17  3.71203e-17  2.54484e-18    1291   113.026  1.51583e+16  0     
   4189.8560  2.11137e-17  3.78196e-17  2.56933e-18    1292   113.031  1.51843e+16  0     
   4192.0181  2.17808e-17  3.66334e-17  2.55750e-18    1293   113.037  1.52102e+16  0     
   4194.1802  2.07947e-17  3.99521e-17  2.59619e-18    1294   113.042  1.52362e+16  0     
   4196.3428  2.35755e-17  3.79877e-17  2.60787e-18    1295   113.047  1.52621e+16  0     
   4198.5054  2.26096e-17  3.52607e-17  2.53999e-18    1296   113.052  1.52889e+16  0     
   4200.6680  2.12741e-17  3.40171e-17  2.49089e-18    1297   113.058  1.53151e+16  0     
   4202.8315  1.92033e-17  3.41950e-17  2.45391e-18    1298   113.063  1.53389e+16  0     
   4204.9946  2.40038e-17  3.36297e-17  2.52865e-18    1299   113.068  1.53613e+16  0     
   4207.1582  2.18812e-17  3.76636e-17  2.56035e-18    1300   113.074  1.53842e+16  0     
   4209.3218  1.85995e-17  3.68601e-17  2.48502e-18    1301   113.079  1.54076e+16  0     
   4211.4858  2.53797e-17  3.86766e-17  2.63394e-18    1302   113.084  1.54316e+16  0     
   4213.6499  2.25054e-17  3.83480e-17  2.57622e-18    1303   113.090  1.54563e+16  0     
   4215.8140  2.52878e-17  3.62371e-17  2.58543e-18    1304   113.095  1.54815e+16  0     
   4217.9785  2.36554e-17  3.39206e-17  2.51352e-18    1305   113.100  1.55072e+16  0     
   4220.1431  2.11278e-17  3.65888e-17  2.51351e-18    1306   113.105  1.55334e+16  0     
   4222.3081  2.65505e-17  3.49247e-17  2.57690e-18    1307   113.111  1.55601e+16  0     
   4224.4731  2.43254e-17  3.45285e-17  2.52850e-18    1308   113.116  1.55870e+16  0     
   4226.6382  2.28348e-17  3.21571e-17  2.45697e-18    1309   113.121  1.56143e+16  0     
   4228.8037  2.36155e-17  3.26550e-17  2.47744e-18    1310   113.127  1.56415e+16  0     
   4230.9692  2.33045e-17  3.34984e-17  2.48440e-18    1311   113.132  1.56689e+16  0     
   4233.1353  2.44277e-17  3.48197e-17  2.52505e-18    1312   113.137  1.56960e+16  0     
   4235.3013  2.07160e-17  3.30976e-17  2.42550e-18    1313   113.143  1.57229e+16  0     
   4237.4673  1.83861e-17  3.46676e-17  2.40919e-18    1314   113.148  1.57494e+16  0     
   4239.6338  2.19462e-17  3.40785e-17  2.46046e-18    1315   113.153  1.57766e+16  0     
   4241.8003  2.52790e-17  3.30633e-17  2.49871e-18    1316   113.159  1.58073e+16  0     
   4243.9673  2.23649e-17  3.44777e-17  2.46901e-18    1317   113.164  1.58418e+16  0     
   4246.1343  2.25592e-17  3.67344e-17  2.50876e-18    1318   113.169  1.58784e+16  0     
   4248.3013  2.53228e-17  3.67210e-17  2.55284e-18    1319   113.175  1.59146e+16  0     
   4250.4688  2.44028e-17  3.72175e-17  2.54215e-18    1320   113.180  1.59515e+16  0     
   4252.6362  2.00328e-17  3.62086e-17  2.44484e-18    1321   113.185  1.59897e+16  0     
   4254.8042  1.92883e-17  3.69847e-17  2.44200e-18    1322   113.191  1.60272e+16  0     
   4256.9722  2.08460e-17  3.66677e-17  2.46060e-18    1323   113.196  1.60640e+16  0     
   4259.1401  2.29974e-17  3.51738e-17  2.46893e-18    1324   113.201  1.60994e+16  0     
   4261.3086  2.61223e-17  3.61534e-17  2.53648e-18    1325   113.207  1.61336e+16  0     
   4263.4771  2.36640e-17  3.50527e-17  2.47237e-18    1326   113.212  1.61667e+16  0     
   4265.6455  2.27418e-17  3.63585e-17  2.47611e-18    1327   113.218  1.61992e+16  0     
   4267.8145  2.32078e-17  3.64578e-17  2.48296e-18    1328   113.223  1.62316e+16  0     
   4269.9834  2.36748e-17  3.61886e-17  2.48354e-18    1329   113.228  1.62632e+16  0     
   4272.1528  2.55094e-17  3.56923e-17  2.50361e-18    1330   113.234  1.62948e+16  0     
   4274.3218  2.22531e-17  3.34605e-17  2.40564e-18    1331   113.239  1.63262e+16  0     
   4276.4917  2.13183e-17  3.45830e-17  2.40607e-18    1332   113.244  1.63593e+16  0     
   4278.6616  2.24445e-17  3.51683e-17  2.43323e-18    1333   113.250  1.63919e+16  0     
   4280.8315  1.99325e-17  3.44996e-17  2.37457e-18    1334   113.255  1.64225e+16  0     
   4283.0015  2.07241e-17  3.44517e-17  2.38523e-18    1335   113.261  1.64524e+16  0     
   4285.1719  2.37071e-17  3.35408e-17  2.41910e-18    1336   113.266  1.64815e+16  0     
   4287.3423  2.10098e-17  3.31904e-17  2.36306e-18    1337   113.271  1.65093e+16  0     
   4289.5127  2.20701e-17  3.24984e-17  2.36728e-18    1338   113.277  1.65369e+16  0     
   4291.6836  2.30338e-17  3.25502e-17  2.38294e-18    1339   113.282  1.65637e+16  0     
   4293.8545  2.17761e-17  3.31051e-17  2.36826e-18    1340   113.288  1.65909e+16  0     
   4296.0259  2.47525e-17  3.42235e-17  2.43725e-18    1341   113.293  1.66177e+16  0     
   4298.1973  1.80092e-17  3.24314e-17  2.28418e-18    1342   113.298  1.66426e+16  0     
   4300.3687  2.39056e-17  3.12094e-17  2.36609e-18    1343   113.304  1.66656e+16  0     
   4302.5405  1.91635e-17  2.95029e-17  2.24786e-18    1344   113.309  1.66880e+16  0     
   4304.7124  2.36153e-17  2.94883e-17  2.32663e-18    1345   113.315  1.67114e+16  0     
   4306.8843  2.35011e-17  3.00223e-17  2.33206e-18    1346   113.320  1.67363e+16  0     
   4309.0566  2.40325e-17  3.02460e-17  2.34329e-18    1347   113.325  1.67624e+16  0     
   4311.2290  2.36488e-17  3.25681e-17  2.37546e-18    1348   113.331  1.67846e+16  0     
   4313.4014  2.17774e-17  3.51837e-17  2.38706e-18    1349   113.336  1.68007e+16  0     
   4315.5742  2.28958e-17  3.60254e-17  2.41981e-18    1350   113.342  1.68121e+16  0     
   4317.7471  2.26703e-17  3.90483e-17  2.46631e-18    1351   113.347  1.68212e+16  0     
   4319.9204  2.13062e-17  3.96280e-17  2.45234e-18    1352   113.353  1.68306e+16  0     
   4322.0938  2.44125e-17  4.23831e-17  2.54827e-18    1353   113.358  1.68397e+16  0     
   4324.2671  1.99486e-17  4.32865e-17  2.48922e-18    1354   113.363  1.68485e+16  0     
   4326.4404  2.14885e-17  3.55006e-17  2.38287e-18    1355   113.369  1.68568e+16  0     
   4328.6143  1.90901e-17  3.27022e-17  2.29068e-18    1356   113.374  1.68640e+16  0     
   4330.7881  2.32921e-17  3.47479e-17  2.39987e-18    1357   113.380  1.68700e+16  0     
   4332.9624  2.46291e-17  3.48736e-17  2.42430e-18    1358   113.385  1.68762e+16  0     
   4335.1367  1.99432e-17  3.50100e-17  2.34510e-18    1359   113.391  1.68849e+16  0     
   4337.3110  2.06830e-17  3.30814e-17  2.32336e-18    1360   113.396  1.68948e+16  0     
   4339.4858  2.63340e-17  3.23237e-17  2.40767e-18    1361   113.402  1.69033e+16  0     
   4341.6602  2.11800e-17  3.24082e-17  2.31884e-18    1362   113.407  1.69121e+16  0     
   4343.8350  2.11363e-17  3.31915e-17  2.33105e-18    1363   113.413  1.69225e+16  0     
   4346.0103  2.10737e-17  3.40169e-17  2.34365e-18    1364   113.418  1.69323e+16  0     
   4348.1855  2.13622e-17  3.50999e-17  2.36694e-18    1365   113.423  1.69394e+16  0     
   4350.3608  2.13450e-17  3.44595e-17  2.35496e-18    1366   113.429  1.69462e+16  0     
   4352.5366  2.25489e-17  3.39120e-17  2.36551e-18    1367   113.434  1.69566e+16  0     
   4354.7124  2.35394e-17  3.21444e-17  2.35081e-18    1368   113.440  1.69714e+16  0     
   4356.8882  2.42259e-17  3.44620e-17  2.40092e-18    1369   113.445  1.69910e+16  0     
   4359.0640  1.91974e-17  3.56059e-17  2.33218e-18    1370   113.451  1.70117e+16  0     
   4361.2402  2.42434e-17  3.54723e-17  2.41524e-18    1371   113.456  1.70285e+16  0     
   4363.4165  2.26799e-17  3.54075e-17  2.38653e-18    1372   113.462  1.70415e+16  0     
   4365.5933  2.06228e-17  3.63002e-17  2.36581e-18    1373   113.467  1.70509e+16  0     
   4367.7700  2.37841e-17  3.62148e-17  2.41760e-18    1374   113.473  1.70577e+16  0     
   4369.9468  2.25981e-17  3.48981e-17  2.37460e-18    1375   113.478  1.70637e+16  0     
   4372.1235  2.40708e-17  3.54348e-17  2.40825e-18    1376   113.484  1.70703e+16  0     
   4374.3008  1.92805e-17  3.40100e-17  2.30019e-18    1377   113.489  1.70788e+16  0     
   4376.4780  1.98032e-17  3.59216e-17  2.34198e-18    1378   113.495  1.70894e+16  0     
   4378.6553  2.10905e-17  3.60459e-17  2.36538e-18    1379   113.500  1.71014e+16  0     
   4380.8330  2.40357e-17  3.61654e-17  2.41635e-18    1380   113.506  1.71142e+16  0     
   4383.0107  1.93351e-17  3.45035e-17  2.30593e-18    1381   113.511  1.71283e+16  0     
   4385.1885  2.40536e-17  3.21376e-17  2.34568e-18    1382   113.517  1.71439e+16  0     
   4387.3667  2.43148e-17  3.23495e-17  2.35255e-18    1383   113.522  1.71597e+16  0     
   4389.5449  2.31977e-17  3.31421e-17  2.34565e-18    1384   113.528  1.71762e+16  0     
   4391.7231  2.38414e-17  3.38237e-17  2.36692e-18    1385   113.533  1.71943e+16  0     
   4393.9019  2.07365e-17  3.51461e-17  2.33472e-18    1386   113.539  1.72143e+16  0     
   4396.0806  2.02514e-17  3.57168e-17  2.33489e-18    1387   113.544  1.72307e+16  0     
   4398.2593  2.50105e-17  3.47998e-17  2.39919e-18    1388   113.550  1.72444e+16  0     
   4400.4380  2.17352e-17  3.62624e-17  2.36766e-18    1389   113.555  1.72557e+16  0     
   4402.6172  2.36915e-17  3.76638e-17  2.42334e-18    1390   113.561  1.72646e+16  0     
   4404.7964  2.43128e-17  3.80908e-17  2.44006e-18    1391   113.566  1.72720e+16  0     
   4406.9761  1.75121e-17  3.92704e-17  2.34506e-18    1392   113.572  1.72789e+16  0     
   4409.1553  2.06359e-17  4.11941e-17  2.42940e-18    1393   113.578  1.72867e+16  0     
   4411.3350  2.48591e-17  4.26714e-17  2.52125e-18    1394   113.583  1.72946e+16  0     
   4413.5151  2.49999e-17  4.16699e-17  2.50690e-18    1395   113.589  1.73017e+16  0     
   4415.6948  2.34896e-17  4.30441e-17  2.50425e-18    1396   113.594  1.73074e+16  0     
   4417.8750  2.49959e-17  4.04839e-17  2.48700e-18    1397   113.600  1.73111e+16  0     
   4420.0552  2.15746e-17  4.10934e-17  2.44088e-18    1398   113.605  1.73154e+16  0     
   4422.2358  2.42700e-17  4.16990e-17  2.49377e-18    1399   113.611  1.73245e+16  0     
   4424.4165  2.48389e-17  4.19334e-17  2.50548e-18    1400   113.616  1.73386e+16  0     
   4426.5972  2.37600e-17  4.10479e-17  2.47239e-18    1401   113.622  1.73568e+16  0     
   4428.7778  2.11014e-17  4.16156e-17  2.43666e-18    1402   113.627  1.73773e+16  0     
   4430.9590  2.03736e-17  4.03757e-17  2.40231e-18    1403   113.633  1.74003e+16  0     
   4433.1401  2.35315e-17  3.83792e-17  2.41945e-18    1404   113.639  1.74263e+16  0     
   4435.3213  2.16417e-17  3.94242e-17  2.40323e-18    1405   113.644  1.74547e+16  0     
   4437.5024  2.24531e-17  3.84133e-17  2.39755e-18    1406   113.650  1.74845e+16  0     
   4439.6841  2.55558e-17  3.93856e-17  2.46171e-18    1407   113.655  1.75143e+16  0     
   4441.8657  2.29284e-17  3.93054e-17  2.41537e-18    1408   113.661  1.75436e+16  0     
   4444.0474  2.24780e-17  3.98222e-17  2.41408e-18    1409   113.666  1.75735e+16  0     
   4446.2295  2.47906e-17  3.79245e-17  2.41845e-18    1410   113.672  1.76040e+16  0     
   4448.4116  2.52053e-17  3.82036e-17  2.42733e-18    1411   113.678  1.76343e+16  0     
   4450.5938  2.33854e-17  3.95135e-17  2.41661e-18    1412   113.683  1.76652e+16  0     
   4452.7764  2.14982e-17  3.67049e-17  2.33652e-18    1413   113.689  1.76970e+16  0     
   4454.9585  2.47917e-17  3.58320e-17  2.37443e-18    1414   113.694  1.77279e+16  0     
   4457.1411  2.08411e-17  3.66938e-17  2.32075e-18    1415   113.700  1.77563e+16  0     
   4459.3242  2.38234e-17  3.44159e-17  2.33065e-18    1416   113.705  1.77818e+16  0     
   4461.5068  2.50848e-17  3.52379e-17  2.36350e-18    1417   113.711  1.78052e+16  0     
   4463.6899  3.08210e-17  3.50515e-17  2.45171e-18    1418   113.717  1.78263e+16  0     
   4465.8730  3.63318e-17  3.47921e-17  2.53218e-18    1419   113.722  1.78460e+16  0     
   4468.0566  3.17801e-17  3.58682e-17  2.47667e-18    1420   113.728  1.78652e+16  0     
   4470.2397  2.97919e-17  3.59331e-17  2.44482e-18    1421   113.733  1.78841e+16  0     
   4472.4233  2.62382e-17  3.69129e-17  2.40215e-18    1422   113.739  1.79029e+16  0     
   4474.6069  2.51361e-17  3.68502e-17  2.38173e-18    1423   113.745  1.79227e+16  0     
   4476.7910  2.25861e-17  3.76397e-17  2.35138e-18    1424   113.750  1.79430e+16  0     
   4478.9746  2.25556e-17  3.74567e-17  2.34626e-18    1425   113.756  1.79641e+16  0     
   4481.1587  2.43641e-17  3.50378e-17  2.33455e-18    1426   113.762  1.79858e+16  0     
   4483.3428  2.30557e-17  3.74926e-17  2.35176e-18    1427   113.767  1.80080e+16  0     
   4485.5273  2.42500e-17  3.74356e-17  2.36861e-18    1428   113.773  1.80309e+16  0     
   4487.7119  2.56609e-17  3.81517e-17  2.40138e-18    1429   113.778  1.80513e+16  0     
   4489.8965  2.29465e-17  3.95875e-17  2.37950e-18    1430   113.784  1.80685e+16  0     
   4492.0811  1.72802e-17  3.83327e-17  2.26395e-18    1431   113.790  1.80823e+16  0     
   4494.2661  2.61345e-17  3.63807e-17  2.37712e-18    1432   113.795  1.80960e+16  0     
   4496.4507  2.68403e-17  3.74749e-17  2.40474e-18    1433   113.801  1.81126e+16  0     
   4498.6357  2.15984e-17  3.74773e-17  2.31833e-18    1434   113.806  1.81310e+16  0     
   4500.8213  2.25228e-17  3.60131e-17  2.30808e-18    1435   113.812  1.81488e+16  0     
   4503.0063  2.67178e-17  3.69653e-17  2.39059e-18    1436   113.818  1.81660e+16  0     
   4505.1919  2.46606e-17  3.71976e-17  2.35992e-18    1437   113.823  1.81837e+16  0     
   4507.3774  2.52020e-17  3.87382e-17  2.39186e-18    1438   113.829  1.82036e+16  0     
   4509.5630  2.58971e-17  3.90127e-17  2.40557e-18    1439   113.835  1.82262e+16  0     
   4511.7490  2.23450e-17  3.79640e-17  2.32973e-18    1440   113.840  1.82510e+16  0     
   4513.9346  2.32066e-17  3.72747e-17  2.33068e-18    1441   113.846  1.82763e+16  0     
   4516.1211  2.53196e-17  3.73850e-17  2.36491e-18    1442   113.852  1.82996e+16  0     
   4518.3071  2.32591e-17  3.81585e-17  2.34265e-18    1443   113.857  1.83204e+16  0     
   4520.4932  2.64895e-17  3.67876e-17  2.37108e-18    1444   113.863  1.83400e+16  0     
   4522.6797  3.01264e-17  3.70500e-17  2.43106e-18    1445   113.869  1.83597e+16  0     
   4524.8662  2.67876e-17  3.73330e-17  2.38151e-18    1446   113.874  1.83805e+16  0     
   4527.0527  2.59187e-17  3.69660e-17  2.36034e-18    1447   113.880  1.84006e+16  0     
   4529.2397  2.66926e-17  3.62667e-17  2.36024e-18    1448   113.886  1.84180e+16  0     
   4531.4263  2.48838e-17  3.79245e-17  2.35673e-18    1449   113.891  1.84330e+16  0     
   4533.6133  2.33903e-17  3.78383e-17  2.33023e-18    1450   113.897  1.84483e+16  0     
   4535.8008  2.58275e-17  3.87861e-17  2.38303e-18    1451   113.902  1.84651e+16  0     
   4537.9878  2.41235e-17  3.85282e-17  2.35066e-18    1452   113.908  1.84818e+16  0     
   4540.1753  2.78685e-17  3.96845e-17  2.42677e-18    1453   113.914  1.84947e+16  0     
   4542.3628  2.48842e-17  3.85610e-17  2.36163e-18    1454   113.920  1.85049e+16  0     
   4544.5503  2.37016e-17  3.94274e-17  2.35587e-18    1455   113.925  1.85146e+16  0     
   4546.7378  2.54736e-17  3.89778e-17  2.37619e-18    1456   113.931  1.85234e+16  0     
   4548.9258  2.41552e-17  3.91496e-17  2.35746e-18    1457   113.937  1.85311e+16  0     
   4551.1133  2.46617e-17  3.89698e-17  2.36201e-18    1458   113.942  1.85400e+16  0     
   4553.3013  2.34293e-17  3.75693e-17  2.31921e-18    1459   113.948  1.85494e+16  0     
   4555.4897  2.79561e-17  3.69519e-17  2.38094e-18    1460   113.954  1.85565e+16  0     
   4557.6777  2.51300e-17  3.67929e-17  2.33315e-18    1461   113.959  1.85622e+16  0     
   4559.8662  2.56767e-17  3.74971e-17  2.35269e-18    1462   113.965  1.85680e+16  0     
   4562.0547  2.68465e-17  3.76825e-17  2.37373e-18    1463   113.971  1.85737e+16  0     
   4564.2432  2.48727e-17  3.65076e-17  2.32319e-18    1464   113.976  1.85796e+16  0     
   4566.4316  2.50446e-17  3.66763e-17  2.32813e-18    1465   113.982  1.85868e+16  0     
   4568.6206  2.66097e-17  3.65114e-17  2.34986e-18    1466   113.988  1.85957e+16  0     
   4570.8096  2.70770e-17  3.57586e-17  2.34460e-18    1467   113.993  1.86054e+16  0     
   4572.9985  2.26890e-17  3.54379e-17  2.26769e-18    1468   113.999  1.86157e+16  0     
   4575.1875  2.08974e-17  3.64975e-17  2.25493e-18    1469   114.005  1.86256e+16  0     
   4577.3765  3.23186e-17  3.68507e-17  2.44124e-18    1470   114.011  1.86339e+16  0     
   4579.5659  2.59047e-17  3.76643e-17  2.35380e-18    1471   114.016  1.86393e+16  0     
   4581.7554  2.58422e-17  3.76822e-17  2.35284e-18    1472   114.022  1.86429e+16  0     
   4583.9448  2.35268e-17  3.80402e-17  2.32138e-18    1473   114.028  1.86465e+16  0     
   4586.1348  2.75025e-17  3.74801e-17  2.37523e-18    1474   114.033  1.86508e+16  0     
   4588.3242  2.55879e-17  3.68619e-17  2.33479e-18    1475   114.039  1.86564e+16  0     
   4590.5142  2.06866e-17  3.66227e-17  2.25087e-18    1476   114.045  1.86633e+16  0     
   4592.7041  2.16357e-17  3.68745e-17  2.27006e-18    1477   114.050  1.86715e+16  0     
   4594.8940  2.50739e-17  3.61987e-17  2.31423e-18    1478   114.056  1.86806e+16  0     
   4597.0840  2.32267e-17  3.61020e-17  2.28210e-18    1479   114.062  1.86903e+16  0     
   4599.2744  2.62775e-17  3.49503e-17  2.31205e-18    1480   114.068  1.87010e+16  0     
   4601.4648  2.34131e-17  3.56677e-17  2.27658e-18    1481   114.073  1.87115e+16  0     
   4603.6553  2.85089e-17  3.50493e-17  2.34775e-18    1482   114.079  1.87210e+16  0     
   4605.8457  2.79904e-17  3.60473e-17  2.35470e-18    1483   114.085  1.87294e+16  0     
   4608.0361  2.53247e-17  3.68811e-17  2.32523e-18    1484   114.091  1.87357e+16  0     
   4610.2271  3.02801e-17  3.67931e-17  2.40127e-18    1485   114.096  1.87400e+16  0     
   4612.4180  2.91610e-17  3.58074e-17  2.36843e-18    1486   114.102  1.87417e+16  0     
   4614.6089  2.82676e-17  3.56821e-17  2.35246e-18    1487   114.108  1.87413e+16  0     
   4616.7998  2.84104e-17  3.54638e-17  2.35143e-18    1488   114.114  1.87392e+16  0     
   4618.9907  3.42204e-17  3.62691e-17  2.45385e-18    1489   114.119  1.87340e+16  0     
   4621.1821  2.77324e-17  3.59345e-17  2.34915e-18    1490   114.125  1.87254e+16  0     
   4623.3735  2.93780e-17  3.59845e-17  2.37659e-18    1491   114.131  1.87140e+16  0     
   4625.5649  2.90987e-17  3.71376e-17  2.39108e-18    1492   114.136  1.87018e+16  0     
   4627.7563  3.19516e-17  3.61354e-17  2.42052e-18    1493   114.142  1.86900e+16  0     
   4629.9478  3.01867e-17  3.65537e-17  2.40061e-18    1494   114.148  1.86785e+16  0     
   4632.1396  2.86202e-17  3.58904e-17  2.36654e-18    1495   114.154  1.86685e+16  0     
   4634.3315  2.73308e-17  3.56105e-17  2.34235e-18    1496   114.159  1.86601e+16  0     
   4636.5229  2.98004e-17  3.52535e-17  2.37613e-18    1497   114.165  1.86539e+16  0     
   4638.7153  2.96156e-17  3.55373e-17  2.37785e-18    1498   114.171  1.86515e+16  0     
   4640.9072  2.98854e-17  3.41921e-17  2.36088e-18    1499   114.177  1.86526e+16  0     
   4643.0991  2.99053e-17  3.41814e-17  2.36071e-18    1500   114.183  1.86568e+16  0     
   4645.2915  2.52048e-17  3.50607e-17  2.29927e-18    1501   114.188  1.86626e+16  0     
   4647.4839  2.71809e-17  3.34250e-17  2.30440e-18    1502   114.194  1.86677e+16  0     
   4649.6763  2.69228e-17  3.38493e-17  2.30666e-18    1503   114.200  1.86736e+16  0     
   4651.8687  2.85730e-17  3.38434e-17  2.33256e-18    1504   114.206  1.86802e+16  0     
   4654.0615  2.58184e-17  3.63285e-17  2.32781e-18    1505   114.211  1.86864e+16  0     
   4656.2539  2.59511e-17  3.52176e-17  2.31172e-18    1506   114.217  1.86922e+16  0     
   4658.4468  2.48290e-17  3.68476e-17  2.31947e-18    1507   114.223  1.86981e+16  0     
   4660.6396  3.17229e-17  3.71870e-17  2.43204e-18    1508   114.229  1.87047e+16  0     
   4662.8325  3.29945e-17  3.71201e-17  2.44970e-18    1509   114.234  1.87135e+16  0     
   4665.0254  2.93733e-17  3.76630e-17  2.40186e-18    1510   114.240  1.87239e+16  0     
   4667.2188  2.77630e-17  3.52501e-17  2.33818e-18    1511   114.246  1.87342e+16  0     
   4669.4116  3.39882e-17  3.55493e-17  2.43871e-18    1512   114.252  1.87439e+16  0     
   4671.6050  3.44314e-17  3.50969e-17  2.43797e-18    1513   114.258  1.87520e+16  0     
   4673.7983  3.29165e-17  3.65947e-17  2.43738e-18    1514   114.263  1.87564e+16  0     
   4675.9917  3.25869e-17  3.80874e-17  2.45481e-18    1515   114.269  1.87588e+16  0     
   4678.1855  3.27384e-17  3.69421e-17  2.43967e-18    1516   114.275  1.87602e+16  0     
   4680.3789  3.41014e-17  3.62157e-17  2.44919e-18    1517   114.281  1.87618e+16  0     
   4682.5728  2.84974e-17  3.61254e-17  2.36140e-18    1518   114.286  1.87641e+16  0     
   4684.7666  3.29897e-17  3.62369e-17  2.43223e-18    1519   114.292  1.87677e+16  0     
   4686.9604  3.20611e-17  3.65938e-17  2.42316e-18    1520   114.298  1.87726e+16  0     
   4689.1543  3.31696e-17  3.78474e-17  2.45850e-18    1521   114.304  1.87786e+16  0     
   4691.3481  3.79663e-17  3.59207e-17  2.50077e-18    1522   114.310  1.87858e+16  0     
   4693.5425  3.52173e-17  3.71839e-17  2.47806e-18    1523   114.315  1.87945e+16  0     
   4695.7363  3.44893e-17  3.49565e-17  2.43293e-18    1524   114.321  1.88034e+16  0     
   4697.9307  2.65720e-17  3.68736e-17  2.33944e-18    1525   114.327  1.88124e+16  0     
   4700.1250  3.15923e-17  3.44833e-17  2.38004e-18    1526   114.333  1.88197e+16  0     
   4702.3193  3.12981e-17  3.44012e-17  2.37384e-18    1527   114.339  1.88249e+16  0     
   4704.5142  3.25590e-17  3.43440e-17  2.39230e-18    1528   114.345  1.88272e+16  0     
   4706.7085  3.42230e-17  3.50390e-17  2.42846e-18    1529   114.350  1.88263e+16  0     
   4708.9033  2.67784e-17  3.54545e-17  2.31936e-18    1530   114.356  1.88245e+16  0     
   4711.0981  3.08753e-17  3.67162e-17  2.40306e-18    1531   114.362  1.88248e+16  0     
   4713.2930  3.38640e-17  3.56785e-17  2.43252e-18    1532   114.368  1.88291e+16  0     
   4715.4878  3.34822e-17  3.45581e-17  2.40913e-18    1533   114.374  1.88360e+16  0     
   4717.6826  3.56018e-17  3.47686e-17  2.44429e-18    1534   114.379  1.88394e+16  0     
   4719.8774  3.04137e-17  3.50741e-17  2.36962e-18    1535   114.385  1.88378e+16  0     
   4722.0728  3.27960e-17  3.65400e-17  2.42911e-18    1536   114.391  1.88329e+16  0     
   4724.2681  3.51168e-17  3.69088e-17  2.47002e-18    1537   114.397  1.88273e+16  0     
   4726.4629  3.33576e-17  3.64362e-17  2.43671e-18    1538   114.403  1.88239e+16  0     
   4728.6582  3.17448e-17  3.59039e-17  2.40413e-18    1539   114.409  1.88223e+16  0     
   4730.8540  3.34012e-17  3.39337e-17  2.39946e-18    1540   114.414  1.88202e+16  0     
   4733.0493  3.91367e-17  3.29895e-17  2.47227e-18    1541   114.420  1.88171e+16  0     
   4735.2446  3.40368e-17  3.32711e-17  2.39956e-18    1542   114.426  1.88132e+16  0     
   4737.4404  3.44652e-17  3.50150e-17  2.43294e-18    1543   114.432  1.88105e+16  0     
   4739.6362  3.18832e-17  3.48365e-17  2.39071e-18    1544   114.438  1.88103e+16  0     
   4741.8320  3.16592e-17  3.58485e-17  2.40265e-18    1545   114.444  1.88127e+16  0     
   4744.0278  2.94806e-17  3.45517e-17  2.34830e-18    1546   114.449  1.88177e+16  0     
   4746.2236  2.68728e-17  3.55845e-17  2.32307e-18    1547   114.455  1.88227e+16  0     
   4748.4194  2.76271e-17  3.47694e-17  2.32174e-18    1548   114.461  1.88278e+16  0     
   4750.6157  2.40051e-17  3.61440e-17  2.28528e-18    1549   114.467  1.88347e+16  0     
   4752.8115  2.72196e-17  3.49442e-17  2.31695e-18    1550   114.473  1.88433e+16  0     
   4755.0078  2.61768e-17  3.41951e-17  2.28754e-18    1551   114.479  1.88537e+16  0     
   4757.2041  2.60714e-17  3.43010e-17  2.28679e-18    1552   114.484  1.88644e+16  0     
   4759.4004  2.95918e-17  3.43146e-17  2.34214e-18    1553   114.490  1.88765e+16  0     
   4761.5967  2.95991e-17  3.47281e-17  2.34772e-18    1554   114.496  1.88910e+16  0     
   4763.7930  3.11130e-17  3.39613e-17  2.35822e-18    1555   114.502  1.89074e+16  0     
   4765.9893  3.13727e-17  3.42420e-17  2.36548e-18    1556   114.508  1.89234e+16  0     
   4768.1860  2.98306e-17  3.50718e-17  2.35330e-18    1557   114.514  1.89388e+16  0     
   4770.3828  3.18744e-17  3.54575e-17  2.38973e-18    1558   114.520  1.89546e+16  0     
   4772.5791  3.40406e-17  3.36058e-17  2.39345e-18    1559   114.525  1.89699e+16  0     
   4774.7759  3.31457e-17  3.56824e-17  2.41037e-18    1560   114.531  1.89850e+16  0     
   4776.9727  3.25740e-17  3.58229e-17  2.40270e-18    1561   114.537  1.90006e+16  0     
   4779.1699  3.39769e-17  3.52215e-17  2.41371e-18    1562   114.543  1.90165e+16  0     
   4781.3667  3.25554e-17  3.50517e-17  2.38844e-18    1563   114.549  1.90316e+16  0     
   4783.5635  3.07590e-17  3.57983e-17  2.37131e-18    1564   114.555  1.90463e+16  0     
   4785.7607  3.12052e-17  3.58260e-17  2.37740e-18    1565   114.561  1.90630e+16  0     
   4787.9580  3.47074e-17  3.51253e-17  2.41862e-18    1566   114.566  1.90816e+16  0     
   4790.1548  2.87380e-17  3.52764e-17  2.32811e-18    1567   114.572  1.91004e+16  0     
   4792.3521  3.43378e-17  3.48906e-17  2.40679e-18    1568   114.578  1.91196e+16  0     
   4794.5493  3.27654e-17  3.50707e-17  2.38433e-18    1569   114.584  1.91388e+16  0     
   4796.7466  3.23413e-17  3.61151e-17  2.39243e-18    1570   114.590  1.91575e+16  0     
   4798.9443  3.37179e-17  3.64103e-17  2.41631e-18    1571   114.596  1.91759e+16  0     
   4801.1416  3.13915e-17  3.51090e-17  2.36011e-18    1572   114.602  1.91931e+16  0     
   4803.3394  3.20683e-17  3.59664e-17  2.38242e-18    1573   114.608  1.92088e+16  0     
   4805.5366  2.87113e-17  3.48554e-17  2.31259e-18    1574   114.613  1.92238e+16  0     
   4807.7344  3.08151e-17  3.52189e-17  2.34979e-18    1575   114.619  1.92387e+16  0     
   4809.9321  3.33930e-17  3.54302e-17  2.39129e-18    1576   114.625  1.92523e+16  0     
   4812.1299  3.15114e-17  3.39067e-17  2.33851e-18    1577   114.631  1.92646e+16  0     
   4814.3276  3.31746e-17  3.51364e-17  2.38193e-18    1578   114.637  1.92756e+16  0     
   4816.5254  3.39110e-17  3.59283e-17  2.40421e-18    1579   114.643  1.92857e+16  0     
   4818.7236  3.05611e-17  3.73136e-17  2.37398e-18    1580   114.649  1.92946e+16  0     
   4820.9214  3.12638e-17  3.80288e-17  2.39487e-18    1581   114.655  1.93017e+16  0     
   4823.1196  2.87228e-17  3.84120e-17  2.36195e-18    1582   114.661  1.93060e+16  0     
   4825.3174  3.69291e-17  3.78333e-17  2.47526e-18    1583   114.666  1.93078e+16  0     
   4827.5156  2.86952e-17  3.77782e-17  2.35166e-18    1584   114.672  1.93089e+16  0     
   4829.7139  3.38189e-17  3.70401e-17  2.41753e-18    1585   114.678  1.93127e+16  0     
   4831.9121  3.22945e-17  3.75099e-17  2.40142e-18    1586   114.684  1.93180e+16  0     
   4834.1104  3.39734e-17  3.80759e-17  2.43455e-18    1587   114.690  1.93214e+16  0     
   4836.3086  2.98979e-17  3.77555e-17  2.36888e-18    1588   114.696  1.93198e+16  0     
   4838.5073  2.84519e-17  3.78363e-17  2.34845e-18    1589   114.702  1.93141e+16  0     
   4840.7056  2.94860e-17  3.85557e-17  2.37559e-18    1590   114.708  1.93079e+16  0     
   4842.9043  3.23621e-17  3.57435e-17  2.37698e-18    1591   114.714  1.93018e+16  0     
   4845.1025  3.07646e-17  3.71243e-17  2.37404e-18    1592   114.720  1.92969e+16  0     
   4847.3013  2.95741e-17  3.64643e-17  2.34603e-18    1593   114.725  1.92939e+16  0     
   4849.5000  3.24983e-17  3.60000e-17  2.38353e-18    1594   114.731  1.92930e+16  0     
   4851.6987  3.14276e-17  3.50331e-17  2.35253e-18    1595   114.737  1.92933e+16  0     
   4853.8975  3.34094e-17  3.52677e-17  2.38625e-18    1596   114.743  1.92927e+16  0     
   4856.0962  3.20628e-17  3.27900e-17  2.32788e-18    1597   114.749  1.92923e+16  0     
   4858.2949  3.19786e-17  3.25419e-17  2.32260e-18    1598   114.755  1.92943e+16  0     
   4860.4937  3.08867e-17  3.36334e-17  2.32240e-18    1599   114.761  1.92970e+16  0     
   4862.6929  2.98142e-17  3.54504e-17  2.33389e-18    1600   114.767  1.92973e+16  0     
   4864.8916  2.48712e-17  3.48909e-17  2.24763e-18    1601   114.773  1.92945e+16  0     
   4867.0908  3.15535e-17  3.35106e-17  2.33125e-18    1602   114.779  1.92908e+16  0     
   4869.2900  3.03918e-17  3.27708e-17  2.30191e-18    1603   114.785  1.92876e+16  0     
   4871.4888  3.19866e-17  3.31819e-17  2.33324e-18    1604   114.790  1.92852e+16  0     
   4873.6880  3.17687e-17  3.15793e-17  2.30510e-18    1605   114.796  1.92835e+16  0     
   4875.8872  3.26208e-17  3.36436e-17  2.35032e-18    1606   114.802  1.92819e+16  0     
   4878.0864  2.72317e-17  3.42040e-17  2.27519e-18    1607   114.808  1.92808e+16  0     
   4880.2856  3.05822e-17  3.47619e-17  2.33624e-18    1608   114.814  1.92809e+16  0     
   4882.4849  3.38717e-17  3.69121e-17  2.41855e-18    1609   114.820  1.92824e+16  0     
   4884.6846  2.89062e-17  3.59609e-17  2.32862e-18    1610   114.826  1.92845e+16  0     
   4886.8838  3.26158e-17  3.50037e-17  2.37077e-18    1611   114.832  1.92851e+16  0     
   4889.0835  3.16321e-17  3.50051e-17  2.35579e-18    1612   114.838  1.92854e+16  0     
   4891.2827  3.62284e-17  3.47926e-17  2.42176e-18    1613   114.844  1.92869e+16  0     
   4893.4824  3.16624e-17  3.49448e-17  2.35505e-18    1614   114.850  1.92894e+16  0     
   4895.6821  3.07487e-17  3.64244e-17  2.36337e-18    1615   114.856  1.92939e+16  0     
   4897.8818  3.25311e-17  3.44570e-17  2.36018e-18    1616   114.862  1.92994e+16  0     
   4900.0811  3.30364e-17  3.45935e-17  2.36954e-18    1617   114.868  1.93051e+16  0     
   4902.2808  3.34638e-17  3.38326e-17  2.36401e-18    1618   114.873  1.93117e+16  0     
   4904.4805  2.89126e-17  3.46086e-17  2.30532e-18    1619   114.879  1.93199e+16  0     
   4906.6802  3.07365e-17  3.58670e-17  2.35217e-18    1620   114.885  1.93301e+16  0     
   4908.8804  2.81341e-17  3.45860e-17  2.29126e-18    1621   114.891  1.93425e+16  0     
   4911.0801  2.64732e-17  3.33576e-17  2.24462e-18    1622   114.897  1.93562e+16  0     
   4913.2798  2.87979e-17  3.44338e-17  2.29729e-18    1623   114.903  1.93715e+16  0     
   4915.4800  2.97471e-17  3.44069e-17  2.31047e-18    1624   114.909  1.93887e+16  0     
   4917.6797  3.02139e-17  3.33499e-17  2.30004e-18    1625   114.915  1.94076e+16  0     
   4919.8799  2.85864e-17  3.27030e-17  2.26302e-18    1626   114.921  1.94279e+16  0     
   4922.0801  3.37307e-17  3.19039e-17  2.32917e-18    1627   114.927  1.94494e+16  0     
   4924.2798  3.39430e-17  3.23554e-17  2.33782e-18    1628   114.933  1.94715e+16  0     
   4926.4800  2.92384e-17  3.44249e-17  2.29578e-18    1629   114.939  1.94938e+16  0     
   4928.6802  3.49237e-17  3.40507e-17  2.37523e-18    1630   114.945  1.95159e+16  0     
   4930.8804  3.39066e-17  3.26436e-17  2.33726e-18    1631   114.951  1.95361e+16  0     
   4933.0806  3.31495e-17  3.40276e-17  2.34562e-18    1632   114.957  1.95533e+16  0     
   4935.2808  3.11985e-17  3.36179e-17  2.30862e-18    1633   114.963  1.95679e+16  0     
   4937.4810  3.42549e-17  3.40596e-17  2.36101e-18    1634   114.969  1.95791e+16  0     
   4939.6816  3.04527e-17  3.46139e-17  2.31105e-18    1635   114.975  1.95888e+16  0     
   4941.8818  3.31239e-17  3.38717e-17  2.33988e-18    1636   114.981  1.95973e+16  0     
   4944.0820  3.12223e-17  3.33643e-17  2.30253e-18    1637   114.987  1.96060e+16  0     
   4946.2827  3.58303e-17  3.41454e-17  2.38342e-18    1638   114.992  1.96142e+16  0     
   4948.4829  2.90924e-17  3.41012e-17  2.28001e-18    1639   114.998  1.96209e+16  0     
   4950.6836  3.29692e-17  3.34386e-17  2.32906e-18    1640   115.004  1.96256e+16  0     
   4952.8838  3.35809e-17  3.55937e-17  2.37053e-18    1641   115.010  1.96285e+16  0     
   4955.0845  3.27914e-17  3.49422e-17  2.34866e-18    1642   115.016  1.96323e+16  0     
   4957.2852  3.31228e-17  3.41765e-17  2.34188e-18    1643   115.022  1.96357e+16  0     
   4959.4858  3.44654e-17  3.29738e-17  2.34400e-18    1644   115.028  1.96356e+16  0     
   4961.6865  3.43674e-17  3.29956e-17  2.34304e-18    1645   115.034  1.96328e+16  0     
   4963.8867  3.44666e-17  3.37971e-17  2.35683e-18    1646   115.040  1.96293e+16  0     
   4966.0874  3.25304e-17  3.66110e-17  2.37028e-18    1647   115.046  1.96248e+16  0     
   4968.2881  3.31631e-17  3.39857e-17  2.34084e-18    1648   115.052  1.96174e+16  0     
   4970.4893  3.70627e-17  3.51460e-17  2.41679e-18    1649   115.058  1.96081e+16  0     
   4972.6899  3.62181e-17  3.46333e-17  2.39751e-18    1650   115.064  1.95981e+16  0     
   4974.8906  3.09299e-17  3.46210e-17  2.31855e-18    1651   115.070  1.95876e+16  0     
   4977.0913  3.27357e-17  3.51239e-17  2.35441e-18    1652   115.076  1.95756e+16  0     
   4979.2920  3.67653e-17  3.43057e-17  2.40327e-18    1653   115.082  1.95616e+16  0     
   4981.4932  3.50501e-17  3.26315e-17  2.35367e-18    1654   115.088  1.95470e+16  0     
   4983.6938  3.30083e-17  3.23474e-17  2.31929e-18    1655   115.094  1.95320e+16  0     
   4985.8950  2.98463e-17  3.34771e-17  2.28888e-18    1656   115.100  1.95180e+16  0     
   4988.0957  3.44620e-17  3.12237e-17  2.32613e-18    1657   115.106  1.95058e+16  0     
   4990.2969  3.34588e-17  3.39023e-17  2.35244e-18    1658   115.112  1.94940e+16  0     
   4992.4976  3.30698e-17  3.53186e-17  2.36882e-18    1659   115.118  1.94813e+16  0     
   4994.6987  3.35397e-17  3.45285e-17  2.36496e-18    1660   115.124  1.94672e+16  0     
   4996.8999  3.43794e-17  3.31156e-17  2.35734e-18    1661   115.130  1.94521e+16  0     
   4999.1011  3.37578e-17  3.24338e-17  2.33857e-18    1662   115.136  1.94365e+16  0     
   5001.3018  2.99064e-17  3.39343e-17  2.30329e-18    1663   115.142  1.94230e+16  0     
   5003.5029  3.28945e-17  3.30300e-17  2.33608e-18    1664   115.148  1.94132e+16  0     
   5005.7041  3.52203e-17  3.26235e-17  2.36576e-18    1665   115.154  1.94063e+16  0     
   5007.9053  3.16863e-17  3.40448e-17  2.33406e-18    1666   115.160  1.93994e+16  0     
   5010.1064  3.12996e-17  3.39337e-17  2.32694e-18    1667   115.166  1.93917e+16  0     
   5012.3076  3.22773e-17  3.41543e-17  2.34578e-18    1668   115.172  1.93849e+16  0     
   5014.5088  3.27153e-17  3.31515e-17  2.33756e-18    1669   115.178  1.93788e+16  0     
   5016.7100  3.53264e-17  3.24727e-17  2.36737e-18    1670   115.184  1.93732e+16  0     
   5018.9116  3.32449e-17  3.16459e-17  2.32335e-18    1671   115.190  1.93670e+16  0     
   5021.1128  3.63968e-17  3.18313e-17  2.37483e-18    1672   115.196  1.93594e+16  0     
   5023.3140  3.07277e-17  3.24198e-17  2.29723e-18    1673   115.202  1.93531e+16  0     
   5025.5151  3.44064e-17  3.27371e-17  2.35900e-18    1674   115.208  1.93504e+16  0     
   5027.7168  3.50994e-17  3.26110e-17  2.36767e-18    1675   115.214  1.93496e+16  0     
   5029.9180  3.16553e-17  3.18335e-17  2.30282e-18    1676   115.220  1.93491e+16  0     
   5032.1191  3.06513e-17  3.21866e-17  2.29269e-18    1677   115.226  1.93487e+16  0     
   5034.3208  3.63880e-17  3.22022e-17  2.38114e-18    1678   115.232  1.93471e+16  0     
   5036.5220  3.63783e-17  3.33460e-17  2.39831e-18    1679   115.238  1.93453e+16  0     
   5038.7236  3.25917e-17  3.25092e-17  2.32821e-18    1680   115.244  1.93432e+16  0     
   5040.9248  3.21760e-17  3.17017e-17  2.30942e-18    1681   115.250  1.93412e+16  0     
   5043.1265  3.43374e-17  3.18067e-17  2.34443e-18    1682   115.256  1.93405e+16  0     
   5045.3276  2.90082e-17  3.23378e-17  2.26964e-18    1683   115.262  1.93424e+16  0     
   5047.5293  3.49977e-17  3.32138e-17  2.37543e-18    1684   115.268  1.93470e+16  0     
   5049.7310  3.25978e-17  3.28911e-17  2.33346e-18    1685   115.274  1.93538e+16  0     
   5051.9321  3.73374e-17  3.22182e-17  2.39489e-18    1686   115.280  1.93581e+16  0     
   5054.1338  3.08348e-17  3.17452e-17  2.28806e-18    1687   115.286  1.93574e+16  0     
   5056.3354  3.43532e-17  3.27338e-17  2.35782e-18    1688   115.292  1.93552e+16  0     
   5058.5371  3.27710e-17  3.19815e-17  2.32193e-18    1689   115.298  1.93565e+16  0     
   5060.7383  3.44698e-17  3.31630e-17  2.36567e-18    1690   115.304  1.93614e+16  0     
   5062.9399  3.18668e-17  3.25552e-17  2.31605e-18    1691   115.310  1.93679e+16  0     
   5065.1416  3.30217e-17  3.25491e-17  2.33324e-18    1692   115.316  1.93754e+16  0     
   5067.3433  3.04188e-17  3.18303e-17  2.28113e-18    1693   115.322  1.93831e+16  0     
   5069.5449  3.14132e-17  3.06615e-17  2.27784e-18    1694   115.328  1.93912e+16  0     
   5071.7466  3.30478e-17  3.11024e-17  2.30977e-18    1695   115.334  1.93983e+16  0     
   5073.9482  3.26479e-17  3.08535e-17  2.29927e-18    1696   115.340  1.94045e+16  0     
   5076.1499  3.07538e-17  3.12752e-17  2.27578e-18    1697   115.346  1.94113e+16  0     
   5078.3516  2.76172e-17  3.15378e-17  2.22972e-18    1698   115.352  1.94177e+16  0     
   5080.5532  3.11735e-17  3.04174e-17  2.26807e-18    1699   115.358  1.94236e+16  0     
   5082.7549  3.07093e-17  3.10115e-17  2.26982e-18    1700   115.364  1.94280e+16  0     
   5084.9565  3.09615e-17  3.13306e-17  2.27853e-18    1701   115.370  1.94321e+16  0     
   5087.1582  3.27584e-17  3.19504e-17  2.31583e-18    1702   115.376  1.94362e+16  0     
   5089.3599  3.38673e-17  3.27086e-17  2.34425e-18    1703   115.382  1.94392e+16  0     
   5091.5615  2.88877e-17  3.24071e-17  2.26220e-18    1704   115.388  1.94414e+16  0     
   5093.7632  3.27635e-17  3.26251e-17  2.32592e-18    1705   115.394  1.94417e+16  0     
   5095.9648  3.87368e-17  3.04362e-17  2.38336e-18    1706   115.400  1.94412e+16  0     
   5098.1665  3.18898e-17  3.12625e-17  2.29129e-18    1707   115.406  1.94423e+16  0     
   5100.3687  2.83785e-17  3.14236e-17  2.23837e-18    1708   115.412  1.94434e+16  0     
   5102.5703  2.86367e-17  3.14520e-17  2.24295e-18    1709   115.418  1.94433e+16  0     
   5104.7720  3.07299e-17  3.17571e-17  2.28099e-18    1710   115.424  1.94407e+16  0     
   5106.9736  3.16950e-17  3.20633e-17  2.30112e-18    1711   115.430  1.94363e+16  0     
   5109.1753  3.25770e-17  3.17875e-17  2.31082e-18    1712   115.436  1.94317e+16  0     
   5111.3774  3.28640e-17  3.18078e-17  2.31588e-18    1713   115.442  1.94270e+16  0     
   5113.5791  3.19872e-17  3.20248e-17  2.30598e-18    1714   115.448  1.94226e+16  0     
   5115.7808  3.18416e-17  3.23148e-17  2.30854e-18    1715   115.454  1.94179e+16  0     
   5117.9829  3.57236e-17  3.28827e-17  2.37698e-18    1716   115.460  1.94106e+16  0     
   5120.1846  3.41598e-17  3.32791e-17  2.36001e-18    1717   115.466  1.94009e+16  0     
   5122.3862  3.24669e-17  3.13057e-17  2.30440e-18    1718   115.472  1.93911e+16  0     
   5124.5879  3.45793e-17  3.19524e-17  2.34752e-18    1719   115.478  1.93817e+16  0     
   5126.7900  2.95890e-17  3.11825e-17  2.25852e-18    1720   115.484  1.93723e+16  0     
   5128.9917  3.37520e-17  3.13536e-17  2.32693e-18    1721   115.490  1.93630e+16  0     
   5131.1934  3.46790e-17  3.13206e-17  2.34137e-18    1722   115.496  1.93530e+16  0     
   5133.3955  3.26756e-17  3.40285e-17  2.35284e-18    1723   115.503  1.93427e+16  0     
   5135.5972  3.19076e-17  3.32450e-17  2.32971e-18    1724   115.509  1.93330e+16  0     
   5137.7988  3.43824e-17  3.38879e-17  2.37791e-18    1725   115.515  1.93242e+16  0     
   5140.0010  2.93028e-17  3.22518e-17  2.27474e-18    1726   115.521  1.93156e+16  0     
   5142.2026  3.64054e-17  3.27269e-17  2.39228e-18    1727   115.527  1.93046e+16  0     
   5144.4043  3.48391e-17  3.30445e-17  2.37431e-18    1728   115.533  1.92920e+16  0     
   5146.6064  3.28237e-17  3.27054e-17  2.33923e-18    1729   115.539  1.92791e+16  0     
   5148.8081  3.31424e-17  3.37237e-17  2.36066e-18    1730   115.545  1.92656e+16  0     
   5151.0098  3.39659e-17  3.20718e-17  2.34895e-18    1731   115.551  1.92516e+16  0     
   5153.2119  3.27075e-17  3.22934e-17  2.33387e-18    1732   115.557  1.92385e+16  0     
   5155.4136  3.42875e-17  3.30242e-17  2.37021e-18    1733   115.563  1.92261e+16  0     
   5157.6157  3.44030e-17  3.46807e-17  2.39786e-18    1734   115.569  1.92148e+16  0     
   5159.8174  3.53608e-17  3.27916e-17  2.38442e-18    1735   115.575  1.92058e+16  0     
   5162.0190  3.66140e-17  3.36127e-17  2.41628e-18    1736   115.581  1.91972e+16  0     
   5164.2212  3.40951e-17  3.10428e-17  2.33939e-18    1737   115.587  1.91895e+16  0     
   5166.4229  3.43356e-17  2.98689e-17  2.32530e-18    1738   115.593  1.91838e+16  0     
   5168.6245  3.50831e-17  3.04625e-17  2.34634e-18    1739   115.599  1.91800e+16  0     
   5170.8262  3.27693e-17  2.74268e-17  2.26250e-18    1740   115.605  1.91771e+16  0     
   5173.0283  3.26770e-17  3.00500e-17  2.30285e-18    1741   115.611  1.91738e+16  0     
   5175.2300  3.19956e-17  3.04716e-17  2.29899e-18    1742   115.617  1.91705e+16  0     
   5177.4321  3.33481e-17  3.18359e-17  2.34188e-18    1743   115.623  1.91640e+16  0     
   5179.6338  3.48694e-17  3.28969e-17  2.38222e-18    1744   115.629  1.91535e+16  0     
   5181.8354  3.63333e-17  3.11355e-17  2.37840e-18    1745   115.635  1.91436e+16  0     
   5184.0371  3.76707e-17  2.93179e-17  2.37165e-18    1746   115.641  1.91352e+16  0     
   5186.2393  3.43474e-17  3.17487e-17  2.35856e-18    1747   115.647  1.91265e+16  0     
   5188.4409  3.89142e-17  3.35566e-17  2.45539e-18    1748   115.654  1.91175e+16  0     
   5190.6426  3.83252e-17  3.42102e-17  2.45689e-18    1749   115.660  1.91100e+16  0     
   5192.8447  3.58044e-17  3.29800e-17  2.40131e-18    1750   115.666  1.91024e+16  0     
   5195.0464  3.55027e-17  3.99062e-17  2.50020e-18    1751   115.672  1.90939e+16  0     
   5197.2480  3.47375e-17  5.95392e-17  2.76184e-18    1752   115.678  1.90842e+16  0     
   5199.4497  3.55605e-17  7.00897e-17  2.90863e-18    1753   115.684  1.90745e+16  0     
   5201.6514  3.13240e-17  6.90255e-17  2.84208e-18    1754   115.690  1.90676e+16  0     
   5203.8535  3.25867e-17  5.11553e-17  2.62098e-18    1755   115.696  1.90631e+16  0     
   5206.0552  3.41978e-17  3.71388e-17  2.44266e-18    1756   115.702  1.90606e+16  0     
   5208.2568  3.54943e-17  3.32179e-17  2.40333e-18    1757   115.708  1.90587e+16  0     
   5210.4585  3.89739e-17  3.26258e-17  2.44706e-18    1758   115.714  1.90538e+16  0     
   5212.6602  3.94676e-17  3.27015e-17  2.45612e-18    1759   115.720  1.90458e+16  0     
   5214.8618  3.28263e-17  3.38110e-17  2.37318e-18    1760   115.726  1.90372e+16  0     
   5217.0635  3.38125e-17  3.34041e-17  2.38252e-18    1761   115.732  1.90308e+16  0     
   5219.2651  3.42277e-17  3.34259e-17  2.38945e-18    1762   115.738  1.90275e+16  0     
   5221.4668  3.95568e-17  3.34900e-17  2.47048e-18    1763   115.744  1.90271e+16  0     
   5223.6685  3.22954e-17  3.50891e-17  2.38536e-18    1764   115.750  1.90270e+16  0     
   5225.8706  3.79475e-17  3.50965e-17  2.47048e-18    1765   115.756  1.90265e+16  0     
   5228.0723  3.46017e-17  3.32366e-17  2.39238e-18    1766   115.762  1.90259e+16  0     
   5230.2739  3.55879e-17  3.24861e-17  2.39601e-18    1767   115.769  1.90253e+16  0     
   5232.4751  3.52117e-17  3.29076e-17  2.39678e-18    1768   115.775  1.90243e+16  0     
   5234.6768  3.48080e-17  3.28389e-17  2.38976e-18    1769   115.781  1.90216e+16  0     
   5236.8784  3.21606e-17  3.49260e-17  2.38148e-18    1770   115.787  1.90176e+16  0     
   5239.0801  4.14759e-17  3.49743e-17  2.52134e-18    1771   115.793  1.90125e+16  0     
   5241.2817  3.29635e-17  3.57183e-17  2.40648e-18    1772   115.799  1.90082e+16  0     
   5243.4834  3.27702e-17  3.41292e-17  2.37946e-18    1773   115.805  1.90056e+16  0     
   5245.6851  3.17441e-17  3.22618e-17  2.33484e-18    1774   115.811  1.90022e+16  0     
   5247.8867  3.23105e-17  3.35842e-17  2.36465e-18    1775   115.817  1.89960e+16  0     
   5250.0879  3.43041e-17  3.36901e-17  2.39753e-18    1776   115.823  1.89873e+16  0     
   5252.2896  3.71540e-17  3.29979e-17  2.43104e-18    1777   115.829  1.89758e+16  0     
   5254.4912  3.23644e-17  3.50144e-17  2.38987e-18    1778   115.835  1.89628e+16  0     
   5256.6929  3.40621e-17  3.76466e-17  2.45630e-18    1779   115.841  1.89494e+16  0     
   5258.8940  3.34278e-17  3.65167e-17  2.43086e-18    1780   115.847  1.89353e+16  0     
   5261.0957  3.14337e-17  3.21166e-17  2.33350e-18    1781   115.853  1.89195e+16  0     
   5263.2969  3.27248e-17  3.08489e-17  2.33508e-18    1782   115.859  1.89024e+16  0     
   5265.4985  3.06984e-17  3.09869e-17  2.30642e-18    1783   115.865  1.88848e+16  0     
   5267.7002  3.50806e-17  2.89462e-17  2.34468e-18    1784   115.872  1.88673e+16  0     
   5269.9014  3.20475e-17  2.98248e-17  2.31188e-18    1785   115.878  1.88494e+16  0     
   5272.1030  3.28137e-17  3.14434e-17  2.35092e-18    1786   115.884  1.88304e+16  0     
   5274.3042  3.83723e-17  3.23751e-17  2.45220e-18    1787   115.890  1.88090e+16  0     
   5276.5059  3.30939e-17  3.47890e-17  2.41020e-18    1788   115.896  1.87881e+16  0     
   5278.7070  3.30851e-17  3.46861e-17  2.40979e-18    1789   115.902  1.87704e+16  0     
   5280.9082  3.14081e-17  3.22250e-17  2.34664e-18    1790   115.908  1.87529e+16  0     
   5283.1099  3.47472e-17  3.14105e-17  2.38756e-18    1791   115.914  1.87335e+16  0     
   5285.3110  3.64411e-17  3.09850e-17  2.40871e-18    1792   115.920  1.87123e+16  0     
   5287.5122  3.48114e-17  3.31584e-17  2.41876e-18    1793   115.926  1.86895e+16  0     
   5289.7134  3.26752e-17  3.24898e-17  2.37700e-18    1794   115.932  1.86658e+16  0     
   5291.9150  3.59997e-17  3.31980e-17  2.44111e-18    1795   115.938  1.86415e+16  0     
   5294.1162  3.17879e-17  3.38887e-17  2.38854e-18    1796   115.944  1.86172e+16  0     
   5296.3174  3.21094e-17  3.38995e-17  2.39549e-18    1797   115.950  1.85933e+16  0     
   5298.5186  3.57807e-17  3.39075e-17  2.45399e-18    1798   115.956  1.85692e+16  0     
   5300.7197  3.33712e-17  3.41474e-17  2.42249e-18    1799   115.963  1.85451e+16  0     
   5302.9209  3.41459e-17  3.35154e-17  2.42661e-18    1800   115.969  1.85193e+16  0     
   5305.1221  3.60728e-17  3.24282e-17  2.44158e-18    1801   115.975  1.84923e+16  0     
   5307.3232  3.75678e-17  3.41621e-17  2.49283e-18    1802   115.981  1.84649e+16  0     
   5309.5244  3.55319e-17  3.60676e-17  2.49295e-18    1803   115.987  1.84376e+16  0     
   5311.7256  3.25407e-17  3.85579e-17  2.48747e-18    1804   115.993  1.84103e+16  0     
   5313.9268  3.31030e-17  3.80979e-17  2.49112e-18    1805   115.999  1.83829e+16  0     
   5316.1279  2.96551e-17  3.56931e-17  2.40268e-18    1806   116.005  1.83567e+16  0     
   5318.3286  3.21032e-17  3.38494e-17  2.41414e-18    1807   116.011  1.83306e+16  0     
   5320.5298  3.21199e-17  3.42566e-17  2.42281e-18    1808   116.017  1.83037e+16  0     
   5322.7310  3.41085e-17  3.38520e-17  2.44956e-18    1809   116.023  1.82764e+16  0     
   5324.9316  3.54695e-17  3.28358e-17  2.45700e-18    1810   116.029  1.82492e+16  0     
   5327.1328  3.23734e-17  3.41700e-17  2.43158e-18    1811   116.035  1.82226e+16  0     
   5329.3335  3.07774e-17  3.35225e-17  2.39812e-18    1812   116.041  1.81966e+16  0     
   5331.5347  3.41904e-17  3.40920e-17  2.46269e-18    1813   116.047  1.81706e+16  0     
   5333.7354  3.57141e-17  3.38665e-17  2.48495e-18    1814   116.054  1.81424e+16  0     
   5335.9365  3.11951e-17  3.39272e-17  2.41767e-18    1815   116.060  1.81113e+16  0     
   5338.1372  3.12796e-17  3.35708e-17  2.41573e-18    1816   116.066  1.80804e+16  0     
   5340.3379  3.40684e-17  3.33766e-17  2.45884e-18    1817   116.072  1.80520e+16  0     
   5342.5391  2.97782e-17  3.22537e-17  2.37460e-18    1818   116.078  1.80260e+16  0     
   5344.7397  3.50703e-17  3.27222e-17  2.46822e-18    1819   116.084  1.80013e+16  0     
   5346.9404  3.67162e-17  3.27833e-17  2.49670e-18    1820   116.090  1.79767e+16  0     
   5349.1411  2.88466e-17  3.38827e-17  2.39159e-18    1821   116.096  1.79514e+16  0     
   5351.3418  3.37889e-17  3.23611e-17  2.44824e-18    1822   116.102  1.79265e+16  0     
   5353.5425  3.11602e-17  3.34824e-17  2.42606e-18    1823   116.108  1.79034e+16  0     
   5355.7432  3.24888e-17  3.34667e-17  2.44867e-18    1824   116.114  1.78816e+16  0     
   5357.9438  3.64082e-17  3.23106e-17  2.49387e-18    1825   116.120  1.78595e+16  0     
   5360.1445  3.39739e-17  3.23352e-17  2.45785e-18    1826   116.126  1.78363e+16  0     
   5362.3452  3.48469e-17  3.26629e-17  2.47863e-18    1827   116.132  1.78132e+16  0     
   5364.5459  3.36605e-17  3.27618e-17  2.46315e-18    1828   116.138  1.77919e+16  0     
   5366.7461  3.59912e-17  3.09062e-17  2.47231e-18    1829   116.145  1.77713e+16  0     
   5368.9468  3.36939e-17  3.20173e-17  2.45514e-18    1830   116.151  1.77504e+16  0     
   5371.1475  3.45534e-17  3.18016e-17  2.46696e-18    1831   116.157  1.77304e+16  0     
   5373.3477  3.32834e-17  3.33877e-17  2.47352e-18    1832   116.163  1.77113e+16  0     
   5375.5483  3.37087e-17  3.37348e-17  2.48712e-18    1833   116.169  1.76939e+16  0     
   5377.7485  3.33647e-17  3.32927e-17  2.47576e-18    1834   116.175  1.76805e+16  0     
   5379.9492  3.51055e-17  3.36431e-17  2.50955e-18    1835   116.181  1.76701e+16  0     
   5382.1494  3.45969e-17  3.31971e-17  2.49544e-18    1836   116.187  1.76593e+16  0     
   5384.3501  3.46478e-17  3.30839e-17  2.49550e-18    1837   116.193  1.76464e+16  0     
   5386.5503  3.11740e-17  3.21123e-17  2.42544e-18    1838   116.199  1.76331e+16  0     
   5388.7505  3.27008e-17  3.23205e-17  2.45463e-18    1839   116.205  1.76182e+16  0     
   5390.9507  3.54491e-17  3.19738e-17  2.49432e-18    1840   116.211  1.76006e+16  0     
   5393.1509  3.19964e-17  3.20077e-17  2.44109e-18    1841   116.217  1.75826e+16  0     
   5395.3511  3.34965e-17  3.13391e-17  2.45592e-18    1842   116.223  1.75651e+16  0     
   5397.5513  3.41300e-17  3.23790e-17  2.48423e-18    1843   116.230  1.75463e+16  0     
   5399.7515  3.54802e-17  3.04682e-17  2.47678e-18    1844   116.236  1.75280e+16  0     
   5401.9517  3.42812e-17  3.19418e-17  2.48241e-18    1845   116.242  1.75127e+16  0     
   5404.1519  3.22894e-17  2.91801e-17  2.40636e-18    1846   116.248  1.74990e+16  0     
   5406.3516  3.19213e-17  3.13381e-17  2.43690e-18    1847   116.254  1.74842e+16  0     
   5408.5518  3.45420e-17  3.01265e-17  2.46112e-18    1848   116.260  1.74674e+16  0     
   5410.7520  3.50139e-17  3.11686e-17  2.48692e-18    1849   116.266  1.74493e+16  0     
   5412.9517  3.82411e-17  3.10885e-17  2.53837e-18    1850   116.272  1.74304e+16  0     
   5415.1519  3.49363e-17  3.09994e-17  2.48611e-18    1851   116.278  1.74110e+16  0     
   5417.3516  3.33423e-17  3.09224e-17  2.46085e-18    1852   116.284  1.73902e+16  0     
   5419.5518  3.35979e-17  3.22483e-17  2.48811e-18    1853   116.290  1.73692e+16  0     
   5421.7515  3.50655e-17  3.13788e-17  2.49935e-18    1854   116.296  1.73492e+16  0     
   5423.9512  3.43907e-17  3.10598e-17  2.48495e-18    1855   116.302  1.73303e+16  0     
   5426.1514  3.30510e-17  3.34235e-17  2.50292e-18    1856   116.308  1.73120e+16  0     
   5428.3511  3.74919e-17  3.19637e-17  2.55199e-18    1857   116.315  1.72913e+16  0     
   5430.5508  3.42750e-17  3.18118e-17  2.50026e-18    1858   116.321  1.72690e+16  0     
   5432.7505  3.64687e-17  3.01702e-17  2.51099e-18    1859   116.327  1.72468e+16  0     
   5434.9502  3.35334e-17  3.19053e-17  2.49335e-18    1860   116.333  1.72265e+16  0     
   5437.1499  3.37514e-17  3.09345e-17  2.48258e-18    1861   116.339  1.72093e+16  0     
   5439.3496  3.22676e-17  3.26208e-17  2.48713e-18    1862   116.345  1.71941e+16  0     
   5441.5488  3.70146e-17  3.27109e-17  2.56583e-18    1863   116.351  1.71784e+16  0     
   5443.7485  3.49540e-17  3.23664e-17  2.52912e-18    1864   116.357  1.71610e+16  0     
   5445.9482  3.31685e-17  3.25337e-17  2.50466e-18    1865   116.363  1.71424e+16  0     
   5448.1475  4.00268e-17  3.28988e-17  2.62064e-18    1866   116.369  1.71223e+16  0     
   5450.3472  3.48404e-17  3.19126e-17  2.52499e-18    1867   116.375  1.71023e+16  0     
   5452.5464  3.23902e-17  3.30148e-17  2.50500e-18    1868   116.381  1.70813e+16  0     
   5454.7456  3.81432e-17  3.37451e-17  2.61046e-18    1869   116.387  1.70542e+16  0     
   5456.9453  4.09771e-17  3.20665e-17  2.63109e-18    1870   116.393  1.70238e+16  0     
   5459.1445  3.89968e-17  3.21137e-17  2.60339e-18    1871   116.400  1.69958e+16  0     
   5461.3438  3.59819e-17  3.32057e-17  2.57555e-18    1872   116.406  1.69669e+16  0     
   5463.5430  3.52746e-17  3.22029e-17  2.55094e-18    1873   116.412  1.69356e+16  0     
   5465.7422  3.54242e-17  3.35399e-17  2.57751e-18    1874   116.418  1.69038e+16  0     
   5467.9414  4.28887e-17  3.20937e-17  2.67479e-18    1875   116.424  1.68695e+16  0     
   5470.1406  3.76533e-17  3.30011e-17  2.61050e-18    1876   116.430  1.68336e+16  0     
   5472.3398  3.87125e-17  3.33107e-17  2.63495e-18    1877   116.436  1.68012e+16  0     
   5474.5391  3.55694e-17  3.43112e-17  2.60398e-18    1878   116.442  1.67690e+16  0     
   5476.7378  3.55965e-17  3.46636e-17  2.61331e-18    1879   116.448  1.67320e+16  0     
   5478.9370  3.37796e-17  3.12723e-17  2.53247e-18    1880   116.454  1.66951e+16  0     
   5481.1362  3.94375e-17  3.22503e-17  2.64239e-18    1881   116.460  1.66601e+16  0     
   5483.3350  3.38191e-17  3.23479e-17  2.55709e-18    1882   116.466  1.66231e+16  0     
   5485.5337  3.74702e-17  3.25222e-17  2.62217e-18    1883   116.472  1.65863e+16  0     
   5487.7329  3.64547e-17  3.38473e-17  2.63058e-18    1884   116.478  1.65482e+16  0     
   5489.9316  3.61308e-17  3.21655e-17  2.60186e-18    1885   116.484  1.65099e+16  0     
   5492.1304  4.01313e-17  3.27888e-17  2.67879e-18    1886   116.491  1.64752e+16  0     
   5494.3291  3.77827e-17  3.37540e-17  2.66032e-18    1887   116.497  1.64387e+16  0     
   5496.5278  3.94861e-17  3.44818e-17  2.70211e-18    1888   116.503  1.64017e+16  0     
   5498.7266  3.59119e-17  3.39180e-17  2.63963e-18    1889   116.509  1.63677e+16  0     
   5500.9253  3.82813e-17  3.68079e-17  2.72669e-18    1890   116.515  1.63273e+16  0     
   5503.1240  4.12262e-17  3.58211e-17  2.76147e-18    1891   116.521  1.62816e+16  0     
   5505.3228  3.73713e-17  3.34054e-17  2.66710e-18    1892   116.527  1.62364e+16  0     
   5507.5210  3.65594e-17  3.54862e-17  2.69172e-18    1893   116.533  1.61906e+16  0     
   5509.7197  3.23171e-17  3.41200e-17  2.60523e-18    1894   116.539  1.61433e+16  0     
   5511.9180  3.57117e-17  3.42128e-17  2.66697e-18    1895   116.545  1.60931e+16  0     
   5514.1167  3.54225e-17  3.30237e-17  2.64775e-18    1896   116.551  1.60425e+16  0     
   5516.3149  3.30999e-17  3.40634e-17  2.63164e-18    1897   116.557  1.59905e+16  0     
   5518.5132  3.67254e-17  3.29880e-17  2.67885e-18    1898   116.563  1.59341e+16  0     
   5520.7119  3.51485e-17  3.38734e-17  2.67328e-18    1899   116.569  1.58751e+16  0     
   5522.9102  3.80656e-17  3.41951e-17  2.73173e-18    1900   116.575  1.58148e+16  0     
   5525.1084  3.29366e-17  3.57475e-17  2.67985e-18    1901   116.581  1.57513e+16  0     
   5527.3066  3.68689e-17  3.35727e-17  2.71534e-18    1902   116.588  1.56837e+16  0     
   5529.5049  3.98188e-17  3.31008e-17  2.76252e-18    1903   116.594  1.56140e+16  0     
   5531.7031  4.03701e-17  3.61632e-17  2.82742e-18    1904   116.600  1.55434e+16  0     
   5533.9009  3.60847e-17  3.53135e-17  2.75268e-18    1905   116.606  1.54691e+16  0     
   5536.0991  3.87510e-17  3.53146e-17  2.80385e-18    1906   116.612  1.53923e+16  0     
   5538.2969  3.63147e-17  3.51591e-17  2.77010e-18    1907   116.618  1.53128e+16  0     
   5540.4951  3.70386e-17  3.81689e-17  2.83919e-18    1908   116.624  1.52320e+16  0     
   5542.6929  3.49082e-17  4.24691e-17  2.88291e-18    1909   116.630  1.51482e+16  0     
   5544.8911  3.13331e-17  4.40001e-17  2.85947e-18    1910   116.636  1.50631e+16  0     
   5547.0889  3.88796e-17  4.20160e-17  2.95782e-18    1911   116.642  1.49736e+16  0     
   5549.2866  3.66944e-17  4.15185e-17  2.92575e-18    1912   116.648  1.48820e+16  0     
   5551.4844  3.49508e-17  3.86781e-17  2.86227e-18    1913   116.654  1.47870e+16  0     
   5553.6821  3.40950e-17  4.10712e-17  2.89911e-18    1914   116.660  1.46835e+16  0     
   5555.8799  4.00569e-17  3.84629e-17  2.96474e-18    1915   116.666  1.45852e+16  0     
   5558.0776  3.73059e-17  3.93258e-17  2.94503e-18    1916   116.672  1.44926e+16  0     
   5560.2754  3.57582e-17  4.18006e-17  2.97195e-18    1917   116.678  1.43923e+16  0     
   5562.4727  3.12044e-17  4.52820e-17  2.96664e-18    1918   116.684  1.42903e+16  0     
   5564.6704  3.23593e-17  4.75703e-17  3.03479e-18    1919   116.691  1.41900e+16  0     
   5566.8682  3.53686e-17  4.79706e-17  3.10268e-18    1920   116.697  1.40833e+16  0     
   5569.0654  3.61617e-17  4.63097e-17  3.10304e-18    1921   116.703  1.39713e+16  0     
   5571.2627  3.16480e-17  4.54291e-17  3.02979e-18    1922   116.709  1.38568e+16  0     
   5573.4604  3.79075e-17  1.09334e-16  4.04495e-18    1923   116.715  1.37409e+16  0     
   5575.6577  3.09896e-17  6.40449e-16  8.36490e-18    1924   116.721  1.36205e+16  0     
   5577.8550  2.61752e-17  8.28355e-16  9.45842e-18    1925   116.727  1.34978e+16  0     
   5580.0522  3.02043e-17  8.25985e-16  9.51230e-18    1926   116.733  1.33729e+16  0     
   5582.2495  2.77201e-17  3.63045e-16  6.52440e-18    1927   116.739  1.32450e+16  0     
   5584.4468  3.88476e-17  7.26506e-17  3.66489e-18    1928   116.745  1.31146e+16  0     
   5586.6440  3.55501e-17  5.11377e-17  3.30649e-18    1929   116.751  1.29801e+16  0     
   5588.8408  3.32090e-17  4.87509e-17  3.24897e-18    1930   116.757  1.28435e+16  0     
   5591.0381  3.41818e-17  4.62757e-17  3.24478e-18    1931   116.763  1.27014e+16  0     
   5593.2349  2.67586e-17  4.66502e-17  3.14459e-18    1932   116.769  1.25589e+16  0     
   5595.4321  3.28744e-17  4.17684e-17  3.18772e-18    1933   116.775  1.24153e+16  0     
   5597.6289  3.60569e-17  4.27922e-17  3.28365e-18    1934   116.781  1.22674e+16  0     
   5599.8257  3.40700e-17  4.25552e-17  3.26914e-18    1935   116.787  1.21144e+16  0     
   5602.0225  3.22781e-17  4.44858e-17  3.29690e-18    1936   116.793  1.19569e+16  0     
   5604.2197  3.19070e-17  4.69416e-17  3.35988e-18    1937   116.799  1.17974e+16  0     
   5606.4165  2.84514e-17  4.81666e-17  3.34800e-18    1938   116.806  1.16344e+16  0     
   5608.6128  3.67222e-17  4.62379e-17  3.48882e-18    1939   116.812  1.14667e+16  0     
   5610.8096  3.44639e-17  4.19318e-17  3.40302e-18    1940   116.818  1.12964e+16  0     
   5613.0063  3.38836e-17  4.15151e-17  3.41558e-18    1941   116.824  1.11272e+16  0     
   5615.2031  3.17270e-17  3.88116e-17  3.35682e-18    1942   116.830  1.09559e+16  0     
   5617.3994  2.97085e-17  4.10383e-17  3.39392e-18    1943   116.836  1.07790e+16  0     
   5619.5962  3.87330e-17  4.04007e-17  3.58462e-18    1944   116.842  1.06028e+16  0     
   5621.7925  3.41400e-17  4.48833e-17  3.61815e-18    1945   116.848  1.04290e+16  0     
   5623.9888  3.08861e-17  4.41974e-17  3.58230e-18    1946   116.854  1.02490e+16  0     
   5626.1851  3.16502e-17  4.45744e-17  3.64349e-18    1947   116.860  1.00647e+16  0     
   5628.3818  3.38129e-17  4.24332e-17  3.68562e-18    1948   116.866  9.87682e+15  0     
   5630.5781  3.44000e-17  3.94674e-17  3.68324e-18    1949   116.872  9.68693e+15  0     
   5632.7744  3.63620e-17  4.07121e-17  3.79090e-18    1950   116.878  9.49504e+15  0     
   5634.9702  3.23298e-17  3.88993e-17  3.72318e-18    1951   116.884  9.30191e+15  0     
   5637.1665  3.27844e-17  3.92745e-17  3.78823e-18    1952   116.890  9.10964e+15  0     
   5639.3628  3.49137e-17  3.89946e-17  3.87641e-18    1953   116.896  8.91530e+15  0     
   5641.5586  3.40287e-17  4.04411e-17  3.94066e-18    1954   116.902  8.72190e+15  0     
   5643.7549  2.87076e-17  4.35272e-17  3.95028e-18    1955   116.908  8.52732e+15  0     
   5645.9507  3.79089e-17  4.22415e-17  4.16967e-18    1956   116.914  8.33047e+15  0     
   5648.1465  3.20830e-17  4.28363e-17  4.12414e-18    1957   116.920  8.13551e+15  0     
   5650.3428  2.37767e-17  4.07851e-17  3.96488e-18    1958   116.926  7.94063e+15  0     
   5652.5386  3.41256e-17  4.05158e-17  4.24743e-18    1959   116.932  7.74465e+15  0     
   5654.7344  3.46362e-17  3.80915e-17  4.27574e-18    1960   116.938  7.54832e+15  0     
   5656.9302  2.68915e-17  4.00542e-17  4.22097e-18    1961   116.944  7.35059e+15  0     
   5659.1260  3.19502e-17  3.93311e-17  4.39265e-18    1962   116.950  7.15353e+15  0     
   5661.3213  2.72540e-17  4.03901e-17  4.39036e-18    1963   116.956  6.95633e+15  0     
   5663.5171  3.04332e-17  4.23928e-17  4.59055e-18    1964   116.963  6.75977e+15  0     
   5665.7124  3.21360e-17  3.99476e-17  4.66122e-18    1965   116.969  6.56523e+15  0     
   5667.9082  2.65532e-17  4.60118e-17  4.76423e-18    1966   116.975  6.37098e+15  0     
   5668.4507  3.58324e-17  3.32282e-17  4.95698e-18     227   426.879  5.84694e+15  0     
   5669.5938  3.15299e-17  3.47877e-17  4.86120e-18     228   426.879  5.90012e+15  0     
   5670.7373  2.91521e-17  3.46233e-17  4.77021e-18     229   426.879  5.95355e+15  0     
   5671.8809  3.52055e-17  3.55176e-17  4.90772e-18     230   426.880  6.00768e+15  0     
   5673.0239  2.91333e-17  3.73196e-17  4.77753e-18     231   426.880  6.06161e+15  0     
   5674.1675  2.63467e-17  3.67172e-17  4.66759e-18     232   426.880  6.11575e+15  0     
   5675.3110  3.81424e-17  3.73058e-17  4.93158e-18     233   426.880  6.16946e+15  0     
   5676.4546  2.73329e-17  4.12520e-17  4.74508e-18     234   426.880  6.22321e+15  0     
   5677.5986  3.35790e-17  4.42645e-17  4.93104e-18     235   426.881  6.27599e+15  0     
   5678.7422  3.41314e-17  4.32815e-17  4.89539e-18     236   426.881  6.32765e+15  0     
   5679.8857  3.34404e-17  4.41107e-17  4.87291e-18     237   426.881  6.37922e+15  0     
   5681.0298  2.54508e-17  4.23236e-17  4.62455e-18     238   426.881  6.43132e+15  0     
   5682.1733  3.25801e-17  3.84068e-17  4.67405e-18     239   426.882  6.48392e+15  0     
   5683.3174  3.36393e-17  3.66732e-17  4.63429e-18     240   426.882  6.53606e+15  0     
   5684.4609  3.33439e-17  3.43132e-17  4.54967e-18     241   426.882  6.58721e+15  0     
   5685.6050  3.09804e-17  3.39731e-17  4.46306e-18     242   426.882  6.63995e+15  0     
   5686.7490  3.82209e-17  3.27422e-17  4.57822e-18     243   426.883  6.69259e+15  0     
   5687.8931  2.99189e-17  3.32265e-17  4.37592e-18     244   426.883  6.74250e+15  0     
   5689.0371  2.95335e-17  3.33460e-17  4.34869e-18     245   426.883  6.79177e+15  0     
   5690.1812  2.52213e-17  3.67978e-17  4.30787e-18     246   426.883  6.84085e+15  0     
   5691.3252  3.53202e-17  3.52029e-17  4.48367e-18     247   426.884  6.88840e+15  0     
   5692.4692  3.57457e-17  3.59411e-17  4.48983e-18     248   426.884  6.93593e+15  0     
   5693.6138  3.72100e-17  3.53155e-17  4.48880e-18     249   426.884  6.98334e+15  0     
   5694.7578  3.02274e-17  3.40648e-17  4.28333e-18     250   426.884  7.03125e+15  0     
   5695.9023  3.87007e-17  3.22647e-17  4.41472e-18     251   426.884  7.08040e+15  0     
   5697.0464  3.11474e-17  3.62165e-17  4.31483e-18     252   426.885  7.12889e+15  0     
   5698.1909  3.47005e-17  3.42163e-17  4.33112e-18     253   426.885  7.17651e+15  0     
   5699.3350  3.69739e-17  3.35316e-17  4.34826e-18     254   426.885  7.22339e+15  0     
   5700.4795  3.03949e-17  3.51757e-17  4.22005e-18     255   426.885  7.27013e+15  0     
   5701.6240  3.22238e-17  3.59908e-17  4.26279e-18     256   426.886  7.31442e+15  0     
   5702.7686  3.06468e-17  3.42647e-17  4.17236e-18     257   426.886  7.35831e+15  0     
   5703.9131  3.56058e-17  3.39040e-17  4.25845e-18     258   426.886  7.40325e+15  0     
   5705.0581  3.53755e-17  3.34213e-17  4.22644e-18     259   426.886  7.44776e+15  0     
   5706.2026  3.41075e-17  3.36739e-17  4.18824e-18     260   426.887  7.49141e+15  0     
   5707.3472  3.51016e-17  3.24756e-17  4.16822e-18     261   426.887  7.53484e+15  0     
   5708.4922  3.46476e-17  3.38541e-17  4.17307e-18     262   426.887  7.57874e+15  0     
   5709.6367  3.96331e-17  3.20854e-17  4.22773e-18     263   426.887  7.62225e+15  0     
   5710.7817  4.20779e-17  3.37685e-17  4.30051e-18     264   426.888  7.66534e+15  0     
   5711.9263  3.17766e-17  3.46739e-17  4.08344e-18     265   426.888  7.70734e+15  0     
   5713.0713  3.86748e-17  3.25048e-17  4.17254e-18     266   426.888  7.74808e+15  0     
   5714.2163  3.20486e-17  3.79683e-17  4.13375e-18     267   426.888  7.78870e+15  0     
   5715.3613  3.85466e-17  3.45607e-17  4.18618e-18     268   426.889  7.82918e+15  0     
   5716.5063  3.72999e-17  3.65671e-17  4.18894e-18     269   426.889  7.86879e+15  0     
   5717.6514  3.15267e-17  3.67667e-17  4.05651e-18     270   426.889  7.90939e+15  0     
   5718.7964  3.66370e-17  3.61726e-17  4.14014e-18     271   426.889  7.94880e+15  0     
   5719.9419  3.20707e-17  3.34417e-17  3.97109e-18     272   426.890  7.98673e+15  0     
   5721.0869  3.71604e-17  3.40105e-17  4.08106e-18     273   426.890  8.02414e+15  0     
   5722.2319  2.91074e-17  3.63990e-17  3.94732e-18     274   426.890  8.06176e+15  0     
   5723.3774  3.93342e-17  3.41609e-17  4.10620e-18     275   426.890  8.09869e+15  0     
   5724.5225  3.69838e-17  3.60147e-17  4.08505e-18     276   426.891  8.13279e+15  0     
   5725.6680  3.37414e-17  3.55793e-17  3.99675e-18     277   426.891  8.16721e+15  0     
   5726.8135  3.76870e-17  3.44703e-17  4.04616e-18     278   426.891  8.20102e+15  0     
   5727.9590  3.13431e-17  3.51285e-17  3.91503e-18     279   426.891  8.23515e+15  0     
   5729.1045  3.73421e-17  3.36885e-17  4.00156e-18     280   426.892  8.26949e+15  0     
   5730.2500  3.73919e-17  3.29793e-17  3.97722e-18     281   426.892  8.30425e+15  0     
   5731.3955  3.57603e-17  3.43579e-17  3.96154e-18     282   426.892  8.33880e+15  0     
   5732.5410  4.08023e-17  3.35219e-17  4.03878e-18     283   426.892  8.37274e+15  0     
   5733.6865  3.59139e-17  3.48429e-17  3.95535e-18     284   426.893  8.40482e+15  0     
   5734.8325  4.21126e-17  3.21813e-17  4.01950e-18     285   426.893  8.43529e+15  0     
   5735.9780  3.27425e-17  3.30455e-17  3.83257e-18     286   426.893  8.46585e+15  0     
   5737.1240  3.89282e-17  3.29556e-17  3.95192e-18     287   426.893  8.49668e+15  0     
   5738.2695  4.05699e-17  3.20549e-17  3.95833e-18     288   426.894  8.52734e+15  0     
   5739.4155  3.54083e-17  3.26956e-17  3.85595e-18     289   426.894  8.55634e+15  0     
   5740.5615  3.22051e-17  3.38918e-17  3.80523e-18     290   426.894  8.58576e+15  0     
   5741.7075  3.72197e-17  3.15615e-17  3.85348e-18     291   426.895  8.61555e+15  0     
   5742.8535  3.62571e-17  3.38410e-17  3.87325e-18     292   426.895  8.64292e+15  0     
   5743.9995  3.83698e-17  3.24601e-17  3.88079e-18     293   426.895  8.67014e+15  0     
   5745.1455  4.17840e-17  3.15633e-17  3.92451e-18     294   426.895  8.69823e+15  0     
   5746.2915  3.51542e-17  3.32838e-17  3.81547e-18     295   426.896  8.72692e+15  0     
   5747.4375  4.25426e-17  3.23145e-17  3.93925e-18     296   426.896  8.75506e+15  0     
   5748.5840  4.11432e-17  3.28047e-17  3.91314e-18     297   426.896  8.78310e+15  0     
   5749.7300  4.37426e-17  3.31093e-17  3.96368e-18     298   426.896  8.81093e+15  0     
   5750.8765  3.76445e-17  3.24387e-17  3.81976e-18     299   426.897  8.83671e+15  0     
   5752.0225  4.51675e-17  3.19494e-17  3.95475e-18     300   426.897  8.86246e+15  0     
   5753.1689  4.11874e-17  3.17550e-17  3.86429e-18     301   426.897  8.88796e+15  0     
   5754.3154  4.07203e-17  3.32326e-17  3.87755e-18     302   426.897  8.91440e+15  0     
   5755.4619  3.25173e-17  3.29340e-17  3.69569e-18     303   426.898  8.94181e+15  0     
   5756.6084  4.18599e-17  3.16969e-17  3.85495e-18     304   426.898  8.96929e+15  0     
   5757.7549  4.09230e-17  3.14004e-17  3.82317e-18     305   426.898  8.99563e+15  0     
   5758.9014  3.77624e-17  3.24901e-17  3.77493e-18     306   426.899  9.01946e+15  0     
   5760.0479  4.83030e-17  3.19388e-17  3.96698e-18     307   426.899  9.04360e+15  0     
   5761.1943  4.06522e-17  3.32053e-17  3.83502e-18     308   426.899  9.06813e+15  0     
   5762.3413  3.89129e-17  3.28513e-17  3.78635e-18     309   426.899  9.09386e+15  0     
   5763.4878  4.16762e-17  3.47560e-17  3.87268e-18     310   426.900  9.11947e+15  0     
   5764.6348  3.86257e-17  3.31482e-17  3.77401e-18     311   426.900  9.14283e+15  0     
   5765.7812  4.28367e-17  3.28446e-17  3.84579e-18     312   426.900  9.16635e+15  0     
   5766.9282  3.97323e-17  3.44171e-17  3.80947e-18     313   426.900  9.19000e+15  0     
   5768.0752  4.08672e-17  3.40539e-17  3.81915e-18     314   426.901  9.21196e+15  0     
   5769.2222  5.16115e-17  3.36883e-17  4.01317e-18     315   426.901  9.23343e+15  0     
   5770.3691  4.24019e-17  3.76009e-17  3.90701e-18     316   426.901  9.25532e+15  0     
   5771.5161  4.21983e-17  3.63230e-17  3.87271e-18     317   426.902  9.27795e+15  0     
   5772.6631  4.04079e-17  3.74118e-17  3.85375e-18     318   426.902  9.29922e+15  0     
   5773.8101  4.19102e-17  3.77677e-17  3.88461e-18     319   426.902  9.31890e+15  0     
   5774.9570  4.79627e-17  3.82006e-17  4.00192e-18     320   426.902  9.33902e+15  0     
   5776.1045  4.33094e-17  3.89244e-17  3.92271e-18     321   426.903  9.36075e+15  0     
   5777.2515  4.21427e-17  3.49703e-17  3.81897e-18     322   426.903  9.38359e+15  0     
   5778.3989  4.30841e-17  3.36375e-17  3.80591e-18     323   426.903  9.40571e+15  0     
   5779.5459  4.48505e-17  3.35593e-17  3.83327e-18     324   426.904  9.42695e+15  0     
   5780.6934  4.07133e-17  3.11088e-17  3.69901e-18     325   426.904  9.44974e+15  0     
   5781.8408  4.42847e-17  3.15102e-17  3.77140e-18     326   426.904  9.47328e+15  0     
   5782.9883  4.29548e-17  3.17863e-17  3.74535e-18     327   426.904  9.49614e+15  0     
   5784.1357  4.40207e-17  3.20873e-17  3.76650e-18     328   426.905  9.51866e+15  0     
   5785.2832  4.45278e-17  3.01827e-17  3.73427e-18     329   426.905  9.53985e+15  0     
   5786.4307  4.91599e-17  3.26564e-17  3.86496e-18     330   426.905  9.56172e+15  0     
   5787.5781  4.48446e-17  3.25686e-17  3.77619e-18     331   426.906  9.58320e+15  0     
   5788.7256  4.63083e-17  3.14939e-17  3.77858e-18     332   426.906  9.60441e+15  0     
   5789.8735  4.84300e-17  3.26571e-17  3.83569e-18     333   426.906  9.62614e+15  0     
   5791.0210  4.44177e-17  3.09943e-17  3.72224e-18     334   426.906  9.64818e+15  0     
   5792.1689  4.75571e-17  3.46206e-17  3.84537e-18     335   426.907  9.67107e+15  0     
   5793.3164  4.46736e-17  3.26267e-17  3.74782e-18     336   426.907  9.69394e+15  0     
   5794.4644  4.49247e-17  3.20081e-17  3.73544e-18     337   426.907  9.71685e+15  0     
   5795.6123  4.31502e-17  3.35276e-17  3.72540e-18     338   426.908  9.73904e+15  0     
   5796.7603  4.51657e-17  3.28730e-17  3.74618e-18     339   426.908  9.76131e+15  0     
   5797.9082  5.03470e-17  3.29477e-17  3.83957e-18     340   426.908  9.78313e+15  0     
   5799.0562  5.16279e-17  3.49149e-17  3.89408e-18     341   426.908  9.80449e+15  0     
   5800.2041  5.44603e-17  3.24248e-17  3.89527e-18     342   426.909  9.82581e+15  0     
   5801.3521  4.62242e-17  3.24214e-17  3.73795e-18     343   426.909  9.84693e+15  0     
   5802.5005  5.25639e-17  3.20828e-17  3.84464e-18     344   426.909  9.86776e+15  0     
   5803.6484  5.41719e-17  3.22673e-17  3.87251e-18     345   426.910  9.88834e+15  0     
   5804.7964  4.70779e-17  3.27983e-17  3.74672e-18     346   426.910  9.90983e+15  0     
   5805.9448  4.92857e-17  3.47748e-17  3.81930e-18     347   426.910  9.93101e+15  0     
   5807.0933  5.56488e-17  3.24549e-17  3.88783e-18     348   426.911  9.95166e+15  0     
   5808.2412  5.30757e-17  3.29281e-17  3.84526e-18     349   426.911  9.97207e+15  0     
   5809.3896  5.17076e-17  3.19069e-17  3.79700e-18     350   426.911  9.99293e+15  0     
   5810.5381  5.09645e-17  3.19279e-17  3.77931e-18     351   426.911  1.00127e+16  0     
   5811.6865  5.49633e-17  3.21868e-17  3.85221e-18     352   426.912  1.00321e+16  0     
   5812.8350  4.61893e-17  3.52643e-17  3.74417e-18     353   426.912  1.00513e+16  0     
   5813.9834  5.72122e-17  3.34607e-17  3.90628e-18     354   426.912  1.00701e+16  0     
   5815.1318  5.42083e-17  3.37616e-17  3.85391e-18     355   426.913  1.00893e+16  0     
   5816.2808  5.36397e-17  3.40077e-17  3.84371e-18     356   426.913  1.01090e+16  0     
   5817.4292  5.36985e-17  3.39415e-17  3.83893e-18     357   426.913  1.01296e+16  0     
   5818.5781  4.67101e-17  3.40590e-17  3.70995e-18     358   426.914  1.01490e+16  0     
   5819.7266  5.17643e-17  3.22230e-17  3.76488e-18     359   426.914  1.01669e+16  0     
   5820.8755  5.45973e-17  3.33162e-17  3.83144e-18     360   426.914  1.01850e+16  0     
   5822.0239  4.89788e-17  3.34691e-17  3.72903e-18     361   426.914  1.02027e+16  0     
   5823.1729  5.11261e-17  3.50121e-17  3.79177e-18     362   426.915  1.02210e+16  0     
   5824.3218  4.95809e-17  3.18088e-17  3.70179e-18     363   426.915  1.02391e+16  0     
   5825.4707  5.19626e-17  3.47146e-17  3.79367e-18     364   426.915  1.02563e+16  0     
   5826.6196  5.12674e-17  3.41713e-17  3.76772e-18     365   426.916  1.02736e+16  0     
   5827.7686  4.82324e-17  3.20435e-17  3.67018e-18     366   426.916  1.02912e+16  0     
   5828.9175  4.48334e-17  3.26681e-17  3.61513e-18     367   426.916  1.03086e+16  0     
   5830.0669  5.15787e-17  3.29345e-17  3.73995e-18     368   426.917  1.03251e+16  0     
   5831.2158  4.97994e-17  3.27428e-17  3.70088e-18     369   426.917  1.03413e+16  0     
   5832.3652  4.15145e-17  3.47008e-17  3.58095e-18     370   426.917  1.03571e+16  0     
   5833.5142  4.33361e-17  3.21892e-17  3.56463e-18     371   426.918  1.03734e+16  0     
   5834.6636  4.93547e-17  3.18188e-17  3.66578e-18     372   426.918  1.03895e+16  0     
   5835.8130  4.62051e-17  3.41029e-17  3.64660e-18     373   426.918  1.04056e+16  0     
   5836.9619  4.55067e-17  3.32627e-17  3.61492e-18     374   426.918  1.04220e+16  0     
   5838.1113  4.48450e-17  3.11076e-17  3.55945e-18     375   426.919  1.04374e+16  0     
   5839.2607  4.11491e-17  3.19493e-17  3.50273e-18     376   426.919  1.04520e+16  0     
   5840.4102  4.13237e-17  3.08068e-17  3.48154e-18     377   426.919  1.04658e+16  0     
   5841.5596  4.33089e-17  3.40473e-17  3.57678e-18     378   426.920  1.04804e+16  0     
   5842.7095  4.32828e-17  3.15638e-17  3.52670e-18     379   426.920  1.04966e+16  0     
   5843.8589  3.92513e-17  3.27009e-17  3.46886e-18     380   426.920  1.05122e+16  0     
   5845.0083  3.89882e-17  3.20803e-17  3.44897e-18     381   426.921  1.05273e+16  0     
   5846.1582  3.65247e-17  3.30999e-17  3.41848e-18     382   426.921  1.05414e+16  0     
   5847.3076  3.83801e-17  3.19735e-17  3.42998e-18     383   426.921  1.05541e+16  0     
   5848.4575  3.89282e-17  3.21699e-17  3.44172e-18     384   426.922  1.05669e+16  0     
   5849.6074  3.56117e-17  3.23244e-17  3.37837e-18     385   426.922  1.05793e+16  0     
   5850.7568  3.97225e-17  3.35677e-17  3.47839e-18     386   426.922  1.05918e+16  0     
   5851.9067  4.01956e-17  3.27019e-17  3.46834e-18     387   426.923  1.06051e+16  0     
   5853.0566  3.89467e-17  3.22268e-17  3.43307e-18     388   426.923  1.06182e+16  0     
   5854.2065  3.58163e-17  3.39458e-17  3.40354e-18     389   426.923  1.06313e+16  0     
   5855.3564  3.65680e-17  3.51452e-17  3.43845e-18     390   426.924  1.06432e+16  0     
   5856.5068  3.54353e-17  3.70819e-17  3.45149e-18     391   426.924  1.06543e+16  0     
   5857.6567  3.57147e-17  3.66989e-17  3.44715e-18     392   426.924  1.06665e+16  0     
   5858.8066  3.44544e-17  3.64218e-17  3.41535e-18     393   426.924  1.06802e+16  0     
   5859.9570  4.07272e-17  3.48058e-17  3.50016e-18     394   426.925  1.06941e+16  0     
   5861.1069  3.71588e-17  3.52058e-17  3.43826e-18     395   426.925  1.07076e+16  0     
   5862.2573  3.98106e-17  3.88222e-17  3.55207e-18     396   426.925  1.07200e+16  0     
   5863.4077  4.04841e-17  4.39923e-17  3.65466e-18     397   426.926  1.07320e+16  0     
   5864.5576  3.50069e-17  4.84876e-17  3.63494e-18     398   426.926  1.07436e+16  0     
   5865.7080  4.02211e-17  5.31609e-17  3.80445e-18     399   426.926  1.07545e+16  0     
   5866.8584  3.26792e-17  5.52661e-17  3.70886e-18     400   426.927  1.07652e+16  0     
   5868.0088  3.67895e-17  5.64237e-17  3.79713e-18     401   426.927  1.07761e+16  0     
   5869.1592  3.87357e-17  5.30714e-17  3.77075e-18     402   426.927  1.07880e+16  0     
   5870.3096  3.78049e-17  4.80106e-17  3.66458e-18     403   426.928  1.08003e+16  0     
   5871.4604  3.75043e-17  4.38631e-17  3.58349e-18     404   426.928  1.08115e+16  0     
   5872.6108  3.57632e-17  3.97551e-17  3.47503e-18     405   426.928  1.08220e+16  0     
   5873.7617  3.41682e-17  3.94793e-17  3.43826e-18     406   426.929  1.08328e+16  0     
   5874.9121  3.73044e-17  3.90831e-17  3.48680e-18     407   426.929  1.08441e+16  0     
   5876.0630  3.73480e-17  3.86366e-17  3.47755e-18     408   426.929  1.08537e+16  0     
   5877.2134  4.28092e-17  3.43639e-17  3.49755e-18     409   426.930  1.08631e+16  0     
   5878.3643  3.47386e-17  3.61021e-17  3.37797e-18     410   426.930  1.08730e+16  0     
   5879.5151  3.61198e-17  3.60659e-17  3.40146e-18     411   426.930  1.08828e+16  0     
   5880.6660  3.39613e-17  3.50814e-17  3.34032e-18     412   426.931  1.08917e+16  0     
   5881.8169  3.82679e-17  3.61700e-17  3.44014e-18     413   426.931  1.09003e+16  0     
   5882.9678  3.67839e-17  3.71865e-17  3.42990e-18     414   426.931  1.09086e+16  0     
   5884.1187  3.62957e-17  4.30850e-17  3.52715e-18     415   426.932  1.09177e+16  0     
   5885.2700  3.62767e-17  6.54952e-17  3.90835e-18     416   426.932  1.09263e+16  0     
   5886.4209  3.52687e-17  9.69670e-17  4.37383e-18     417   426.932  1.09351e+16  0     
   5887.5718  3.78983e-17  1.30914e-16  4.87397e-18     418   426.933  1.09437e+16  0     
   5888.7231  3.28662e-17  1.51763e-16  5.07379e-18     419   426.933  1.09513e+16  0     
   5889.8745  3.48777e-17  1.58766e-16  5.18349e-18     420   426.933  1.09581e+16  0     
   5891.0254  3.10414e-17  1.54599e-16  5.08299e-18     421   426.934  1.09648e+16  0     
   5892.1768  2.84779e-17  1.48495e-16  4.97229e-18     422   426.934  1.09710e+16  0     
   5893.3281  3.44092e-17  1.30331e-16  4.81252e-18     423   426.935  1.09773e+16  0     
   5894.4795  2.83778e-17  1.16516e-16  4.54264e-18     424   426.935  1.09840e+16  0     
   5895.6309  3.33350e-17  1.06985e-16  4.47689e-18     425   426.935  1.09912e+16  0     
   5896.7822  2.72403e-17  1.00824e-16  4.29876e-18     426   426.936  1.09989e+16  0     
   5897.9336  4.11467e-17  8.97059e-17  4.33761e-18     427   426.936  1.10075e+16  0     
   5899.0850  3.03821e-17  6.98296e-17  3.86439e-18     428   426.936  1.10172e+16  0     
   5900.2368  3.98874e-17  5.09393e-17  3.70647e-18     429   426.937  1.10257e+16  0     
   5901.3882  3.68892e-17  4.35733e-17  3.52439e-18     430   426.937  1.10340e+16  0     
   5902.5400  3.35415e-17  4.02371e-17  3.40144e-18     431   426.937  1.10421e+16  0     
   5903.6914  3.16403e-17  4.09541e-17  3.37792e-18     432   426.938  1.10505e+16  0     
   5904.8433  2.78392e-17  4.28033e-17  3.33998e-18     433   426.938  1.10584e+16  0     
   5905.9951  3.76572e-17  4.17521e-17  3.49958e-18     434   426.938  1.10656e+16  0     
   5907.1465  3.44851e-17  4.17476e-17  3.44076e-18     435   426.939  1.10731e+16  0     
   5908.2983  3.16092e-17  3.96347e-17  3.34719e-18     436   426.939  1.10808e+16  0     
   5909.4502  3.62836e-17  3.86183e-17  3.41363e-18     437   426.939  1.10883e+16  0     
   5910.6025  3.16745e-17  4.21363e-17  3.39232e-18     438   426.940  1.10950e+16  0     
   5911.7544  2.87420e-17  4.39984e-17  3.37133e-18     439   426.940  1.11015e+16  0     
   5912.9062  3.71880e-17  4.56617e-17  3.55256e-18     440   426.940  1.11088e+16  0     
   5914.0581  3.44321e-17  5.22427e-17  3.61761e-18     441   426.941  1.11175e+16  0     
   5915.2100  3.19932e-17  5.30472e-17  3.58765e-18     442   426.941  1.11260e+16  0     
   5916.3623  3.72884e-17  5.41776e-17  3.69648e-18     443   426.941  1.11326e+16  0     
   5917.5146  3.62342e-17  4.79493e-17  3.57047e-18     444   426.942  1.11379e+16  0     
   5918.6665  3.87914e-17  4.13946e-17  3.49896e-18     445   426.942  1.11433e+16  0     
   5919.8188  3.37446e-17  4.11311e-17  3.40178e-18     446   426.943  1.11503e+16  0     
   5920.9712  3.47146e-17  3.84011e-17  3.36780e-18     447   426.943  1.11593e+16  0     
   5922.1235  3.46931e-17  4.01967e-17  3.39864e-18     448   426.943  1.11690e+16  0     
   5923.2759  3.58934e-17  4.25327e-17  3.46104e-18     449   426.944  1.11782e+16  0     
   5924.4282  3.10559e-17  4.20123e-17  3.36193e-18     450   426.944  1.11869e+16  0     
   5925.5806  3.25133e-17  4.22420e-17  3.39150e-18     451   426.944  1.11948e+16  0     
   5926.7329  3.74177e-17  4.13088e-17  3.46195e-18     452   426.945  1.12026e+16  0     
   5927.8857  3.20604e-17  4.12752e-17  3.36255e-18     453   426.945  1.12109e+16  0     
   5929.0381  3.70212e-17  4.29388e-17  3.48083e-18     454   426.945  1.12197e+16  0     
   5930.1904  3.53103e-17  4.88368e-17  3.55276e-18     455   426.946  1.12291e+16  0     
   5931.3433  2.98130e-17  5.50967e-17  3.56431e-18     456   426.946  1.12382e+16  0     
   5932.4961  3.96575e-17  5.64028e-17  3.75080e-18     457   426.947  1.12477e+16  0     
   5933.6484  3.36736e-17  5.45904e-17  3.61823e-18     458   426.947  1.12582e+16  0     
   5934.8013  3.89140e-17  5.26449e-17  3.67209e-18     459   426.947  1.12681e+16  0     
   5935.9541  3.11980e-17  4.60620e-17  3.42194e-18     460   426.948  1.12780e+16  0     
   5937.1069  3.99304e-17  3.99945e-17  3.46800e-18     461   426.948  1.12865e+16  0     
   5938.2598  3.82715e-17  3.61722e-17  3.36801e-18     462   426.948  1.12941e+16  0     
   5939.4126  3.97073e-17  3.51547e-17  3.37445e-18     463   426.949  1.13008e+16  0     
   5940.5654  3.86788e-17  3.39065e-17  3.33159e-18     464   426.949  1.13073e+16  0     
   5941.7183  3.56015e-17  3.63483e-17  3.31854e-18     465   426.949  1.13147e+16  0     
   5942.8716  3.61118e-17  3.94466e-17  3.38323e-18     466   426.950  1.13225e+16  0     
   5944.0244  3.77966e-17  3.98408e-17  3.41924e-18     467   426.950  1.13307e+16  0     
   5945.1777  3.26041e-17  4.04412e-17  3.33451e-18     468   426.951  1.13388e+16  0     
   5946.3306  2.82285e-17  4.30242e-17  3.30012e-18     469   426.951  1.13462e+16  0     
   5947.4839  2.92945e-17  4.11598e-17  3.28397e-18     470   426.951  1.13537e+16  0     
   5948.6372  3.34566e-17  3.96182e-17  3.33117e-18     471   426.952  1.13609e+16  0     
   5949.7905  3.22638e-17  4.46876e-17  3.40032e-18     472   426.952  1.13679e+16  0     
   5950.9438  3.47386e-17  4.59983e-17  3.46648e-18     473   426.952  1.13745e+16  0     
   5952.0972  3.27773e-17  4.83517e-17  3.47214e-18     474   426.953  1.13813e+16  0     
   5953.2505  2.83944e-17  5.05979e-17  3.43316e-18     475   426.953  1.13882e+16  0     
   5954.4038  3.44828e-17  5.04551e-17  3.53579e-18     476   426.953  1.13958e+16  0     
   5955.5571  3.29283e-17  4.60555e-17  3.43024e-18     477   426.954  1.14037e+16  0     
   5956.7109  3.70752e-17  4.35566e-17  3.45836e-18     478   426.954  1.14094e+16  0     
   5957.8643  3.04435e-17  3.93090e-17  3.26035e-18     479   426.955  1.14148e+16  0     
   5959.0181  3.59846e-17  3.75720e-17  3.32957e-18     480   426.955  1.14205e+16  0     
   5960.1714  4.12624e-17  3.48271e-17  3.37445e-18     481   426.955  1.14266e+16  0     
   5961.3252  3.38317e-17  3.46667e-17  3.23386e-18     482   426.956  1.14324e+16  0     
   5962.4790  3.21168e-17  3.42629e-17  3.19269e-18     483   426.956  1.14390e+16  0     
   5963.6328  3.30000e-17  3.62001e-17  3.24469e-18     484   426.957  1.14460e+16  0     
   5964.7866  3.67865e-17  3.51996e-17  3.29512e-18     485   426.957  1.14533e+16  0     
   5965.9404  3.19369e-17  3.77933e-17  3.25218e-18     486   426.957  1.14601e+16  0     
   5967.0942  2.75715e-17  3.77948e-17  3.16886e-18     487   426.958  1.14659e+16  0     
   5968.2480  3.31016e-17  4.02091e-17  3.31620e-18     488   426.958  1.14719e+16  0     
   5969.4019  3.72365e-17  4.15163e-17  3.41295e-18     489   426.958  1.14783e+16  0     
   5970.5557  3.63650e-17  4.14457e-17  3.39511e-18     490   426.959  1.14847e+16  0     
   5971.7100  3.62061e-17  4.26683e-17  3.41295e-18     491   426.959  1.14907e+16  0     
   5972.8638  3.29991e-17  4.22306e-17  3.34685e-18     492   426.960  1.14960e+16  0     
   5974.0181  3.09367e-17  4.38609e-17  3.33820e-18     493   426.960  1.15009e+16  0     
   5975.1719  3.12340e-17  4.44940e-17  3.35416e-18     494   426.960  1.15057e+16  0     
   5976.3262  3.47457e-17  4.46020e-17  3.41787e-18     495   426.961  1.15103e+16  0.04  
   5977.4805  3.63672e-17  4.31363e-17  3.42001e-18     496   426.961  1.15138e+16  0.253 
   5978.6348  3.88659e-17  4.23760e-17  3.45007e-18     497   426.961  1.15164e+16  0.458 
   5979.7891  3.46941e-17  3.94897e-17  3.32393e-18     498   426.962  1.15193e+16  0.491 
   5980.9434  3.73026e-17  3.78557e-17  3.34094e-18     499   426.962  1.15228e+16  0.491 
   5982.0977  3.89855e-17  3.59454e-17  3.33625e-18     500   426.963  1.15262e+16  0.491 
   5983.2520  3.70860e-17  3.52810e-17  3.28909e-18     501   426.963  1.15294e+16  0.45  
   5984.4067  3.56787e-17  3.47586e-17  3.25310e-18     502   426.963  1.15321e+16  0.279 
   5985.5610  3.54308e-17  3.31790e-17  3.21873e-18     503   426.964  1.15342e+16  0.082 
   5986.7153  3.47183e-17  3.32999e-17  3.20748e-18     504   426.964  1.15352e+16  0.008 
   5987.8701  3.61135e-17  3.41615e-17  3.24948e-18     505   426.965  1.15358e+16  0     
   5989.0244  3.51681e-17  3.44165e-17  3.23643e-18     506   426.965  1.15371e+16  0     
   5990.1792  3.25786e-17  3.64893e-17  3.22651e-18     507   426.965  1.15389e+16  0     
   5991.3340  3.67186e-17  3.63769e-17  3.30059e-18     508   426.966  1.15400e+16  0     
   5992.4888  3.80052e-17  3.63023e-17  3.32251e-18     509   426.966  1.15406e+16  0     
   5993.6436  3.91749e-17  3.84315e-17  3.38183e-18     510   426.967  1.15400e+16  0     
   5994.7983  3.68415e-17  4.07699e-17  3.38214e-18     511   426.967  1.15387e+16  0     
   5995.9531  3.82008e-17  4.23049e-17  3.43371e-18     512   426.967  1.15361e+16  0     
   5997.1079  3.67523e-17  4.31899e-17  3.42424e-18     513   426.968  1.15337e+16  0     
   5998.2627  3.83983e-17  4.26478e-17  3.44383e-18     514   426.968  1.15324e+16  0     
   5999.4180  3.73372e-17  4.27250e-17  3.42655e-18     515   426.969  1.15326e+16  0     
   6000.5728  3.82878e-17  3.86798e-17  3.37175e-18     516   426.969  1.15324e+16  0     
   6001.7280  3.82579e-17  3.90799e-17  3.37820e-18     517   426.969  1.15333e+16  0     
   6002.8828  3.49692e-17  3.90916e-17  3.31891e-18     518   426.970  1.15355e+16  0     
   6004.0381  3.16849e-17  3.92005e-17  3.26036e-18     519   426.970  1.15381e+16  0     
   6005.1929  3.39765e-17  3.82712e-17  3.28518e-18     520   426.971  1.15395e+16  0     
   6006.3481  3.22229e-17  3.60453e-17  3.21118e-18     521   426.971  1.15411e+16  0     
   6007.5034  3.64867e-17  3.58798e-17  3.28693e-18     522   426.971  1.15420e+16  0     
   6008.6587  3.48251e-17  3.36803e-17  3.21526e-18     523   426.972  1.15433e+16  0     
   6009.8140  3.50310e-17  3.16061e-17  3.17978e-18     524   426.972  1.15452e+16  0     
   6010.9697  3.20054e-17  3.36229e-17  3.16015e-18     525   426.973  1.15482e+16  0     
   6012.1250  3.30331e-17  3.17745e-17  3.14406e-18     526   426.973  1.15508e+16  0     
   6013.2803  3.44526e-17  3.23087e-17  3.18084e-18     527   426.973  1.15530e+16  0     
   6014.4355  3.26412e-17  3.20681e-17  3.14151e-18     528   426.974  1.15549e+16  0     
   6015.5913  3.39423e-17  3.29426e-17  3.18255e-18     529   426.974  1.15568e+16  0     
   6016.7466  3.84355e-17  3.07436e-17  3.22517e-18     530   426.975  1.15592e+16  0     
   6017.9023  3.49935e-17  3.36450e-17  3.21458e-18     531   426.975  1.15621e+16  0     
   6019.0581  3.27898e-17  3.35624e-17  3.17117e-18     532   426.975  1.15647e+16  0     
   6020.2139  3.48143e-17  3.18998e-17  3.17762e-18     533   426.976  1.15671e+16  0     
   6021.3696  2.94746e-17  3.18496e-17  3.07366e-18     534   426.976  1.15697e+16  0     
   6022.5249  3.03791e-17  3.30928e-17  3.11505e-18     535   426.977  1.15713e+16  0     
   6023.6807  3.06313e-17  3.34010e-17  3.12555e-18     536   426.977  1.15731e+16  0     
   6024.8369  3.89601e-17  3.19773e-17  3.25501e-18     537   426.977  1.15755e+16  0     
   6025.9927  3.62003e-17  3.22023e-17  3.20746e-18     538   426.978  1.15785e+16  0     
   6027.1484  2.95291e-17  3.44406e-17  3.12301e-18     539   426.978  1.15812e+16  0     
   6028.3042  3.29838e-17  3.34041e-17  3.16861e-18     540   426.979  1.15842e+16  0     
   6029.4604  3.19378e-17  3.27180e-17  3.13526e-18     541   426.979  1.15867e+16  0     
   6030.6162  3.59983e-17  3.30324e-17  3.21743e-18     542   426.980  1.15890e+16  0     
   6031.7725  3.14345e-17  3.60791e-17  3.18872e-18     543   426.980  1.15910e+16  0     
   6032.9287  3.44365e-17  3.37024e-17  3.20023e-18     544   426.980  1.15923e+16  0     
   6034.0845  3.54920e-17  3.30500e-17  3.20745e-18     545   426.981  1.15942e+16  0     
   6035.2407  3.59335e-17  3.19497e-17  3.19471e-18     546   426.981  1.15967e+16  0     
   6036.3970  3.04892e-17  3.21550e-17  3.09461e-18     547   426.982  1.15988e+16  0     
   6037.5532  3.28322e-17  3.33018e-17  3.16120e-18     548   426.982  1.16000e+16  0     
   6038.7095  3.28051e-17  3.16288e-17  3.12860e-18     549   426.982  1.16015e+16  0     
   6039.8657  3.16916e-17  3.16534e-17  3.10745e-18     550   426.983  1.16030e+16  0     
   6041.0220  3.48523e-17  3.10713e-17  3.15624e-18     551   426.983  1.16059e+16  0.042 
   6042.1787  3.13888e-17  3.16172e-17  3.10003e-18     552   426.984  1.16085e+16  0.092 
   6043.3350  2.97136e-17  3.21479e-17  3.07750e-18     553   426.984  1.16107e+16  0.101 
   6044.4917  3.50201e-17  3.13331e-17  3.16335e-18     554   426.985  1.16121e+16  0.143 
   6045.6479  3.63486e-17  3.13459e-17  3.18841e-18     555   426.985  1.16134e+16  0.152 
   6046.8047  3.35961e-17  3.01969e-17  3.11418e-18     556   426.985  1.16146e+16  0.152 
   6047.9614  3.53710e-17  3.11073e-17  3.16505e-18     557   426.986  1.16162e+16  0.194 
   6049.1177  3.12755e-17  3.06709e-17  3.07802e-18     558   426.986  1.16177e+16  0.245 
   6050.2744  3.07433e-17  2.90384e-17  3.03548e-18     559   426.987  1.16190e+16  0.254 
   6051.4312  3.14041e-17  3.18720e-17  3.10334e-18     560   426.987  1.16202e+16  0.254 
   6052.5879  3.16271e-17  3.05042e-17  3.08110e-18     561   426.988  1.16208e+16  0.254 
   6053.7446  3.03909e-17  3.14536e-17  3.07547e-18     562   426.988  1.16212e+16  0.254 
   6054.9014  3.09986e-17  2.96799e-17  3.05267e-18     563   426.988  1.16216e+16  0.212 
   6056.0586  3.32656e-17  3.10741e-17  3.12335e-18     564   426.989  1.16226e+16  0.245 
   6057.2153  3.19845e-17  2.86637e-17  3.05154e-18     565   426.989  1.16250e+16  0.254 
   6058.3721  3.58978e-17  3.04191e-17  3.16021e-18     566   426.990  1.16271e+16  0.254 
   6059.5293  3.67837e-17  2.94828e-17  3.15895e-18     567   426.990  1.16290e+16  0.212 
   6060.6865  3.30992e-17  3.05774e-17  3.10932e-18     568   426.991  1.16307e+16  0.203 
   6061.8433  3.24388e-17  3.15055e-17  3.11416e-18     569   426.991  1.16326e+16  0.203 
   6063.0005  3.31515e-17  3.07779e-17  3.11362e-18     570   426.991  1.16342e+16  0.161 
   6064.1577  3.40829e-17  3.18851e-17  3.15223e-18     571   426.992  1.16355e+16  0.11  
   6065.3149  3.25284e-17  3.20407e-17  3.12554e-18     572   426.992  1.16361e+16  0.101 
   6066.4722  3.15730e-17  3.11340e-17  3.08982e-18     573   426.993  1.16358e+16  0.059 
   6067.6294  2.95251e-17  3.08561e-17  3.04459e-18     574   426.993  1.16357e+16  0.05  
   6068.7866  3.02366e-17  3.28210e-17  3.09657e-18     575   426.994  1.16359e+16  0.008 
   6069.9438  3.24304e-17  3.13241e-17  3.10971e-18     576   426.994  1.16375e+16  0     
   6071.1011  3.60614e-17  3.07947e-17  3.16830e-18     577   426.994  1.16398e+16  0     
   6072.2588  2.94376e-17  3.15772e-17  3.05592e-18     578   426.995  1.16423e+16  0     
   6073.4160  2.84638e-17  3.10716e-17  3.02644e-18     579   426.995  1.16452e+16  0     
   6074.5737  3.55655e-17  3.13485e-17  3.16808e-18     580   426.996  1.16478e+16  0     
   6075.7310  3.31211e-17  3.10138e-17  3.11499e-18     581   426.996  1.16500e+16  0     
   6076.8887  3.19249e-17  3.03653e-17  3.07924e-18     582   426.997  1.16515e+16  0     
   6078.0464  3.25015e-17  3.06551e-17  3.09558e-18     583   426.997  1.16539e+16  0     
   6079.2041  3.28275e-17  3.03518e-17  3.09547e-18     584   426.997  1.16573e+16  0     
   6080.3618  3.24645e-17  3.02738e-17  3.08631e-18     585   426.998  1.16614e+16  0     
   6081.5195  3.10362e-17  3.00609e-17  3.05397e-18     586   426.998  1.16646e+16  0     
   6082.6772  3.10152e-17  3.12357e-17  3.07585e-18     587   426.999  1.16679e+16  0     
   6083.8350  3.47421e-17  3.15325e-17  3.15239e-18     588   426.999  1.16700e+16  0     
   6084.9927  3.43731e-17  3.00967e-17  3.11773e-18     589   427.000  1.16726e+16  0     
   6086.1509  3.20924e-17  3.11084e-17  3.09291e-18     590   427.000  1.16757e+16  0     
   6087.3086  3.33874e-17  2.79510e-17  3.05628e-18     591   427.001  1.16795e+16  0     
   6088.4663  3.25765e-17  2.90334e-17  3.06089e-18     592   427.001  1.16837e+16  0     
   6089.6245  3.79849e-17  2.91081e-17  3.16493e-18     593   427.001  1.16877e+16  0     
   6090.7827  3.23731e-17  2.94607e-17  3.06407e-18     594   427.002  1.16910e+16  0     
   6091.9404  3.37129e-17  3.07508e-17  3.11409e-18     595   427.002  1.16944e+16  0     
   6093.0986  3.01436e-17  3.02432e-17  3.03480e-18     596   427.003  1.16979e+16  0     
   6094.2568  3.42819e-17  2.99928e-17  3.10916e-18     597   427.003  1.17026e+16  0     
   6095.4150  3.27500e-17  3.26492e-17  3.12982e-18     598   427.004  1.17072e+16  0     
   6096.5732  3.26313e-17  3.37617e-17  3.14791e-18     599   427.004  1.17114e+16  0     
   6097.7314  3.06474e-17  3.38365e-17  3.11082e-18     600   427.005  1.17170e+16  0     
   6098.8896  2.79922e-17  3.26126e-17  3.03510e-18     601   427.005  1.17229e+16  0     
   6100.0483  2.94397e-17  3.53635e-17  3.11530e-18     602   427.006  1.17271e+16  0     
   6101.2065  3.27004e-17  3.16726e-17  3.10648e-18     603   427.006  1.17310e+16  0     
   6102.3647  3.18824e-17  3.18862e-17  3.09426e-18     604   427.006  1.17352e+16  0     
   6103.5234  3.46617e-17  3.08405e-17  3.12647e-18     605   427.007  1.17400e+16  0     
   6104.6821  3.00959e-17  3.13990e-17  3.04877e-18     606   427.007  1.17461e+16  0     
   6105.8403  3.51985e-17  3.23692e-17  3.16337e-18     607   427.008  1.17520e+16  0     
   6106.9990  3.40981e-17  3.23777e-17  3.14196e-18     608   427.008  1.17579e+16  0     
   6108.1577  3.36447e-17  3.46005e-17  3.17410e-18     609   427.009  1.17637e+16  0     
   6109.3164  3.43402e-17  3.31263e-17  3.15872e-18     610   427.009  1.17691e+16  0     
   6110.4751  2.88810e-17  3.23157e-17  3.03851e-18     611   427.010  1.17744e+16  0     
   6111.6338  2.77577e-17  3.26635e-17  3.02261e-18     612   427.010  1.17796e+16  0     
   6112.7925  2.92863e-17  2.94975e-17  2.98956e-18     613   427.011  1.17856e+16  0     
   6113.9512  3.19699e-17  3.06491e-17  3.06321e-18     614   427.011  1.17920e+16  0     
   6115.1099  2.80780e-17  2.89635e-17  2.95312e-18     615   427.011  1.17980e+16  0     
   6116.2690  2.92301e-17  2.99621e-17  2.99494e-18     616   427.012  1.18027e+16  0     
   6117.4277  2.85017e-17  2.99946e-17  2.98050e-18     617   427.012  1.18075e+16  0     
   6118.5869  3.36032e-17  2.79978e-17  3.04044e-18     618   427.013  1.18120e+16  0     
   6119.7456  3.36858e-17  2.96764e-17  3.07355e-18     619   427.013  1.18168e+16  0     
   6120.9048  3.27461e-17  2.82532e-17  3.02722e-18     620   427.014  1.18221e+16  0     
   6122.0640  2.84945e-17  2.96061e-17  2.96949e-18     621   427.014  1.18283e+16  0     
   6123.2227  3.40504e-17  3.07404e-17  3.09778e-18     622   427.015  1.18356e+16  0     
   6124.3823  3.45072e-17  3.00572e-17  3.09225e-18     623   427.015  1.18434e+16  0     
   6125.5410  3.41298e-17  3.11583e-17  3.10470e-18     624   427.016  1.18513e+16  0     
   6126.7007  3.24770e-17  3.21026e-17  3.09006e-18     625   427.016  1.18591e+16  0     
   6127.8599  3.07606e-17  3.21914e-17  3.05802e-18     626   427.017  1.18657e+16  0     
   6129.0190  3.00248e-17  3.52285e-17  3.10073e-18     627   427.017  1.18723e+16  0     
   6130.1782  3.52629e-17  3.13317e-17  3.12494e-18     628   427.017  1.18785e+16  0     
   6131.3379  2.90441e-17  3.35377e-17  3.04798e-18     629   427.018  1.18847e+16  0     
   6132.4971  3.34361e-17  3.28880e-17  3.11779e-18     630   427.018  1.18918e+16  0     
   6133.6567  2.86144e-17  3.31960e-17  3.03085e-18     631   427.019  1.18996e+16  0     
   6134.8159  3.71721e-17  3.39886e-17  3.20456e-18     632   427.019  1.19076e+16  0     
   6135.9756  3.20253e-17  3.49755e-17  3.12670e-18     633   427.020  1.19154e+16  0     
   6137.1353  2.77157e-17  3.68833e-17  3.08023e-18     634   427.020  1.19243e+16  0     
   6138.2949  3.22978e-17  3.64410e-17  3.15595e-18     635   427.021  1.19342e+16  0     
   6139.4546  3.57192e-17  3.74095e-17  3.23425e-18     636   427.021  1.19443e+16  0     
   6140.6138  3.30594e-17  3.76993e-17  3.18979e-18     637   427.022  1.19542e+16  0     
   6141.7739  3.19255e-17  3.85740e-17  3.18349e-18     638   427.022  1.19641e+16  0     
   6142.9336  3.41490e-17  3.63809e-17  3.18243e-18     639   427.023  1.19743e+16  0     
   6144.0933  3.55088e-17  3.76091e-17  3.22746e-18     640   427.023  1.19855e+16  0     
   6145.2529  3.53142e-17  3.59910e-17  3.19285e-18     641   427.024  1.19975e+16  0     
   6146.4131  3.20983e-17  3.39194e-17  3.09382e-18     642   427.024  1.20084e+16  0     
   6147.5728  3.01698e-17  3.28942e-17  3.03644e-18     643   427.025  1.20193e+16  0     
   6148.7329  3.92857e-17  3.01010e-17  3.15280e-18     644   427.025  1.20299e+16  0     
   6149.8926  3.55573e-17  3.08002e-17  3.09508e-18     645   427.026  1.20413e+16  0     
   6151.0527  3.34850e-17  3.01684e-17  3.04247e-18     646   427.026  1.20531e+16  0     
   6152.2129  3.27798e-17  2.93657e-17  3.01212e-18     647   427.026  1.20641e+16  0     
   6153.3730  3.35836e-17  3.03810e-17  3.04510e-18     648   427.027  1.20745e+16  0     
   6154.5332  4.11975e-17  2.95601e-17  3.16922e-18     649   427.027  1.20847e+16  0     
   6155.6934  3.27527e-17  3.00809e-17  3.02048e-18     650   427.028  1.20955e+16  0     
   6156.8535  3.56030e-17  2.83790e-17  3.04053e-18     651   427.028  1.21067e+16  0     
   6158.0137  3.59560e-17  2.95394e-17  3.06716e-18     652   427.029  1.21186e+16  0     
   6159.1738  3.35334e-17  3.02016e-17  3.03231e-18     653   427.029  1.21304e+16  0     
   6160.3345  3.59485e-17  2.84418e-17  3.04297e-18     654   427.030  1.21415e+16  0     
   6161.4946  3.31275e-17  2.66624e-17  2.95359e-18     655   427.030  1.21526e+16  0     
   6162.6548  3.51200e-17  2.72032e-17  3.00057e-18     656   427.031  1.21635e+16  0     
   6163.8154  3.32620e-17  2.87857e-17  2.99364e-18     657   427.031  1.21748e+16  0     
   6164.9761  3.99479e-17  2.87023e-17  3.11522e-18     658   427.032  1.21859e+16  0     
   6166.1362  3.61836e-17  3.06673e-17  3.08060e-18     659   427.032  1.21959e+16  0     
   6167.2969  3.43411e-17  3.45396e-17  3.11640e-18     660   427.033  1.22058e+16  0     
   6168.4575  3.46587e-17  3.93492e-17  3.20711e-18     661   427.033  1.22156e+16  0     
   6169.6182  3.45289e-17  4.01321e-17  3.21699e-18     662   427.034  1.22264e+16  0     
   6170.7788  3.47623e-17  3.87618e-17  3.19513e-18     663   427.034  1.22375e+16  0     
   6171.9395  2.57930e-17  3.95238e-17  3.04414e-18     664   427.035  1.22492e+16  0     
   6173.1001  3.40334e-17  3.75198e-17  3.15632e-18     665   427.035  1.22612e+16  0     
   6174.2612  3.29081e-17  3.58071e-17  3.10334e-18     666   427.036  1.22720e+16  0     
   6175.4219  3.49788e-17  3.41475e-17  3.10920e-18     667   427.036  1.22828e+16  0     
   6176.5825  2.74471e-17  3.32729e-17  2.95083e-18     668   427.037  1.22935e+16  0     
   6177.7437  2.93288e-17  3.26809e-17  2.97371e-18     669   427.037  1.23051e+16  0     
   6178.9043  3.18691e-17  3.09102e-17  2.98655e-18     670   427.038  1.23170e+16  0     
   6180.0654  3.53154e-17  3.10793e-17  3.05227e-18     671   427.038  1.23289e+16  0     
   6181.2266  3.86948e-17  2.90272e-17  3.07481e-18     672   427.039  1.23414e+16  0     
   6182.3872  3.33176e-17  2.95572e-17  2.98284e-18     673   427.039  1.23547e+16  0     
   6183.5483  3.18031e-17  3.11032e-17  2.98130e-18     674   427.040  1.23694e+16  0     
   6184.7095  3.30929e-17  3.02927e-17  2.98817e-18     675   427.040  1.23842e+16  0     
   6185.8706  3.06238e-17  3.04816e-17  2.94299e-18     676   427.041  1.23987e+16  0     
   6187.0317  3.32993e-17  3.08686e-17  2.99869e-18     677   427.041  1.24125e+16  0     
   6188.1934  3.76471e-17  3.04327e-17  3.06877e-18     678   427.042  1.24264e+16  0     
   6189.3545  3.10141e-17  3.21350e-17  2.97542e-18     679   427.042  1.24416e+16  0     
   6190.5156  3.37893e-17  3.42836e-17  3.06417e-18     680   427.043  1.24568e+16  0     
   6191.6768  3.70151e-17  3.45754e-17  3.12523e-18     681   427.043  1.24722e+16  0     
   6192.8384  3.49422e-17  3.46357e-17  3.08685e-18     682   427.044  1.24880e+16  0     
   6194.0000  3.90171e-17  3.44284e-17  3.15336e-18     683   427.044  1.25040e+16  0     
   6195.1611  3.52373e-17  3.58113e-17  3.10840e-18     684   427.045  1.25207e+16  0     
   6196.3228  3.69799e-17  3.23249e-17  3.07464e-18     685   427.045  1.25378e+16  0     
   6197.4844  3.23766e-17  3.27276e-17  2.99563e-18     686   427.046  1.25545e+16  0     
   6198.6460  3.48120e-17  3.28281e-17  3.03977e-18     687   427.046  1.25706e+16  0     
   6199.8076  4.08183e-17  3.30350e-17  3.14834e-18     688   427.047  1.25864e+16  0     
   6200.9692  4.05814e-17  3.59663e-17  3.19297e-18     689   427.047  1.26014e+16  0     
   6202.1309  3.59826e-17  3.82795e-17  3.15121e-18     690   427.048  1.26154e+16  0     
   6203.2925  3.36091e-17  3.81469e-17  3.10508e-18     691   427.048  1.26295e+16  0     
   6204.4541  3.15595e-17  3.65280e-17  3.03731e-18     692   427.049  1.26443e+16  0     
   6205.6157  3.32854e-17  3.43144e-17  3.02639e-18     693   427.049  1.26589e+16  0     
   6206.7778  3.81404e-17  3.11536e-17  3.05483e-18     694   427.050  1.26737e+16  0     
   6207.9395  3.60547e-17  2.93928e-17  2.98297e-18     695   427.050  1.26885e+16  0     
   6209.1016  3.42566e-17  3.04406e-17  2.96701e-18     696   427.051  1.27039e+16  0     
   6210.2632  3.51561e-17  3.18272e-17  3.00665e-18     697   427.051  1.27194e+16  0     
   6211.4253  3.71872e-17  3.28632e-17  3.05970e-18     698   427.052  1.27344e+16  0     
   6212.5874  3.31777e-17  3.13684e-17  2.95801e-18     699   427.052  1.27485e+16  0     
   6213.7495  3.69172e-17  3.17519e-17  3.03114e-18     700   427.053  1.27616e+16  0     
   6214.9116  3.12675e-17  3.24054e-17  2.93803e-18     701   427.053  1.27765e+16  0     
   6216.0737  3.37099e-17  3.17594e-17  2.96899e-18     702   427.054  1.27915e+16  0     
   6217.2358  3.37592e-17  3.16808e-17  2.96654e-18     703   427.054  1.28054e+16  0     
   6218.3979  3.45883e-17  3.35544e-17  3.01364e-18     704   427.055  1.28190e+16  0     
   6219.5601  3.57145e-17  3.76152e-17  3.10363e-18     705   427.055  1.28320e+16  0     
   6220.7227  3.38255e-17  3.90460e-17  3.09367e-18     706   427.056  1.28458e+16  0     
   6221.8848  3.48363e-17  3.85971e-17  3.10172e-18     707   427.056  1.28582e+16  0     
   6223.0469  3.58832e-17  3.95483e-17  3.13470e-18     708   427.057  1.28695e+16  0     
   6224.2095  4.35036e-17  3.64498e-17  3.20991e-18     709   427.057  1.28812e+16  0     
   6225.3721  3.86912e-17  3.26328e-17  3.05991e-18     710   427.058  1.28928e+16  0     
   6226.5342  3.40630e-17  3.06445e-17  2.93950e-18     711   427.058  1.29049e+16  0     
   6227.6968  3.70789e-17  3.00949e-17  2.98259e-18     712   427.059  1.29174e+16  0     
   6228.8594  3.96854e-17  3.11819e-17  3.04662e-18     713   427.059  1.29304e+16  0     
   6230.0220  3.68394e-17  3.54663e-17  3.07022e-18     714   427.060  1.29423e+16  0     
   6231.1846  3.00830e-17  4.27781e-17  3.07845e-18     715   427.060  1.29527e+16  0     
   6232.3472  3.30480e-17  5.25270e-17  3.29098e-18     716   427.061  1.29626e+16  0     
   6233.5098  3.51063e-17  6.24203e-17  3.47857e-18     717   427.061  1.29727e+16  0     
   6234.6724  3.33171e-17  6.98072e-17  3.56238e-18     718   427.062  1.29810e+16  0     
   6235.8350  3.53815e-17  7.24140e-17  3.63081e-18     719   427.063  1.29876e+16  0     
   6236.9980  3.55111e-17  6.96797e-17  3.59117e-18     720   427.063  1.29945e+16  0     
   6238.1606  3.25794e-17  6.58237e-17  3.48718e-18     721   427.064  1.30045e+16  0     
   6239.3237  3.34352e-17  5.97235e-17  3.40431e-18     722   427.064  1.30153e+16  0     
   6240.4868  3.61888e-17  5.28299e-17  3.33719e-18     723   427.065  1.30262e+16  0     
   6241.6494  3.08989e-17  4.79748e-17  3.16952e-18     724   427.065  1.30365e+16  0     
   6242.8125  2.78905e-17  4.56449e-17  3.07716e-18     725   427.066  1.30462e+16  0     
   6243.9756  3.53572e-17  4.24100e-17  3.14847e-18     726   427.066  1.30535e+16  0     
   6245.1387  3.17800e-17  4.07829e-17  3.05832e-18     727   427.067  1.30605e+16  0     
   6246.3018  4.14831e-17  3.72519e-17  3.16282e-18     728   427.067  1.30675e+16  0     
   6247.4648  3.43237e-17  3.39065e-17  2.98006e-18     729   427.068  1.30752e+16  0     
   6248.6279  3.67500e-17  3.12332e-17  2.97455e-18     730   427.068  1.30833e+16  0     
   6249.7910  3.29290e-17  3.09605e-17  2.89954e-18     731   427.069  1.30912e+16  0     
   6250.9541  3.43181e-17  3.03586e-17  2.91290e-18     732   427.069  1.30989e+16  0     
   6252.1177  3.18288e-17  3.15333e-17  2.88778e-18     733   427.070  1.31071e+16  0     
   6253.2808  3.37209e-17  3.74991e-17  3.02735e-18     734   427.070  1.31157e+16  0     
   6254.4443  3.69406e-17  4.75144e-17  3.24922e-18     735   427.071  1.31253e+16  0     
   6255.6074  3.52100e-17  5.55296e-17  3.34848e-18     736   427.072  1.31357e+16  0     
   6256.7710  3.74556e-17  6.18172e-17  3.47906e-18     737   427.072  1.31459e+16  0     
   6257.9346  3.77539e-17  6.54774e-17  3.53726e-18     738   427.073  1.31552e+16  0     
   6259.0977  3.93338e-17  6.56940e-17  3.56274e-18     739   427.073  1.31632e+16  0     
   6260.2612  4.13417e-17  5.81148e-17  3.47799e-18     740   427.074  1.31717e+16  0     
   6261.4248  3.72371e-17  5.31901e-17  3.33708e-18     741   427.074  1.31802e+16  0     
   6262.5884  3.72997e-17  4.91599e-17  3.27251e-18     742   427.075  1.31895e+16  0     
   6263.7520  3.36187e-17  4.75738e-17  3.18515e-18     743   427.075  1.32002e+16  0     
   6264.9160  2.99284e-17  4.61032e-17  3.09721e-18     744   427.076  1.32113e+16  0     
   6266.0796  3.23934e-17  4.61305e-17  3.13767e-18     745   427.076  1.32226e+16  0     
   6267.2432  3.39006e-17  4.48220e-17  3.13954e-18     746   427.077  1.32331e+16  0     
   6268.4072  3.22185e-17  3.98097e-17  3.02420e-18     747   427.077  1.32433e+16  0     
   6269.5708  3.54934e-17  3.69780e-17  3.03057e-18     748   427.078  1.32531e+16  0     
   6270.7349  3.35294e-17  3.54850e-17  2.96879e-18     749   427.079  1.32637e+16  0     
   6271.8984  3.47432e-17  3.43670e-17  2.96903e-18     750   427.079  1.32748e+16  0     
   6273.0625  3.66781e-17  3.62378e-17  3.03369e-18     751   427.080  1.32871e+16  0     
   6274.2266  3.55095e-17  3.92812e-17  3.06431e-18     752   427.080  1.32982e+16  0     
   6275.3906  3.77482e-17  3.88416e-17  3.09334e-18     753   427.081  1.33092e+16  0     
   6276.5542  3.42007e-17  4.28222e-17  3.09922e-18     754   427.081  1.33196e+16  0     
   6277.7183  3.68290e-17  4.04037e-17  3.10137e-18     755   427.082  1.33299e+16  0     
   6278.8828  3.55620e-17  3.98370e-17  3.06897e-18     756   427.082  1.33405e+16  0     
   6280.0469  3.49016e-17  3.88408e-17  3.03925e-18     757   427.083  1.33518e+16  0     
   6281.2109  3.26348e-17  3.59396e-17  2.94795e-18     758   427.083  1.33635e+16  0     
   6282.3750  3.39748e-17  3.75729e-17  2.99829e-18     759   427.084  1.33758e+16  0     
   6283.5396  3.45131e-17  4.37395e-17  3.11051e-18     760   427.085  1.33885e+16  0     
   6284.7036  4.23534e-17  5.08331e-17  3.34847e-18     761   427.085  1.34013e+16  0     
   6285.8682  3.61030e-17  5.55318e-17  3.32245e-18     762   427.086  1.34149e+16  0     
   6287.0322  3.95769e-17  6.07016e-17  3.45227e-18     763   427.086  1.34303e+16  0     
   6288.1968  3.33914e-17  6.12095e-17  3.36388e-18     764   427.087  1.34462e+16  0     
   6289.3613  3.62128e-17  5.72195e-17  3.34368e-18     765   427.087  1.34619e+16  0     
   6290.5254  4.01455e-17  4.82793e-17  3.26351e-18     766   427.088  1.34763e+16  0     
   6291.6899  3.43941e-17  4.16506e-17  3.05973e-18     767   427.088  1.34920e+16  0     
   6292.8545  3.32938e-17  4.06367e-17  3.02187e-18     768   427.089  1.35079e+16  0     
   6294.0190  3.34076e-17  5.48771e-17  3.25480e-18     769   427.090  1.35234e+16  0     
   6295.1836  3.78655e-17  1.42574e-16  4.47585e-18     770   427.090  1.35391e+16  0     
   6296.3486  3.14947e-17  3.64309e-16  6.48620e-18     771   427.091  1.35563e+16  0     
   6297.5132  3.63845e-17  6.31170e-16  8.35559e-18     772   427.091  1.35746e+16  0     
   6298.6777  3.69781e-17  8.18570e-16  9.42995e-18     773   427.092  1.35936e+16  0     
   6299.8428  2.66966e-17  9.04756e-16  9.82573e-18     774   427.092  1.36122e+16  0     
   6301.0073  2.82504e-17  9.07544e-16  9.84142e-18     775   427.093  1.36308e+16  0     
   6302.1724  3.24319e-17  7.75734e-16  9.15051e-18     776   427.093  1.36496e+16  0     
   6303.3369  3.54288e-17  5.24741e-16  7.64296e-18     777   427.094  1.36685e+16  0     
   6304.5020  3.20659e-17  2.97854e-16  5.91345e-18     778   427.095  1.36871e+16  0     
   6305.6670  4.16622e-17  1.58640e-16  4.66731e-18     779   427.095  1.37060e+16  0     
   6306.8320  3.80924e-17  9.52180e-17  3.86950e-18     780   427.096  1.37244e+16  0     
   6307.9971  3.51508e-17  7.40070e-17  3.53692e-18     781   427.096  1.37431e+16  0     
   6309.1621  3.43836e-17  5.93097e-17  3.30608e-18     782   427.097  1.37617e+16  0     
   6310.3271  3.50644e-17  4.91403e-17  3.15536e-18     783   427.097  1.37813e+16  0     
   6311.4922  3.57449e-17  3.94620e-17  3.00577e-18     784   427.098  1.38007e+16  0     
   6312.6572  3.86525e-17  3.38099e-17  2.95729e-18     785   427.098  1.38181e+16  0     
   6313.8223  3.33630e-17  3.10092e-17  2.81441e-18     786   427.099  1.38350e+16  0     
   6314.9878  3.33906e-17  3.07024e-17  2.80734e-18     787   427.100  1.38525e+16  0     
   6316.1528  3.74665e-17  3.19999e-17  2.89939e-18     788   427.100  1.38713e+16  0     
   6317.3184  3.77294e-17  3.23184e-17  2.90686e-18     789   427.101  1.38921e+16  0     
   6318.4834  3.35949e-17  3.68865e-17  2.91172e-18     790   427.101  1.39133e+16  0     
   6319.6489  3.78088e-17  3.94426e-17  3.02285e-18     791   427.102  1.39347e+16  0     
   6320.8145  3.48438e-17  4.11023e-17  2.99856e-18     792   427.102  1.39562e+16  0     
   6321.9795  3.51407e-17  4.18080e-17  3.01251e-18     793   427.103  1.39774e+16  0     
   6323.1450  3.70539e-17  4.04492e-17  3.01907e-18     794   427.104  1.39980e+16  0     
   6324.3105  3.93627e-17  3.84147e-17  3.02110e-18     795   427.104  1.40178e+16  0     
   6325.4761  3.70474e-17  4.19217e-17  3.03799e-18     796   427.105  1.40385e+16  0     
   6326.6421  3.55101e-17  4.88908e-17  3.12243e-18     797   427.105  1.40601e+16  0     
   6327.8076  3.54516e-17  5.55471e-17  3.22234e-18     798   427.106  1.40814e+16  0     
   6328.9731  3.87137e-17  5.73636e-17  3.29631e-18     799   427.106  1.41029e+16  0     
   6330.1387  3.63400e-17  5.72365e-17  3.25592e-18     800   427.107  1.41245e+16  0     
   6331.3047  3.77013e-17  5.66548e-17  3.26517e-18     801   427.108  1.41437e+16  0     
   6332.4702  3.10282e-17  4.79646e-17  3.02307e-18     802   427.108  1.41621e+16  0     
   6333.6362  3.28067e-17  3.97099e-17  2.91363e-18     803   427.109  1.41829e+16  0     
   6334.8018  3.68769e-17  3.28631e-17  2.86408e-18     804   427.109  1.42043e+16  0     
   6335.9678  3.67152e-17  2.97849e-17  2.80590e-18     805   427.110  1.42243e+16  0     
   6337.1338  3.48043e-17  3.03301e-17  2.77987e-18     806   427.110  1.42431e+16  0     
   6338.2998  3.50760e-17  3.02243e-17  2.78066e-18     807   427.111  1.42616e+16  0     
   6339.4658  3.65786e-17  2.95164e-17  2.79232e-18     808   427.112  1.42808e+16  0     
   6340.6318  3.36824e-17  3.13139e-17  2.77101e-18     809   427.112  1.42994e+16  0     
   6341.7974  3.67216e-17  3.01663e-17  2.80182e-18     810   427.113  1.43179e+16  0     
   6342.9639  3.42279e-17  3.11709e-17  2.77376e-18     811   427.113  1.43370e+16  0     
   6344.1299  3.16384e-17  3.21081e-17  2.74254e-18     812   427.114  1.43566e+16  0     
   6345.2959  4.00255e-17  3.44154e-17  2.92271e-18     813   427.115  1.43768e+16  0     
   6346.4624  3.33724e-17  3.65865e-17  2.84530e-18     814   427.115  1.43973e+16  0     
   6347.6284  3.58167e-17  3.50899e-17  2.85904e-18     815   427.116  1.44171e+16  0     
   6348.7949  3.21454e-17  3.77014e-17  2.83898e-18     816   427.116  1.44359e+16  0     
   6349.9609  3.60978e-17  3.56398e-17  2.86866e-18     817   427.117  1.44547e+16  0     
   6351.1274  3.92461e-17  3.62081e-17  2.92808e-18     818   427.117  1.44732e+16  0     
   6352.2935  3.39286e-17  3.84310e-17  2.87477e-18     819   427.118  1.44919e+16  0     
   6353.4600  3.86756e-17  4.27427e-17  3.01981e-18     820   427.119  1.45102e+16  0     
   6354.6265  3.70383e-17  4.41519e-17  3.01420e-18     821   427.119  1.45269e+16  0     
   6355.7930  3.61191e-17  4.75381e-17  3.05109e-18     822   427.120  1.45435e+16  0     
   6356.9595  3.84217e-17  4.81626e-17  3.09453e-18     823   427.120  1.45603e+16  0     
   6358.1260  3.84333e-17  6.05562e-17  3.27802e-18     824   427.121  1.45772e+16  0     
   6359.2925  3.20987e-17  1.07825e-16  3.82441e-18     825   427.122  1.45950e+16  0     
   6360.4590  3.71621e-17  1.84147e-16  4.72663e-18     826   427.122  1.46135e+16  0     
   6361.6260  2.98176e-17  2.58167e-16  5.35147e-18     827   427.123  1.46328e+16  0     
   6362.7925  4.27603e-17  2.99025e-16  5.80496e-18     828   427.123  1.46526e+16  0     
   6363.9590  2.74812e-17  3.16501e-16  5.81863e-18     829   427.124  1.46732e+16  0     
   6365.1260  3.69056e-17  2.98838e-16  5.74700e-18     830   427.125  1.46939e+16  0     
   6366.2930  3.81878e-17  2.27188e-16  5.13213e-18     831   427.125  1.47142e+16  0     
   6367.4595  3.25577e-17  1.38880e-16  4.17698e-18     832   427.126  1.47335e+16  0     
   6368.6265  4.16748e-17  8.02587e-17  3.57249e-18     833   427.126  1.47522e+16  0     
   6369.7935  3.26685e-17  4.57522e-17  2.94172e-18     834   427.127  1.47705e+16  0     
   6370.9604  4.10077e-17  3.47021e-17  2.89611e-18     835   427.127  1.47878e+16  0     
   6372.1274  3.83408e-17  3.22688e-17  2.81027e-18     836   427.128  1.48053e+16  0     
   6373.2944  3.38940e-17  3.03329e-17  2.69990e-18     837   427.129  1.48215e+16  0     
   6374.4614  3.98779e-17  2.97705e-17  2.79064e-18     838   427.129  1.48376e+16  0     
   6375.6284  3.49707e-17  3.05705e-17  2.71911e-18     839   427.130  1.48541e+16  0     
   6376.7954  3.73738e-17  3.08684e-17  2.76339e-18     840   427.130  1.48705e+16  0     
   6377.9624  3.41971e-17  3.27896e-17  2.74046e-18     841   427.131  1.48856e+16  0     
   6379.1299  3.46274e-17  3.28162e-17  2.74673e-18     842   427.132  1.48996e+16  0     
   6380.2969  3.31236e-17  3.20093e-17  2.70580e-18     843   427.132  1.49131e+16  0     
   6381.4644  3.25004e-17  3.34465e-17  2.71849e-18     844   427.133  1.49251e+16  0     
   6382.6313  3.47891e-17  3.41345e-17  2.76773e-18     845   427.133  1.49365e+16  0     
   6383.7988  3.58486e-17  3.47994e-17  2.79530e-18     846   427.134  1.49480e+16  0     
   6384.9663  3.67947e-17  3.54827e-17  2.82099e-18     847   427.135  1.49596e+16  0     
   6386.1338  3.49963e-17  3.82444e-17  2.83555e-18     848   427.135  1.49711e+16  0     
   6387.3008  3.30655e-17  3.73080e-17  2.78710e-18     849   427.136  1.49817e+16  0     
   6388.4683  3.31343e-17  3.58098e-17  2.76210e-18     850   427.136  1.49922e+16  0     
   6389.6357  3.35953e-17  3.36291e-17  2.73213e-18     851   427.137  1.50014e+16  0     
   6390.8037  3.57320e-17  2.97729e-17  2.70189e-18     852   427.138  1.50103e+16  0     
   6391.9712  3.49993e-17  2.79571e-17  2.65703e-18     853   427.138  1.50187e+16  0     
   6393.1387  3.64204e-17  2.82097e-17  2.68510e-18     854   427.139  1.50272e+16  0     
   6394.3062  3.34093e-17  2.89671e-17  2.64521e-18     855   427.140  1.50352e+16  0     
   6395.4741  3.27612e-17  2.89294e-17  2.63238e-18     856   427.140  1.50432e+16  0     
   6396.6416  3.56781e-17  2.78239e-17  2.66318e-18     857   427.141  1.50507e+16  0     
   6397.8096  3.25423e-17  2.69642e-17  2.59234e-18     858   427.141  1.50574e+16  0     
   6398.9771  3.70893e-17  2.72264e-17  2.67591e-18     859   427.142  1.50635e+16  0     
   6400.1450  3.43196e-17  2.56442e-17  2.59928e-18     860   427.143  1.50691e+16  0     
   6401.3130  3.54460e-17  2.80102e-17  2.65995e-18     861   427.143  1.50742e+16  0     
   6402.4805  3.89724e-17  2.73605e-17  2.70880e-18     862   427.144  1.50791e+16  0     
   6403.6484  3.43315e-17  2.66884e-17  2.61639e-18     863   427.144  1.50843e+16  0     
   6404.8164  3.27785e-17  2.71154e-17  2.59592e-18     864   427.145  1.50899e+16  0     
   6405.9844  3.13898e-17  2.54060e-17  2.53993e-18     865   427.146  1.50946e+16  0     
   6407.1523  3.63818e-17  2.63885e-17  2.64562e-18     866   427.146  1.50977e+16  0     
   6408.3208  3.79410e-17  2.66346e-17  2.67649e-18     867   427.147  1.51009e+16  0     
   6409.4888  3.38788e-17  2.67756e-17  2.60792e-18     868   427.147  1.51041e+16  0     
   6410.6567  3.67383e-17  2.82874e-17  2.68353e-18     869   427.148  1.51075e+16  0     
   6411.8247  3.10300e-17  2.76609e-17  2.57245e-18     870   427.149  1.51102e+16  0     
   6412.9932  3.33982e-17  2.84667e-17  2.62825e-18     871   427.149  1.51131e+16  0     
   6414.1611  3.47916e-17  2.93302e-17  2.66706e-18     872   427.150  1.51165e+16  0     
   6415.3296  3.34584e-17  2.99780e-17  2.65490e-18     873   427.151  1.51198e+16  0     
   6416.4980  3.39751e-17  2.96572e-17  2.65796e-18     874   427.151  1.51230e+16  0     
   6417.6660  3.43402e-17  2.97067e-17  2.66487e-18     875   427.152  1.51253e+16  0     
   6418.8345  3.11596e-17  3.14666e-17  2.64006e-18     876   427.152  1.51274e+16  0     
   6420.0029  3.70386e-17  3.07867e-17  2.72871e-18     877   427.153  1.51298e+16  0     
   6421.1714  3.29907e-17  3.12027e-17  2.66662e-18     878   427.154  1.51328e+16  0     
   6422.3398  2.86414e-17  2.89134e-17  2.54949e-18     879   427.154  1.51360e+16  0     
   6423.5083  3.65769e-17  2.86705e-17  2.68402e-18     880   427.155  1.51393e+16  0     
   6424.6768  3.83379e-17  2.68838e-17  2.68319e-18     881   427.156  1.51431e+16  0     
   6425.8457  3.62202e-17  2.59939e-17  2.63090e-18     882   427.156  1.51469e+16  0     
   6427.0142  3.59317e-17  2.65086e-17  2.63447e-18     883   427.157  1.51505e+16  0     
   6428.1826  3.16929e-17  2.79094e-17  2.58426e-18     884   427.157  1.51541e+16  0     
   6429.3516  3.35950e-17  2.60400e-17  2.58455e-18     885   427.158  1.51569e+16  0     
   6430.5200  3.38780e-17  2.65081e-17  2.59766e-18     886   427.159  1.51586e+16  0     
   6431.6890  3.26120e-17  2.63214e-17  2.57174e-18     887   427.159  1.51604e+16  0     
   6432.8574  3.06411e-17  2.57868e-17  2.52645e-18     888   427.160  1.51631e+16  0     
   6434.0264  3.23936e-17  2.58012e-17  2.55797e-18     889   427.161  1.51661e+16  0     
   6435.1953  3.28977e-17  2.63858e-17  2.57701e-18     890   427.161  1.51699e+16  0     
   6436.3643  3.42162e-17  2.73868e-17  2.61741e-18     891   427.162  1.51746e+16  0     
   6437.5332  3.08845e-17  2.84403e-17  2.57674e-18     892   427.162  1.51798e+16  0     
   6438.7021  3.45845e-17  2.81087e-17  2.63543e-18     893   427.163  1.51842e+16  0     
   6439.8711  3.23224e-17  2.88573e-17  2.60856e-18     894   427.164  1.51888e+16  0     
   6441.0400  3.31989e-17  3.03285e-17  2.64886e-18     895   427.164  1.51939e+16  0     
   6442.2090  3.19964e-17  3.07922e-17  2.63552e-18     896   427.165  1.51995e+16  0     
   6443.3779  3.23899e-17  2.81022e-17  2.59489e-18     897   427.166  1.52046e+16  0     
   6444.5474  3.71818e-17  2.76663e-17  2.66995e-18     898   427.166  1.52096e+16  0     
   6445.7163  3.34716e-17  2.77609e-17  2.60680e-18     899   427.167  1.52154e+16  0     
   6446.8857  3.58503e-17  2.74829e-17  2.64266e-18     900   427.168  1.52218e+16  0     
   6448.0547  2.98624e-17  2.68050e-17  2.52426e-18     901   427.168  1.52290e+16  0     
   6449.2241  3.24074e-17  2.66775e-17  2.56706e-18     902   427.169  1.52341e+16  0     
   6450.3936  3.31230e-17  2.87658e-17  2.61586e-18     903   427.169  1.52392e+16  0     
   6451.5625  3.01633e-17  2.70589e-17  2.53267e-18     904   427.170  1.52451e+16  0     
   6452.7319  3.51607e-17  2.66407e-17  2.61307e-18     905   427.171  1.52517e+16  0     
   6453.9014  3.17798e-17  2.95752e-17  2.60455e-18     906   427.171  1.52590e+16  0     
   6455.0708  3.28214e-17  2.91780e-17  2.61515e-18     907   427.172  1.52653e+16  0     
   6456.2402  3.41189e-17  2.90646e-17  2.63503e-18     908   427.173  1.52716e+16  0     
   6457.4097  3.41287e-17  2.76345e-17  2.60974e-18     909   427.173  1.52782e+16  0     
   6458.5796  2.90019e-17  2.88674e-17  2.54039e-18     910   427.174  1.52846e+16  0     
   6459.7490  3.31158e-17  3.23887e-17  2.67279e-18     911   427.175  1.52911e+16  0     
   6460.9185  3.05617e-17  3.74623e-17  2.71466e-18     912   427.175  1.52970e+16  0     
   6462.0884  3.50500e-17  4.14987e-17  2.85309e-18     913   427.176  1.53024e+16  0     
   6463.2578  3.16056e-17  4.79486e-17  2.89995e-18     914   427.177  1.53074e+16  0     
   6464.4277  3.36246e-17  4.92966e-17  2.95158e-18     915   427.177  1.53126e+16  0     
   6465.5972  3.06320e-17  5.02849e-17  2.92004e-18     916   427.178  1.53181e+16  0     
   6466.7671  3.26131e-17  5.36216e-17  3.00083e-18     917   427.178  1.53237e+16  0     
   6467.9370  3.39804e-17  5.33295e-17  3.01634e-18     918   427.179  1.53299e+16  0     
   6469.1069  2.54854e-17  5.42713e-17  2.89988e-18     919   427.180  1.53374e+16  0     
   6470.2764  2.75824e-17  5.00905e-17  2.86629e-18     920   427.180  1.53456e+16  0     
   6471.4463  3.16954e-17  4.73310e-17  2.88672e-18     921   427.181  1.53536e+16  0     
   6472.6162  3.19958e-17  4.19848e-17  2.80586e-18     922   427.182  1.53601e+16  0     
   6473.7861  2.87444e-17  3.88181e-17  2.69984e-18     923   427.182  1.53661e+16  0     
   6474.9565  2.85172e-17  3.51000e-17  2.63243e-18     924   427.183  1.53716e+16  0     
   6476.1265  2.98199e-17  3.32281e-17  2.62210e-18     925   427.184  1.53771e+16  0     
   6477.2964  3.20815e-17  3.22579e-17  2.64367e-18     926   427.184  1.53827e+16  0     
   6478.4668  3.58701e-17  3.01883e-17  2.67214e-18     927   427.185  1.53899e+16  0     
   6479.6367  3.31155e-17  2.96705e-17  2.61553e-18     928   427.186  1.53977e+16  0     
   6480.8071  2.97492e-17  2.88118e-17  2.54081e-18     929   427.186  1.54061e+16  0     
   6481.9771  2.86666e-17  2.71656e-17  2.49112e-18     930   427.187  1.54145e+16  0     
   6483.1475  3.34475e-17  2.66226e-17  2.56578e-18     931   427.188  1.54230e+16  0     
   6484.3174  3.44269e-17  2.54808e-17  2.56205e-18     932   427.188  1.54319e+16  0     
   6485.4878  3.16169e-17  2.55620e-17  2.51281e-18     933   427.189  1.54409e+16  0     
   6486.6582  3.41308e-17  2.40653e-17  2.53007e-18     934   427.190  1.54500e+16  0     
   6487.8286  3.22135e-17  2.49733e-17  2.51118e-18     935   427.190  1.54592e+16  0     
   6488.9990  2.77373e-17  2.51509e-17  2.43229e-18     936   427.191  1.54674e+16  0     
   6490.1694  3.01224e-17  2.41365e-17  2.45675e-18     937   427.192  1.54751e+16  0     
   6491.3398  2.75397e-17  2.52297e-17  2.42870e-18     938   427.192  1.54824e+16  0     
   6492.5107  3.21572e-17  2.67252e-17  2.53838e-18     939   427.193  1.54896e+16  0     
   6493.6812  3.04306e-17  3.28435e-17  2.61401e-18     940   427.194  1.54977e+16  0     
   6494.8516  3.25865e-17  4.43190e-17  2.83729e-18     941   427.194  1.55051e+16  0     
   6496.0220  3.34577e-17  5.64503e-17  3.03475e-18     942   427.195  1.55130e+16  0     
   6497.1929  2.99917e-17  6.30752e-17  3.08012e-18     943   427.195  1.55208e+16  0     
   6498.3633  3.08978e-17  6.79382e-17  3.16198e-18     944   427.196  1.55282e+16  0     
   6499.5342  2.93989e-17  6.82138e-17  3.14381e-18     945   427.197  1.55353e+16  0     
   6500.7051  3.18609e-17  6.19842e-17  3.08899e-18     946   427.197  1.55424e+16  0     
   6501.8760  3.15338e-17  5.51108e-17  2.98222e-18     947   427.198  1.55498e+16  0     
   6503.0464  3.12943e-17  4.66009e-17  2.84745e-18     948   427.199  1.55568e+16  0     
   6504.2173  2.82743e-17  4.21757e-17  2.72745e-18     949   427.199  1.55647e+16  0     
   6505.3882  2.85399e-17  4.23336e-17  2.73352e-18     950   427.200  1.55730e+16  0     
   6506.5591  3.05696e-17  3.74905e-17  2.68634e-18     951   427.201  1.55819e+16  0     
   6507.7300  2.81202e-17  3.40148e-17  2.58531e-18     952   427.201  1.55908e+16  0     
   6508.9014  3.23387e-17  2.95168e-17  2.57964e-18     953   427.202  1.55996e+16  0     
   6510.0723  3.08043e-17  2.88666e-17  2.54082e-18     954   427.203  1.56083e+16  0     
   6511.2432  3.26581e-17  2.80567e-17  2.55815e-18     955   427.203  1.56175e+16  0     
   6512.4141  2.95526e-17  2.83099e-17  2.50710e-18     956   427.204  1.56279e+16  0     
   6513.5854  2.81976e-17  2.90992e-17  2.49590e-18     957   427.205  1.56401e+16  0     
   6514.7568  3.02847e-17  2.95819e-17  2.53990e-18     958   427.206  1.56537e+16  0     
   6515.9277  3.10594e-17  2.76730e-17  2.51870e-18     959   427.206  1.56676e+16  0     
   6517.0991  3.06601e-17  2.74747e-17  2.50686e-18     960   427.207  1.56813e+16  0     
   6518.2700  2.62116e-17  2.86065e-17  2.44628e-18     961   427.208  1.56953e+16  0     
   6519.4414  3.27876e-17  3.17860e-17  2.61530e-18     962   427.208  1.57105e+16  0     
   6520.6128  3.07093e-17  3.13324e-17  2.57075e-18     963   427.209  1.57252e+16  0     
   6521.7842  3.17602e-17  3.38667e-17  2.63028e-18     964   427.210  1.57389e+16  0     
   6522.9556  3.21485e-17  3.38424e-17  2.63505e-18     965   427.210  1.57526e+16  0     
   6524.1270  3.12345e-17  3.43315e-17  2.62652e-18     966   427.211  1.57671e+16  0     
   6525.2983  3.09441e-17  3.06403e-17  2.55741e-18     967   427.212  1.57826e+16  0     
   6526.4697  3.05386e-17  2.88003e-17  2.51716e-18     968   427.212  1.57967e+16  0     
   6527.6416  3.14104e-17  3.00977e-17  2.55346e-18     969   427.213  1.58104e+16  0     
   6528.8130  3.07300e-17  3.77756e-17  2.66964e-18     970   427.214  1.58256e+16  0     
   6529.9844  2.98493e-17  4.50823e-17  2.77173e-18     971   427.214  1.58408e+16  0     
   6531.1562  3.30940e-17  5.32044e-17  2.94449e-18     972   427.215  1.58555e+16  0     
   6532.3276  2.83505e-17  5.68893e-17  2.92719e-18     973   427.216  1.58699e+16  0     
   6533.4995  2.72534e-17  5.66882e-17  2.90617e-18     974   427.216  1.58849e+16  0     
   6534.6714  3.13713e-17  5.23435e-17  2.90115e-18     975   427.217  1.59005e+16  0     
   6535.8428  3.36097e-17  4.46173e-17  2.81574e-18     976   427.218  1.59163e+16  0     
   6537.0146  3.34442e-17  3.63596e-17  2.68049e-18     977   427.218  1.59322e+16  0     
   6538.1865  2.87382e-17  3.11525e-17  2.51271e-18     978   427.219  1.59476e+16  0     
   6539.3584  2.86068e-17  3.30747e-17  2.54203e-18     979   427.220  1.59640e+16  0     
   6540.5303  3.21809e-17  3.38227e-17  2.61328e-18     980   427.220  1.59816e+16  0     
   6541.7021  3.44792e-17  3.87892e-17  2.72956e-18     981   427.221  1.60005e+16  0     
   6542.8740  3.21131e-17  4.18288e-17  2.73849e-18     982   427.222  1.60183e+16  0     
   6544.0459  2.94370e-17  4.41558e-17  2.73136e-18     983   427.223  1.60347e+16  0     
   6545.2178  3.10631e-17  4.48534e-17  2.76654e-18     984   427.223  1.60491e+16  0     
   6546.3901  3.08110e-17  4.53754e-17  2.76939e-18     985   427.224  1.60630e+16  0     
   6547.5620  2.85673e-17  4.73155e-17  2.76313e-18     986   427.225  1.60785e+16  0     
   6548.7344  2.66434e-17  5.96376e-17  2.91942e-18     987   427.225  1.60954e+16  0     
   6549.9062  2.93064e-17  8.37136e-17  3.28899e-18     988   427.226  1.61128e+16  0     
   6551.0786  2.73555e-17  1.08435e-16  3.57302e-18     989   427.227  1.61288e+16  0     
   6552.2510  3.12982e-17  1.16034e-16  3.70779e-18     990   427.227  1.61426e+16  0     
   6553.4229  3.43792e-17  1.15326e-16  3.73360e-18     991   427.228  1.61556e+16  0     
   6554.5952  2.69579e-17  1.04701e-16  3.51824e-18     992   427.229  1.61680e+16  0     
   6555.7676  2.89995e-17  8.15688e-17  3.24925e-18     993   427.229  1.61801e+16  0     
   6556.9399  3.10875e-17  5.19634e-17  2.86160e-18     994   427.230  1.61919e+16  0     
   6558.1123  3.00955e-17  4.08035e-17  2.67211e-18     995   427.231  1.62041e+16  0     
   6559.2847  3.06905e-17  4.17646e-17  2.69579e-18     996   427.232  1.62164e+16  0     
   6560.4570  3.33005e-17  4.54849e-17  2.79341e-18     997   427.232  1.62279e+16  0     
   6561.6294  3.17792e-17  4.86095e-17  2.81679e-18     998   427.233  1.62388e+16  0     
   6562.8022  3.08369e-17  4.92014e-17  2.81041e-18     999   427.234  1.62496e+16  0     
   6563.9746  3.20697e-17  4.88321e-17  2.82245e-18    1000   427.234  1.62603e+16  0     
   6565.1470  2.55859e-17  4.74950e-17  2.70046e-18    1001   427.235  1.62715e+16  0     
   6566.3198  2.82573e-17  4.15225e-17  2.64675e-18    1002   427.236  1.62825e+16  0     
   6567.4922  3.28314e-17  3.81089e-17  2.66446e-18    1003   427.236  1.62923e+16  0     
   6568.6650  3.24878e-17  3.67063e-17  2.63559e-18    1004   427.237  1.63007e+16  0     
   6569.8379  3.00494e-17  3.45602e-17  2.55973e-18    1005   427.238  1.63083e+16  0     
   6571.0107  2.89951e-17  3.22435e-17  2.50227e-18    1006   427.239  1.63166e+16  0     
   6572.1831  2.79329e-17  3.25331e-17  2.48827e-18    1007   427.239  1.63260e+16  0     
   6573.3560  2.85412e-17  3.82649e-17  2.59352e-18    1008   427.240  1.63355e+16  0     
   6574.5288  3.01179e-17  4.41634e-17  2.71248e-18    1009   427.241  1.63439e+16  0     
   6575.7017  2.79299e-17  5.01453e-17  2.77047e-18    1010   427.241  1.63522e+16  0     
   6576.8745  3.07519e-17  5.08739e-17  2.82360e-18    1011   427.242  1.63601e+16  0     
   6578.0474  2.81744e-17  5.17210e-17  2.79687e-18    1012   427.243  1.63663e+16  0     
   6579.2207  2.85121e-17  4.68063e-17  2.72597e-18    1013   427.243  1.63724e+16  0     
   6580.3936  2.89722e-17  3.94086e-17  2.61529e-18    1014   427.244  1.63779e+16  0     
   6581.5664  2.55503e-17  3.37326e-17  2.46298e-18    1015   427.245  1.63823e+16  0     
   6582.7397  2.84203e-17  2.94785e-17  2.43873e-18    1016   427.246  1.63858e+16  0     
   6583.9126  2.66765e-17  2.86690e-17  2.39354e-18    1017   427.246  1.63906e+16  0     
   6585.0859  2.76342e-17  2.76569e-17  2.39217e-18    1018   427.247  1.63954e+16  0     
   6586.2588  2.81266e-17  2.63152e-17  2.37648e-18    1019   427.248  1.64023e+16  0     
   6587.4321  2.84798e-17  2.63684e-17  2.38306e-18    1020   427.248  1.64100e+16  0     
   6588.6055  2.81096e-17  2.48621e-17  2.34885e-18    1021   427.249  1.64177e+16  0     
   6589.7788  3.24124e-17  2.43557e-17  2.41566e-18    1022   427.250  1.64243e+16  0     
   6590.9517  2.81543e-17  2.56528e-17  2.36274e-18    1023   427.251  1.64306e+16  0     
   6592.1250  3.03735e-17  2.60735e-17  2.40900e-18    1024   427.251  1.64364e+16  0     
   6593.2983  3.13690e-17  2.73264e-17  2.44759e-18    1025   427.252  1.64423e+16  0     
   6594.4717  2.49594e-17  2.73560e-17  2.33452e-18    1026   427.253  1.64470e+16  0     
   6595.6455  3.21797e-17  3.09894e-17  2.52288e-18    1027   427.253  1.64505e+16  0     
   6596.8188  2.61507e-17  3.06172e-17  2.41320e-18    1028   427.254  1.64529e+16  0     
   6597.9922  3.09114e-17  2.95186e-17  2.47623e-18    1029   427.255  1.64550e+16  0     
   6599.1655  2.47627e-17  3.16947e-17  2.40729e-18    1030   427.256  1.64583e+16  0     
   6600.3394  2.86773e-17  3.38331e-17  2.51077e-18    1031   427.256  1.64626e+16  0     
   6601.5127  3.01826e-17  3.49314e-17  2.55367e-18    1032   427.257  1.64677e+16  0     
   6602.6865  2.88682e-17  3.89319e-17  2.59714e-18    1033   427.258  1.64733e+16  0     
   6603.8599  2.57455e-17  3.86468e-17  2.54078e-18    1034   427.259  1.64783e+16  0     
   6605.0337  2.54187e-17  3.73864e-17  2.51394e-18    1035   427.259  1.64826e+16  0     
   6606.2075  3.03504e-17  3.54294e-17  2.56291e-18    1036   427.260  1.64870e+16  0     
   6607.3809  3.05823e-17  2.94704e-17  2.46660e-18    1037   427.261  1.64915e+16  0     
   6608.5547  3.08578e-17  2.67087e-17  2.42329e-18    1038   427.261  1.64972e+16  0     
   6609.7285  2.54749e-17  2.47976e-17  2.29261e-18    1039   427.262  1.65029e+16  0     
   6610.9023  3.10296e-17  2.45478e-17  2.38753e-18    1040   427.263  1.65084e+16  0     
   6612.0762  2.51443e-17  2.38556e-17  2.26822e-18    1041   427.264  1.65141e+16  0     
   6613.2500  2.88500e-17  2.42580e-17  2.34252e-18    1042   427.264  1.65215e+16  0     
   6614.4243  2.54196e-17  2.47137e-17  2.28798e-18    1043   427.265  1.65280e+16  0     
   6615.5981  2.85223e-17  2.44210e-17  2.33847e-18    1044   427.266  1.65345e+16  0     
   6616.7720  2.85563e-17  2.29785e-17  2.31253e-18    1045   427.267  1.65406e+16  0     
   6617.9463  2.70222e-17  2.42382e-17  2.30697e-18    1046   427.267  1.65474e+16  0     
   6619.1201  2.95839e-17  2.37255e-17  2.34351e-18    1047   427.268  1.65527e+16  0     
   6620.2944  2.63277e-17  2.34718e-17  2.27935e-18    1048   427.269  1.65583e+16  0     
   6621.4683  2.81020e-17  2.46275e-17  2.33219e-18    1049   427.269  1.65637e+16  0     
   6622.6426  2.44429e-17  2.54825e-17  2.28074e-18    1050   427.270  1.65695e+16  0     
   6623.8164  3.06827e-17  2.61034e-17  2.40305e-18    1051   427.271  1.65749e+16  0     
   6624.9907  2.73996e-17  2.74002e-17  2.36758e-18    1052   427.272  1.65818e+16  0     
   6626.1650  2.75031e-17  2.61474e-17  2.34644e-18    1053   427.272  1.65904e+16  0     
   6627.3394  3.04416e-17  2.68703e-17  2.41011e-18    1054   427.273  1.65993e+16  0     
   6628.5137  2.92852e-17  2.69297e-17  2.39036e-18    1055   427.274  1.66068e+16  0     
   6629.6880  3.00359e-17  2.68777e-17  2.40194e-18    1056   427.275  1.66140e+16  0     
   6630.8623  2.57039e-17  2.93650e-17  2.36896e-18    1057   427.275  1.66219e+16  0     
   6632.0366  2.92607e-17  3.05116e-17  2.44980e-18    1058   427.276  1.66300e+16  0     
   6633.2114  2.54317e-17  3.08999e-17  2.38979e-18    1059   427.277  1.66377e+16  0     
   6634.3857  2.84716e-17  3.00539e-17  2.42719e-18    1060   427.277  1.66448e+16  0     
   6635.5601  2.62991e-17  2.95169e-17  2.37954e-18    1061   427.278  1.66522e+16  0     
   6636.7349  2.75261e-17  2.79991e-17  2.37383e-18    1062   427.279  1.66595e+16  0     
   6637.9092  2.81959e-17  2.49110e-17  2.33033e-18    1063   427.280  1.66673e+16  0     
   6639.0840  2.87325e-17  2.57567e-17  2.35436e-18    1064   427.280  1.66740e+16  0     
   6640.2583  2.77032e-17  2.40617e-17  2.30531e-18    1065   427.281  1.66782e+16  0     
   6641.4331  2.89494e-17  2.29278e-17  2.30701e-18    1066   427.282  1.66823e+16  0     
   6642.6079  2.74599e-17  2.42139e-17  2.30287e-18    1067   427.283  1.66879e+16  0     
   6643.7827  2.55615e-17  2.26689e-17  2.23922e-18    1068   427.283  1.66950e+16  0     
   6644.9570  2.54615e-17  2.37511e-17  2.25681e-18    1069   427.284  1.67021e+16  0     
   6646.1318  3.15692e-17  2.29175e-17  2.35139e-18    1070   427.285  1.67091e+16  0     
   6647.3066  2.56278e-17  2.34082e-17  2.25241e-18    1071   427.286  1.67163e+16  0     
   6648.4814  2.44837e-17  2.34518e-17  2.23149e-18    1072   427.286  1.67229e+16  0.125 
   6649.6567  2.50973e-17  2.42793e-17  2.25760e-18    1073   427.287  1.67297e+16  0.25  
   6650.8315  2.70854e-17  2.39136e-17  2.28656e-18    1074   427.288  1.67380e+16  0.25  
   6652.0063  2.32080e-17  2.49794e-17  2.23427e-18    1075   427.289  1.67467e+16  0.375 
   6653.1812  2.63184e-17  2.37335e-17  2.26792e-18    1076   427.289  1.67552e+16  0.375 
   6654.3564  2.80294e-17  2.34877e-17  2.29386e-18    1077   427.290  1.67635e+16  0.5   
   6655.5312  2.38026e-17  2.38424e-17  2.22216e-18    1078   427.291  1.67720e+16  0.5   
   6656.7065  2.69436e-17  2.40764e-17  2.28354e-18    1079   427.292  1.67799e+16  0.625 
   6657.8813  2.41455e-17  2.55379e-17  2.25854e-18    1080   427.292  1.67880e+16  0.625 
   6659.0566  2.67451e-17  2.53918e-17  2.30229e-18    1081   427.293  1.67971e+16  0.625 
   6660.2319  2.65163e-17  2.52675e-17  2.29515e-18    1082   427.294  1.68070e+16  0.625 
   6661.4067  2.48002e-17  2.58972e-17  2.27472e-18    1083   427.295  1.68167e+16  0.625 
   6662.5820  2.68001e-17  2.57368e-17  2.30710e-18    1084   427.295  1.68262e+16  0.75  
   6663.7573  2.84200e-17  2.71614e-17  2.36026e-18    1085   427.296  1.68343e+16  0.625 
   6664.9326  2.67370e-17  2.78507e-17  2.34217e-18    1086   427.297  1.68424e+16  0.625 
   6666.1079  2.63006e-17  2.69988e-17  2.31866e-18    1087   427.298  1.68513e+16  0.5   
   6667.2832  2.50030e-17  2.65073e-17  2.28583e-18    1088   427.298  1.68613e+16  0.375 
   6668.4585  2.34363e-17  2.67444e-17  2.26092e-18    1089   427.299  1.68716e+16  0.375 
   6669.6343  2.64405e-17  2.58940e-17  2.29893e-18    1090   427.300  1.68823e+16  0.25  
   6670.8096  2.31071e-17  2.63756e-17  2.24650e-18    1091   427.301  1.68928e+16  0.125 
   6671.9849  2.63023e-17  2.56748e-17  2.29077e-18    1092   427.301  1.69041e+16  0.125 
   6673.1602  2.47425e-17  2.41727e-17  2.23427e-18    1093   427.302  1.69156e+16  0     
   6674.3359  2.49488e-17  2.27898e-17  2.21162e-18    1094   427.303  1.69275e+16  0     
   6675.5117  2.67474e-17  2.28005e-17  2.24398e-18    1095   427.304  1.69395e+16  0     
   6676.6870  2.24096e-17  2.40057e-17  2.18505e-18    1096   427.305  1.69518e+16  0     
   6677.8628  2.41761e-17  2.35032e-17  2.20767e-18    1097   427.305  1.69640e+16  0     
   6679.0386  2.66579e-17  2.40591e-17  2.26232e-18    1098   427.306  1.69763e+16  0     
   6680.2139  2.44827e-17  2.26226e-17  2.19512e-18    1099   427.307  1.69882e+16  0     
   6681.3896  2.34954e-17  2.39885e-17  2.20115e-18    1100   427.308  1.70012e+16  0     
   6682.5654  2.54841e-17  2.39837e-17  2.23660e-18    1101   427.308  1.70148e+16  0     
   6683.7412  2.44082e-17  2.43096e-17  2.22173e-18    1102   427.309  1.70294e+16  0     
   6684.9170  2.52256e-17  2.44352e-17  2.23785e-18    1103   427.310  1.70437e+16  0     
   6686.0928  2.64559e-17  2.40481e-17  2.25202e-18    1104   427.311  1.70581e+16  0     
   6687.2690  2.36571e-17  2.35790e-17  2.19101e-18    1105   427.311  1.70729e+16  0     
   6688.4448  2.26324e-17  2.39881e-17  2.17833e-18    1106   427.312  1.70889e+16  0     
   6689.6206  2.57030e-17  2.40544e-17  2.23478e-18    1107   427.313  1.71056e+16  0     
   6690.7964  2.57576e-17  2.29302e-17  2.21405e-18    1108   427.314  1.71213e+16  0     
   6691.9727  2.42130e-17  2.50176e-17  2.22277e-18    1109   427.314  1.71368e+16  0     
   6693.1484  2.54886e-17  2.38280e-17  2.22314e-18    1110   427.315  1.71522e+16  0     
   6694.3247  2.52028e-17  2.51103e-17  2.23998e-18    1111   427.316  1.71682e+16  0     
   6695.5005  2.44560e-17  2.55844e-17  2.23371e-18    1112   427.317  1.71854e+16  0     
   6696.6768  2.33443e-17  2.74598e-17  2.24616e-18    1113   427.318  1.72025e+16  0     
   6697.8530  2.14653e-17  2.86223e-17  2.23195e-18    1114   427.318  1.72194e+16  0     
   6699.0293  2.47604e-17  3.17139e-17  2.34328e-18    1115   427.319  1.72349e+16  0     
   6700.2051  2.42159e-17  3.33621e-17  2.36104e-18    1116   427.320  1.72491e+16  0     
   6701.3818  2.61607e-17  3.85083e-17  2.47788e-18    1117   427.321  1.72627e+16  0     
   6702.5576  2.37410e-17  4.34660e-17  2.51750e-18    1118   427.321  1.72776e+16  0     
   6703.7339  1.95800e-17  4.29926e-17  2.44114e-18    1119   427.322  1.72930e+16  0     
   6704.9106  2.69525e-17  4.29885e-17  2.55816e-18    1120   427.323  1.73087e+16  0     
   6706.0869  2.22148e-17  3.93226e-17  2.42150e-18    1121   427.324  1.73244e+16  0     
   6707.2632  2.66397e-17  3.44808e-17  2.41328e-18    1122   427.324  1.73406e+16  0     
   6708.4395  2.60410e-17  2.96639e-17  2.32028e-18    1123   427.325  1.73583e+16  0     
   6709.6162  2.53172e-17  2.73770e-17  2.26642e-18    1124   427.326  1.73760e+16  0     
   6710.7925  2.47251e-17  2.48123e-17  2.20882e-18    1125   427.327  1.73923e+16  0     
   6711.9692  2.15570e-17  2.53427e-17  2.15944e-18    1126   427.328  1.74080e+16  0     
   6713.1455  2.47141e-17  2.34962e-17  2.18235e-18    1127   427.328  1.74236e+16  0     
   6714.3223  2.64193e-17  2.64053e-17  2.26387e-18    1128   427.329  1.74391e+16  0     
   6715.4990  2.20023e-17  2.59829e-17  2.17598e-18    1129   427.330  1.74539e+16  0     
   6716.6753  2.20776e-17  2.63586e-17  2.18311e-18    1130   427.331  1.74687e+16  0     
   6717.8521  2.62891e-17  2.50361e-17  2.23393e-18    1131   427.332  1.74841e+16  0     
   6719.0288  2.56313e-17  2.54232e-17  2.22797e-18    1132   427.332  1.74993e+16  0     
   6720.2056  2.12168e-17  2.44863e-17  2.12945e-18    1133   427.333  1.75139e+16  0     
   6721.3823  2.51986e-17  2.32613e-17  2.17910e-18    1134   427.334  1.75285e+16  0     
   6722.5591  2.41028e-17  2.34411e-17  2.16135e-18    1135   427.335  1.75425e+16  0     
   6723.7358  2.38731e-17  2.24298e-17  2.13750e-18    1136   427.335  1.75562e+16  0     
   6724.9126  2.47963e-17  2.34390e-17  2.17196e-18    1137   427.336  1.75698e+16  0     
   6726.0898  2.16897e-17  2.32920e-17  2.11093e-18    1138   427.337  1.75835e+16  0     
   6727.2666  2.61795e-17  2.29751e-17  2.18662e-18    1139   427.338  1.75969e+16  0     
   6728.4434  2.05857e-17  2.39260e-17  2.10023e-18    1140   427.339  1.76099e+16  0     
   6729.6206  2.26086e-17  2.45016e-17  2.14760e-18    1141   427.339  1.76217e+16  0     
   6730.7974  2.57230e-17  2.45325e-17  2.20375e-18    1142   427.340  1.76328e+16  0     
   6731.9746  2.53923e-17  2.43833e-17  2.19433e-18    1143   427.341  1.76438e+16  0     
   6733.1514  2.63030e-17  2.37250e-17  2.19807e-18    1144   427.342  1.76545e+16  0     
   6734.3286  2.71966e-17  2.32564e-17  2.20485e-18    1145   427.343  1.76654e+16  0     
   6735.5054  2.51319e-17  2.30434e-17  2.16299e-18    1146   427.343  1.76774e+16  0     
   6736.6826  2.31257e-17  2.34792e-17  2.13338e-18    1147   427.344  1.76898e+16  0     
   6737.8599  1.87560e-17  2.37768e-17  2.05624e-18    1148   427.345  1.77019e+16  0     
   6739.0371  2.29514e-17  2.40023e-17  2.13803e-18    1149   427.346  1.77141e+16  0     
   6740.2144  2.28129e-17  2.33909e-17  2.12335e-18    1150   427.347  1.77265e+16  0     
   6741.3916  2.58173e-17  2.35716e-17  2.18039e-18    1151   427.347  1.77392e+16  0     
   6742.5688  2.58149e-17  2.40623e-17  2.18821e-18    1152   427.348  1.77520e+16  0     
   6743.7461  2.46988e-17  2.36788e-17  2.16033e-18    1153   427.349  1.77645e+16  0     
   6744.9238  2.18319e-17  2.40011e-17  2.11291e-18    1154   427.350  1.77768e+16  0     
   6746.1011  2.32851e-17  2.41131e-17  2.14072e-18    1155   427.351  1.77897e+16  0     
   6747.2783  2.23136e-17  2.31718e-17  2.10458e-18    1156   427.351  1.78035e+16  0     
   6748.4561  2.33160e-17  2.23335e-17  2.10659e-18    1157   427.352  1.78179e+16  0     
   6749.6333  2.32018e-17  2.36911e-17  2.12849e-18    1158   427.353  1.78317e+16  0     
   6750.8110  2.36041e-17  2.29385e-17  2.12114e-18    1159   427.354  1.78449e+16  0     
   6751.9883  1.93207e-17  2.29588e-17  2.04055e-18    1160   427.355  1.78576e+16  0     
   6753.1660  2.46445e-17  2.18269e-17  2.11804e-18    1161   427.355  1.78702e+16  0     
   6754.3438  2.31133e-17  2.32023e-17  2.11427e-18    1162   427.356  1.78831e+16  0     
   6755.5210  2.27461e-17  2.20551e-17  2.08539e-18    1163   427.357  1.78956e+16  0     
   6756.6987  2.52028e-17  2.30900e-17  2.14842e-18    1164   427.358  1.79091e+16  0     
   6757.8765  2.25546e-17  2.13324e-17  2.06642e-18    1165   427.359  1.79228e+16  0     
   6759.0542  2.20726e-17  2.22203e-17  2.07306e-18    1166   427.359  1.79366e+16  0     
   6760.2319  2.45864e-17  2.18662e-17  2.11203e-18    1167   427.360  1.79505e+16  0     
   6761.4097  2.15586e-17  2.22976e-17  2.06298e-18    1168   427.361  1.79640e+16  0     
   6762.5874  2.04332e-17  2.24900e-17  2.04452e-18    1169   427.362  1.79772e+16  0     
   6763.7656  2.35560e-17  2.26714e-17  2.10509e-18    1170   427.363  1.79906e+16  0     
   6764.9434  2.38679e-17  2.28825e-17  2.11370e-18    1171   427.363  1.80042e+16  0     
   6766.1211  2.25509e-17  2.23683e-17  2.07901e-18    1172   427.364  1.80187e+16  0     
   6767.2993  1.90990e-17  2.26852e-17  2.01904e-18    1173   427.365  1.80338e+16  0     
   6768.4771  1.99140e-17  2.17071e-17  2.01497e-18    1174   427.366  1.80480e+16  0     
   6769.6548  2.40254e-17  2.20511e-17  2.09742e-18    1175   427.367  1.80611e+16  0     
   6770.8330  1.99566e-17  2.26258e-17  2.03142e-18    1176   427.367  1.80748e+16  0     
   6772.0112  2.42729e-17  2.26251e-17  2.11048e-18    1177   427.368  1.80890e+16  0     
   6773.1890  2.22372e-17  2.26635e-17  2.07286e-18    1178   427.369  1.81031e+16  0     
   6774.3672  2.02770e-17  2.18630e-17  2.02016e-18    1179   427.370  1.81174e+16  0     
   6775.5454  2.11240e-17  2.29004e-17  2.05467e-18    1180   427.371  1.81312e+16  0     
   6776.7236  2.12353e-17  2.20544e-17  2.04004e-18    1181   427.372  1.81442e+16  0     
   6777.9019  2.32716e-17  2.30000e-17  2.09443e-18    1182   427.372  1.81561e+16  0     
   6779.0801  2.06974e-17  2.25128e-17  2.03698e-18    1183   427.373  1.81674e+16  0     
   6780.2583  2.00634e-17  2.36646e-17  2.04589e-18    1184   427.374  1.81791e+16  0     
   6781.4365  2.16224e-17  2.28297e-17  2.05857e-18    1185   427.375  1.81908e+16  0     
   6782.6147  2.07796e-17  2.32581e-17  2.05007e-18    1186   427.376  1.82026e+16  0     
   6783.7930  2.46839e-17  2.39161e-17  2.13245e-18    1187   427.376  1.82146e+16  0     
   6784.9717  2.22090e-17  2.34741e-17  2.07889e-18    1188   427.377  1.82257e+16  0     
   6786.1499  2.20436e-17  2.34421e-17  2.07457e-18    1189   427.378  1.82359e+16  0     
   6787.3281  1.90137e-17  2.29377e-17  2.00799e-18    1190   427.379  1.82458e+16  0     
   6788.5068  1.99286e-17  2.30572e-17  2.02677e-18    1191   427.380  1.82568e+16  0     
   6789.6851  1.99180e-17  2.25848e-17  2.01694e-18    1192   427.381  1.82680e+16  0     
   6790.8638  1.98503e-17  2.34819e-17  2.03177e-18    1193   427.381  1.82790e+16  0     
   6792.0425  2.19899e-17  2.26759e-17  2.05583e-18    1194   427.382  1.82898e+16  0     
   6793.2207  1.97409e-17  2.31592e-17  2.02221e-18    1195   427.383  1.83011e+16  0     
   6794.3994  2.40670e-17  2.18214e-17  2.07675e-18    1196   427.384  1.83126e+16  0     
   6795.5781  1.78783e-17  2.26009e-17  1.97474e-18    1197   427.385  1.83242e+16  0     
   6796.7568  2.22199e-17  2.23334e-17  2.05069e-18    1198   427.385  1.83355e+16  0     
   6797.9355  2.23170e-17  2.31320e-17  2.06647e-18    1199   427.386  1.83458e+16  0     
   6799.1143  2.03159e-17  2.17238e-17  2.00237e-18    1200   427.387  1.83560e+16  0     
   6800.2930  1.93110e-17  2.26537e-17  2.00032e-18    1201   427.388  1.83658e+16  0     
   6801.4717  2.14188e-17  2.20256e-17  2.02752e-18    1202   427.389  1.83743e+16  0     
   6802.6504  2.13198e-17  2.28930e-17  2.04125e-18    1203   427.390  1.83826e+16  0     
   6803.8296  2.13058e-17  2.33593e-17  2.04901e-18    1204   427.390  1.83914e+16  0     
   6805.0083  2.18036e-17  2.23006e-17  2.03805e-18    1205   427.391  1.84005e+16  0     
   6806.1870  2.05404e-17  2.33609e-17  2.03367e-18    1206   427.392  1.84098e+16  0     
   6807.3662  2.18974e-17  2.34619e-17  2.05994e-18    1207   427.393  1.84187e+16  0     
   6808.5449  2.36501e-17  2.13185e-17  2.05218e-18    1208   427.394  1.84277e+16  0     
   6809.7241  1.89543e-17  2.27571e-17  1.99087e-18    1209   427.395  1.84369e+16  0     
   6810.9028  2.01857e-17  2.30806e-17  2.01945e-18    1210   427.395  1.84464e+16  0     
   6812.0820  2.05888e-17  2.23393e-17  2.01257e-18    1211   427.396  1.84550e+16  0     
   6813.2612  1.97380e-17  2.35284e-17  2.01834e-18    1212   427.397  1.84633e+16  0     
   6814.4404  2.31450e-17  2.16826e-17  2.04661e-18    1213   427.398  1.84726e+16  0     
   6815.6191  2.10701e-17  2.23919e-17  2.02073e-18    1214   427.399  1.84823e+16  0     
   6816.7983  2.13379e-17  2.24887e-17  2.02684e-18    1215   427.400  1.84924e+16  0     
   6817.9775  2.15496e-17  2.26136e-17  2.03242e-18    1216   427.400  1.85022e+16  0     
   6819.1567  2.23797e-17  2.26713e-17  2.04806e-18    1217   427.401  1.85126e+16  0     
   6820.3359  2.26132e-17  2.27005e-17  2.05218e-18    1218   427.402  1.85231e+16  0     
   6821.5156  2.30173e-17  2.42270e-17  2.08642e-18    1219   427.403  1.85340e+16  0     
   6822.6948  2.14314e-17  2.71069e-17  2.10896e-18    1220   427.404  1.85425e+16  0     
   6823.8740  2.12449e-17  3.78450e-17  2.28825e-18    1221   427.405  1.85484e+16  0     
   6825.0532  1.91073e-17  5.28390e-17  2.48933e-18    1222   427.406  1.85537e+16  0     
   6826.2329  2.35246e-17  6.90997e-17  2.78232e-18    1223   427.406  1.85610e+16  0     
   6827.4121  2.27660e-17  8.20739e-17  2.94134e-18    1224   427.407  1.85687e+16  0     
   6828.5918  2.05306e-17  9.11291e-17  3.02613e-18    1225   427.408  1.85764e+16  0     
   6829.7710  2.04258e-17  1.00345e-16  3.13598e-18    1226   427.409  1.85839e+16  0     
   6830.9507  2.13180e-17  1.01396e-16  3.15836e-18    1227   427.410  1.85914e+16  0     
   6832.1299  2.43502e-17  1.00167e-16  3.17892e-18    1228   427.411  1.85990e+16  0     
   6833.3096  2.21904e-17  9.19264e-17  3.05340e-18    1229   427.411  1.86093e+16  0     
   6834.4893  2.04332e-17  8.39904e-17  2.93146e-18    1230   427.412  1.86218e+16  0     
   6835.6689  1.75508e-17  7.29913e-17  2.74818e-18    1231   427.413  1.86343e+16  0     
   6836.8486  2.12780e-17  5.97481e-17  2.61517e-18    1232   427.414  1.86444e+16  0     
   6838.0283  2.28298e-17  4.90858e-17  2.48136e-18    1233   427.415  1.86532e+16  0     
   6839.2080  1.99460e-17  4.28937e-17  2.34062e-18    1234   427.416  1.86617e+16  0     
   6840.3877  2.51160e-17  3.93990e-17  2.36639e-18    1235   427.417  1.86715e+16  0     
   6841.5674  1.98588e-17  3.73072e-17  2.24721e-18    1236   427.417  1.86818e+16  0     
   6842.7471  2.04602e-17  3.51423e-17  2.22049e-18    1237   427.418  1.86920e+16  0     
   6843.9268  2.02504e-17  3.34261e-17  2.18734e-18    1238   427.419  1.87021e+16  0     
   6845.1069  1.81779e-17  2.93096e-17  2.07899e-18    1239   427.420  1.87117e+16  0     
   6846.2866  2.05664e-17  2.62618e-17  2.06653e-18    1240   427.421  1.87218e+16  0     
   6847.4668  2.42179e-17  2.46601e-17  2.10218e-18    1241   427.422  1.87341e+16  0     
   6848.6465  2.24988e-17  2.48547e-17  2.07433e-18    1242   427.422  1.87462e+16  0     
   6849.8267  1.99389e-17  2.48466e-17  2.02733e-18    1243   427.423  1.87559e+16  0     
   6851.0063  2.27604e-17  2.40351e-17  2.06324e-18    1244   427.424  1.87630e+16  0     
   6852.1865  2.20105e-17  2.35548e-17  2.04068e-18    1245   427.425  1.87688e+16  0     
   6853.3667  1.95923e-17  2.42355e-17  2.00843e-18    1246   427.426  1.87767e+16  0     
   6854.5464  1.93643e-17  2.34709e-17  1.98996e-18    1247   427.427  1.87784e+16  0     
   6855.7266  1.99546e-17  2.33351e-17  1.99786e-18    1248   427.428  1.87866e+16  0     
   6856.9067  1.98061e-17  2.55259e-17  2.03758e-18    1249   427.428  1.87513e+16  0     
   6858.0869  2.18821e-17  3.26809e-17  2.20113e-18    1250   427.429  1.87196e+16  0     
   6859.2671  1.88311e-17  5.17098e-17  2.45612e-18    1251   427.430  1.87139e+16  0     
   6860.4473  2.30220e-17  7.85396e-17  2.88298e-18    1252   427.431  1.87617e+16  0     
   6861.6274  2.07238e-17  1.04888e-16  3.18536e-18    1253   427.432  1.86682e+16  0     
   6862.8081  2.52964e-17  1.19308e-16  3.42736e-18    1254   427.433  1.83898e+16  0     
   6863.9883  2.45842e-17  1.24660e-16  3.52967e-18    1255   427.434  1.78905e+16  0     
   6865.1685  2.02895e-17  1.22012e-16  3.52677e-18    1256   427.435  1.71954e+16  0     
   6866.3491  1.66666e-17  1.02000e-16  3.34464e-18    1257   427.435  1.62674e+16  0     
   6867.5293  1.58569e-17  8.23160e-17  3.16998e-18    1258   427.436  1.53760e+16  0     
   6868.7095  2.34262e-17  6.12531e-17  3.02920e-18    1259   427.437  1.48640e+16  0     
   6869.8901  1.88819e-17  4.96081e-17  2.77953e-18    1260   427.438  1.47609e+16  0     
   6871.0708  2.11081e-17  4.35205e-17  2.70434e-18    1261   427.439  1.48452e+16  0     
   6872.2510  2.51120e-17  3.83320e-17  2.66129e-18    1262   427.440  1.50592e+16  0     
   6873.4316  2.22731e-17  3.39774e-17  2.49827e-18    1263   427.441  1.54186e+16  0     
   6874.6123  2.13479e-17  3.01436e-17  2.37467e-18    1264   427.441  1.58132e+16  0     
   6875.7925  2.18782e-17  2.86607e-17  2.32000e-18    1265   427.442  1.62361e+16  0     
   6876.9731  2.08770e-17  2.94824e-17  2.28103e-18    1266   427.443  1.66630e+16  0     
   6878.1538  2.14756e-17  3.20312e-17  2.30427e-18    1267   427.444  1.70756e+16  0     
   6879.3345  2.36786e-17  3.51349e-17  2.36586e-18    1268   427.445  1.74520e+16  0     
   6880.5151  2.00990e-17  3.57468e-17  2.29630e-18    1269   427.446  1.77010e+16  0     
   6881.6958  2.05880e-17  3.54714e-17  2.28653e-18    1270   427.447  1.78790e+16  0     
   6882.8770  2.08932e-17  3.40366e-17  2.26927e-18    1271   427.448  1.78522e+16  0     
   6884.0576  1.96034e-17  3.56483e-17  2.28373e-18    1272   427.448  1.77326e+16  0     
   6885.2383  1.98824e-17  3.86628e-17  2.36052e-18    1273   427.449  1.74624e+16  0     
   6886.4194  2.12349e-17  4.21168e-17  2.45566e-18    1274   427.450  1.72717e+16  0     
   6887.6001  2.35574e-17  4.39136e-17  2.53774e-18    1275   427.451  1.70879e+16  0     
   6888.7808  2.28490e-17  4.62164e-17  2.56140e-18    1276   427.452  1.71082e+16  0     
   6889.9619  2.87901e-17  4.70595e-17  2.66244e-18    1277   427.453  1.71571e+16  0     
   6891.1426  2.81718e-17  4.31222e-17  2.59190e-18    1278   427.454  1.71613e+16  0     
   6892.3237  2.53269e-17  3.77692e-17  2.46294e-18    1279   427.455  1.71329e+16  0     
   6893.5049  2.34452e-17  3.31170e-17  2.34432e-18    1280   427.455  1.72407e+16  0     
   6894.6860  2.49094e-17  2.90545e-17  2.29136e-18    1281   427.456  1.73418e+16  0     
   6895.8667  2.29030e-17  3.14587e-17  2.29661e-18    1282   427.457  1.73633e+16  0     
   6897.0479  2.29778e-17  3.80519e-17  2.40496e-18    1283   427.458  1.74254e+16  0     
   6898.2290  1.97895e-17  4.27450e-17  2.42055e-18    1284   427.459  1.75404e+16  0     
   6899.4102  2.11752e-17  4.66206e-17  2.49728e-18    1285   427.460  1.76370e+16  0     
   6900.5913  1.65432e-17  5.03024e-17  2.47509e-18    1286   427.461  1.77261e+16  0     
   6901.7725  2.37236e-17  4.70306e-17  2.52566e-18    1287   427.462  1.78564e+16  0     
   6902.9536  2.14438e-17  4.20451e-17  2.40522e-18    1288   427.463  1.79336e+16  0     
   6904.1348  2.07161e-17  3.44138e-17  2.26123e-18    1289   427.463  1.80073e+16  0     
   6905.3164  1.97738e-17  2.91681e-17  2.14804e-18    1290   427.464  1.80791e+16  0     
   6906.4976  1.94576e-17  2.71728e-17  2.10223e-18    1291   427.465  1.81377e+16  0     
   6907.6787  2.19978e-17  3.20295e-17  2.22912e-18    1292   427.466  1.81901e+16  0     
   6908.8604  2.12247e-17  3.86290e-17  2.32172e-18    1293   427.467  1.82587e+16  0     
   6910.0415  2.04388e-17  4.62685e-17  2.42502e-18    1294   427.468  1.83429e+16  0     
   6911.2231  2.28970e-17  5.06543e-17  2.52483e-18    1295   427.469  1.84045e+16  0     
   6912.4043  2.23938e-17  5.28720e-17  2.54075e-18    1296   427.470  1.85278e+16  0     
   6913.5859  2.05787e-17  4.98805e-17  2.46371e-18    1297   427.471  1.85958e+16  0     
   6914.7676  2.03917e-17  4.41917e-17  2.36628e-18    1298   427.471  1.86880e+16  0     
   6915.9492  2.14802e-17  3.62795e-17  2.25137e-18    1299   427.472  1.87628e+16  0     
   6917.1304  2.22192e-17  3.28153e-17  2.20082e-18    1300   427.473  1.88404e+16  0     
   6918.3120  2.28591e-17  3.90563e-17  2.31544e-18    1301   427.474  1.88084e+16  0     
   6919.4937  2.16506e-17  5.40921e-17  2.52728e-18    1302   427.475  1.87959e+16  0     
   6920.6753  2.13555e-17  6.70199e-17  2.70097e-18    1303   427.476  1.88549e+16  0     
   6921.8569  2.24792e-17  7.63118e-17  2.83046e-18    1304   427.477  1.89643e+16  0     
   6923.0386  2.17300e-17  8.04674e-17  2.86743e-18    1305   427.478  1.90460e+16  0     
   6924.2202  1.69884e-17  7.68009e-17  2.76226e-18    1306   427.479  1.89983e+16  0     
   6925.4023  2.03866e-17  6.52933e-17  2.65242e-18    1307   427.479  1.90030e+16  0     
   6926.5840  1.68487e-17  4.88393e-17  2.35596e-18    1308   427.480  1.90739e+16  0     
   6927.7656  2.06203e-17  3.64924e-17  2.21145e-18    1309   427.481  1.91941e+16  0     
   6928.9473  2.03737e-17  3.00668e-17  2.10263e-18    1310   427.482  1.91447e+16  0     
   6930.1294  2.47020e-17  2.41035e-17  2.07617e-18    1311   427.483  1.91143e+16  0     
   6931.3110  2.25737e-17  2.40236e-17  2.03404e-18    1312   427.484  1.91640e+16  0     
   6932.4932  2.26902e-17  2.36311e-17  2.01911e-18    1313   427.485  1.93247e+16  0     
   6933.6753  2.35182e-17  2.57373e-17  2.06884e-18    1314   427.486  1.93538e+16  0     
   6934.8569  2.12077e-17  3.01930e-17  2.10826e-18    1315   427.487  1.93139e+16  0     
   6936.0391  2.53020e-17  3.73217e-17  2.29259e-18    1316   427.488  1.93006e+16  0     
   6937.2212  2.36504e-17  4.34244e-17  2.35896e-18    1317   427.488  1.93359e+16  0     
   6938.4033  2.45420e-17  4.74519e-17  2.43819e-18    1318   427.489  1.92587e+16  0     
   6939.5850  2.21093e-17  4.87426e-17  2.42054e-18    1319   427.490  1.92686e+16  0     
   6940.7671  2.34893e-17  4.64627e-17  2.40186e-18    1320   427.491  1.93432e+16  0     
   6941.9492  2.34549e-17  4.12698e-17  2.31884e-18    1321   427.492  1.93955e+16  0     
   6943.1313  2.42915e-17  3.74035e-17  2.27156e-18    1322   427.493  1.93958e+16  0     
   6944.3135  2.46713e-17  4.42186e-17  2.37682e-18    1323   427.494  1.94744e+16  0     
   6945.4961  2.16393e-17  5.99801e-17  2.55548e-18    1324   427.495  1.95459e+16  0     
   6946.6782  2.36104e-17  7.34533e-17  2.75913e-18    1325   427.496  1.95813e+16  0     
   6947.8604  2.13150e-17  8.39604e-17  2.86135e-18    1326   427.497  1.95987e+16  0     
   6949.0425  2.06061e-17  8.72453e-17  2.89173e-18    1327   427.498  1.96154e+16  0     
   6950.2251  2.14298e-17  8.11846e-17  2.82564e-18    1328   427.498  1.96315e+16  0     
   6951.4072  1.89613e-17  6.69062e-17  2.60641e-18    1329   427.499  1.96472e+16  0     
   6952.5898  2.18880e-17  5.01018e-17  2.40979e-18    1330   427.500  1.96630e+16  0     
   6953.7720  2.03521e-17  3.85437e-17  2.20855e-18    1331   427.501  1.96789e+16  0     
   6954.9546  2.46364e-17  2.97681e-17  2.13453e-18    1332   427.502  1.96955e+16  0     
   6956.1367  2.56783e-17  2.71279e-17  2.10694e-18    1333   427.503  1.97120e+16  0     
   6957.3193  2.67190e-17  2.37685e-17  2.06682e-18    1334   427.504  1.97281e+16  0     
   6958.5020  2.35459e-17  2.44254e-17  2.02268e-18    1335   427.505  1.97420e+16  0     
   6959.6846  2.62502e-17  2.40849e-17  2.06266e-18    1336   427.506  1.97538e+16  0     
   6960.8667  2.37612e-17  2.50261e-17  2.03538e-18    1337   427.507  1.97658e+16  0     
   6962.0493  2.21777e-17  2.39572e-17  1.98832e-18    1338   427.508  1.97784e+16  0     
   6963.2319  2.17396e-17  2.40640e-17  1.98168e-18    1339   427.509  1.97917e+16  0     
   6964.4150  2.62542e-17  2.69682e-17  2.10814e-18    1340   427.509  1.98047e+16  0     
   6965.5972  2.44054e-17  3.10679e-17  2.14442e-18    1341   427.510  1.98180e+16  0     
   6966.7803  2.29664e-17  3.48160e-17  2.18098e-18    1342   427.511  1.98313e+16  0     
   6967.9629  2.50729e-17  3.84707e-17  2.27072e-18    1343   427.512  1.98449e+16  0     
   6969.1455  2.29495e-17  3.95385e-17  2.25354e-18    1344   427.513  1.98581e+16  0     
   6970.3281  2.15619e-17  3.92766e-17  2.22694e-18    1345   427.514  1.98716e+16  0     
   6971.5112  2.06514e-17  3.86148e-17  2.20127e-18    1346   427.515  1.98850e+16  0     
   6972.6938  2.25112e-17  3.57064e-17  2.18379e-18    1347   427.516  1.98974e+16  0     
   6973.8770  2.29066e-17  3.93486e-17  2.24659e-18    1348   427.517  1.99098e+16  0     
   6975.0596  2.49048e-17  4.66229e-17  2.38532e-18    1349   427.518  1.99232e+16  0     
   6976.2427  2.77830e-17  5.49207e-17  2.54238e-18    1350   427.519  1.99375e+16  0     
   6977.4253  2.67863e-17  5.70239e-17  2.55642e-18    1351   427.520  1.99527e+16  0     
   6978.6084  2.48630e-17  6.06126e-17  2.57790e-18    1352   427.521  1.99678e+16  0     
   6979.7915  2.81441e-17  5.65440e-17  2.56623e-18    1353   427.521  1.99824e+16  0     
   6980.9746  2.16469e-17  4.65727e-17  2.33174e-18    1354   427.522  1.99950e+16  0     
   6982.1572  2.82582e-17  3.79315e-17  2.30050e-18    1355   427.523  2.00073e+16  0     
   6983.3403  2.39108e-17  3.21284e-17  2.14102e-18    1356   427.524  2.00214e+16  0     
   6984.5234  2.59467e-17  2.76926e-17  2.10084e-18    1357   427.525  2.00368e+16  0     
   6985.7065  2.64460e-17  2.69921e-17  2.09660e-18    1358   427.526  2.00519e+16  0     
   6986.8896  2.51187e-17  2.61284e-17  2.05922e-18    1359   427.527  2.00666e+16  0     
   6988.0732  2.29627e-17  2.55181e-17  2.01126e-18    1360   427.528  2.00823e+16  0     
   6989.2559  2.63045e-17  2.40610e-17  2.04238e-18    1361   427.529  2.00997e+16  0     
   6990.4395  2.40285e-17  2.28782e-17  1.98196e-18    1362   427.530  2.01177e+16  0     
   6991.6226  2.63998e-17  2.39155e-17  2.03945e-18    1363   427.531  2.01349e+16  0     
   6992.8057  2.98741e-17  2.40233e-17  2.09816e-18    1364   427.532  2.01515e+16  0     
   6993.9893  2.56790e-17  2.34365e-17  2.01715e-18    1365   427.533  2.01677e+16  0     
   6995.1724  2.32662e-17  2.38273e-17  1.98143e-18    1366   427.534  2.01832e+16  0     
   6996.3560  2.30699e-17  2.52478e-17  2.00170e-18    1367   427.535  2.01982e+16  0     
   6997.5391  2.64463e-17  2.53305e-17  2.05938e-18    1368   427.535  2.02130e+16  0     
   6998.7227  2.83477e-17  2.58226e-17  2.09807e-18    1369   427.536  2.02275e+16  0     
   6999.9058  2.60423e-17  2.74702e-17  2.08643e-18    1370   427.537  2.02417e+16  0     
   7001.0894  2.63562e-17  2.97449e-17  2.12772e-18    1371   427.538  2.02557e+16  0     
   7002.2729  2.59128e-17  3.10748e-17  2.14100e-18    1372   427.539  2.02714e+16  0     
   7003.4565  2.34603e-17  3.11784e-17  2.10213e-18    1373   427.540  2.02874e+16  0     
   7004.6401  2.68437e-17  3.06718e-17  2.14751e-18    1374   427.541  2.03032e+16  0     
   7005.8237  2.72076e-17  3.14053e-17  2.16400e-18    1375   427.542  2.03181e+16  0     
   7007.0073  2.70624e-17  3.29578e-17  2.18510e-18    1376   427.543  2.03347e+16  0     
   7008.1909  2.88519e-17  3.41348e-17  2.22995e-18    1377   427.544  2.03513e+16  0     
   7009.3745  2.98875e-17  3.68247e-17  2.28525e-18    1378   427.545  2.03670e+16  0     
   7010.5581  2.73002e-17  3.80684e-17  2.26430e-18    1379   427.546  2.03801e+16  0     
   7011.7417  2.45378e-17  3.83472e-17  2.22585e-18    1380   427.547  2.03922e+16  0     
   7012.9253  2.53803e-17  3.73410e-17  2.22258e-18    1381   427.548  2.04046e+16  0     
   7014.1089  2.32443e-17  3.20635e-17  2.10520e-18    1382   427.549  2.04180e+16  0     
   7015.2930  2.71363e-17  2.76327e-17  2.09558e-18    1383   427.550  2.04332e+16  0     
   7016.4766  2.53243e-17  2.49742e-17  2.02090e-18    1384   427.551  2.04486e+16  0     
   7017.6606  2.65236e-17  2.35950e-17  2.01692e-18    1385   427.551  2.04651e+16  0     
   7018.8442  2.63443e-17  2.15571e-17  1.97834e-18    1386   427.552  2.04817e+16  0     
   7020.0283  2.45825e-17  2.30898e-17  1.97345e-18    1387   427.553  2.04987e+16  0     
   7021.2119  2.62428e-17  2.29408e-17  1.99827e-18    1388   427.554  2.05154e+16  0     
   7022.3960  2.54103e-17  2.21666e-17  1.96994e-18    1389   427.555  2.05320e+16  0     
   7023.5801  2.77021e-17  2.14444e-17  1.99575e-18    1390   427.556  2.05486e+16  0     
   7024.7637  2.63123e-17  2.21046e-17  1.98244e-18    1391   427.557  2.05650e+16  0     
   7025.9478  2.62788e-17  2.18809e-17  1.97724e-18    1392   427.558  2.05794e+16  0     
   7027.1318  2.73256e-17  2.30382e-17  2.01374e-18    1393   427.559  2.05931e+16  0     
   7028.3159  2.67517e-17  2.31747e-17  2.00563e-18    1394   427.560  2.06066e+16  0     
   7029.5000  2.72664e-17  2.24126e-17  2.00067e-18    1395   427.561  2.06208e+16  0     
   7030.6841  2.54656e-17  2.15727e-17  1.95492e-18    1396   427.562  2.06351e+16  0     
   7031.8682  2.45440e-17  2.15992e-17  1.93867e-18    1397   427.563  2.06492e+16  0     
   7033.0522  2.63437e-17  2.14046e-17  1.96554e-18    1398   427.564  2.06632e+16  0     
   7034.2368  2.24616e-17  2.19230e-17  1.90639e-18    1399   427.565  2.06772e+16  0     
   7035.4209  2.53017e-17  2.09657e-17  1.93851e-18    1400   427.566  2.06911e+16  0     
   7036.6050  2.42763e-17  2.35012e-17  1.96371e-18    1401   427.567  2.07050e+16  0.125 
   7037.7891  2.65480e-17  2.46495e-17  2.02050e-18    1402   427.568  2.07189e+16  0.125 
   7038.9736  2.89045e-17  2.47221e-17  2.05961e-18    1403   427.569  2.07327e+16  0.125 
   7040.1577  2.37358e-17  2.55581e-17  1.98713e-18    1404   427.570  2.07464e+16  0.125 
   7041.3423  2.85464e-17  2.66762e-17  2.08382e-18    1405   427.571  2.07602e+16  0.125 
   7042.5264  2.47613e-17  2.81417e-17  2.04547e-18    1406   427.572  2.07738e+16  0     
   7043.7109  2.79252e-17  2.86063e-17  2.10314e-18    1407   427.573  2.07875e+16  0     
   7044.8955  2.57481e-17  3.17033e-17  2.11691e-18    1408   427.573  2.08011e+16  0     
   7046.0796  2.35584e-17  3.43615e-17  2.12348e-18    1409   427.574  2.08147e+16  0     
   7047.2642  2.15845e-17  3.54050e-17  2.10804e-18    1410   427.575  2.08282e+16  0     
   7048.4487  2.46521e-17  3.61017e-17  2.16595e-18    1411   427.576  2.08417e+16  0     
   7049.6333  2.65949e-17  3.59192e-17  2.19207e-18    1412   427.577  2.08552e+16  0     
   7050.8179  2.70451e-17  3.20997e-17  2.13949e-18    1413   427.578  2.08686e+16  0     
   7052.0024  2.65878e-17  2.93007e-17  2.08746e-18    1414   427.579  2.08820e+16  0     
   7053.1870  2.22956e-17  2.77998e-17  1.99229e-18    1415   427.580  2.08954e+16  0     
   7054.3716  2.23227e-17  2.65484e-17  1.97102e-18    1416   427.581  2.09088e+16  0     
   7055.5562  2.40613e-17  2.48440e-17  1.97087e-18    1417   427.582  2.09222e+16  0     
   7056.7407  2.28993e-17  2.39331e-17  1.93492e-18    1418   427.583  2.09356e+16  0     
   7057.9253  2.76963e-17  2.42351e-17  2.01969e-18    1419   427.584  2.09491e+16  0     
   7059.1099  2.54983e-17  2.44733e-17  1.98652e-18    1420   427.585  2.09627e+16  0     
   7060.2949  2.25371e-17  2.50522e-17  1.94564e-18    1421   427.586  2.09763e+16  0     
   7061.4795  2.50224e-17  2.53455e-17  1.99160e-18    1422   427.587  2.09901e+16  0     
   7062.6646  2.72105e-17  2.64337e-17  2.04453e-18    1423   427.588  2.10040e+16  0     
   7063.8491  2.52806e-17  2.59469e-17  2.00428e-18    1424   427.589  2.10181e+16  0     
   7065.0342  2.62374e-17  2.67671e-17  2.03256e-18    1425   427.590  2.10326e+16  0     
   7066.2188  2.55787e-17  2.75885e-17  2.03436e-18    1426   427.591  2.10477e+16  0     
   7067.4038  2.92522e-17  2.68526e-17  2.08057e-18    1427   427.592  2.10633e+16  0     
   7068.5889  2.55459e-17  2.65272e-17  2.01477e-18    1428   427.593  2.10796e+16  0     
   7069.7734  2.59118e-17  2.72749e-17  2.03193e-18    1429   427.594  2.10971e+16  0     
   7070.9585  2.70783e-17  2.67297e-17  2.04102e-18    1430   427.595  2.11142e+16  0     
   7072.1436  2.42282e-17  2.67688e-17  1.99433e-18    1431   427.596  2.11302e+16  0     
   7073.3286  2.59403e-17  2.65600e-17  2.01816e-18    1432   427.597  2.11445e+16  0     
   7074.5137  2.59957e-17  2.52648e-17  1.99704e-18    1433   427.598  2.11599e+16  0     
   7075.6987  2.40306e-17  2.46615e-17  1.95352e-18    1434   427.599  2.11760e+16  0     
   7076.8838  2.73063e-17  2.45001e-17  2.00421e-18    1435   427.600  2.11925e+16  0     
   7078.0688  2.80719e-17  2.63592e-17  2.04583e-18    1436   427.601  2.12077e+16  0     
   7079.2539  2.41237e-17  2.61087e-17  1.97665e-18    1437   427.602  2.12233e+16  0     
   7080.4390  2.56983e-17  2.67475e-17  2.01207e-18    1438   427.603  2.12394e+16  0     
   7081.6245  2.68600e-17  2.69279e-17  2.03288e-18    1439   427.604  2.12555e+16  0     
   7082.8096  2.62804e-17  2.72187e-17  2.02739e-18    1440   427.605  2.12708e+16  0     
   7083.9946  2.65698e-17  2.67059e-17  2.02302e-18    1441   427.606  2.12849e+16  0     
   7085.1802  2.44419e-17  2.58621e-17  1.97389e-18    1442   427.607  2.12965e+16  0     
   7086.3652  2.37884e-17  2.72665e-17  1.98565e-18    1443   427.608  2.13077e+16  0     
   7087.5508  2.78153e-17  2.76458e-17  2.05609e-18    1444   427.609  2.13189e+16  0     
   7088.7358  2.79583e-17  2.76592e-17  2.05784e-18    1445   427.610  2.13319e+16  0     
   7089.9214  2.38764e-17  2.70693e-17  1.98183e-18    1446   427.611  2.13455e+16  0     
   7091.1069  2.92873e-17  2.52928e-17  2.03995e-18    1447   427.612  2.13578e+16  0     
   7092.2920  2.88776e-17  2.40251e-17  2.01243e-18    1448   427.613  2.13690e+16  0     
   7093.4775  2.50898e-17  2.35844e-17  1.94236e-18    1449   427.614  2.13799e+16  0     
   7094.6631  2.20783e-17  2.26065e-17  1.87391e-18    1450   427.615  2.13907e+16  0     
   7095.8486  2.31418e-17  2.19886e-17  1.88117e-18    1451   427.616  2.13995e+16  0     
   7097.0342  2.65600e-17  2.13221e-17  1.92762e-18    1452   427.617  2.14077e+16  0     
   7098.2197  2.48166e-17  2.20524e-17  1.91002e-18    1453   427.618  2.14168e+16  0     
   7099.4053  2.43583e-17  2.28290e-17  1.91494e-18    1454   427.619  2.14258e+16  0     
   7100.5908  2.55693e-17  2.25705e-17  1.93066e-18    1455   427.620  2.14322e+16  0     
   7101.7764  2.52690e-17  2.24802e-17  1.92382e-18    1456   427.621  2.14376e+16  0     
   7102.9619  2.38347e-17  2.32824e-17  1.91275e-18    1457   427.621  2.14450e+16  0     
   7104.1475  2.72693e-17  2.29757e-17  1.96458e-18    1458   427.622  2.14529e+16  0     
   7105.3330  2.51038e-17  2.24842e-17  1.91985e-18    1459   427.624  2.14615e+16  0     
   7106.5190  2.46210e-17  2.35412e-17  1.92906e-18    1460   427.625  2.14700e+16  0     
   7107.7046  2.54019e-17  2.23880e-17  1.92237e-18    1461   427.625  2.14786e+16  0     
   7108.8906  2.46927e-17  2.28545e-17  1.91785e-18    1462   427.626  2.14868e+16  0     
   7110.0762  2.41511e-17  2.27777e-17  1.90701e-18    1463   427.628  2.14943e+16  0     
   7111.2622  2.58997e-17  2.27711e-17  1.93594e-18    1464   427.629  2.15011e+16  0     
   7112.4478  2.81053e-17  2.22490e-17  1.96348e-18    1465   427.629  2.15077e+16  0     
   7113.6338  2.35604e-17  2.34213e-17  1.90688e-18    1466   427.630  2.15142e+16  0     
   7114.8193  2.46503e-17  2.18135e-17  1.89777e-18    1467   427.632  2.15205e+16  0     
   7116.0054  2.47431e-17  2.21242e-17  1.90429e-18    1468   427.633  2.15268e+16  0     
   7117.1914  2.48119e-17  2.19518e-17  1.90217e-18    1469   427.634  2.15339e+16  0     
   7118.3774  2.43939e-17  2.19339e-17  1.89438e-18    1470   427.635  2.15415e+16  0     
   7119.5635  2.41478e-17  2.15661e-17  1.88352e-18    1471   427.636  2.15489e+16  0     
   7120.7495  2.60581e-17  2.22140e-17  1.92642e-18    1472   427.637  2.15559e+16  0     
   7121.9351  2.42429e-17  2.24961e-17  1.90027e-18    1473   427.638  2.15626e+16  0     
   7123.1211  2.49057e-17  2.36110e-17  1.92982e-18    1474   427.639  2.15693e+16  0     
   7124.3076  2.59610e-17  2.44708e-17  1.96114e-18    1475   427.640  2.15763e+16  0     
   7125.4937  2.76881e-17  2.43804e-17  1.98745e-18    1476   427.641  2.15833e+16  0     
   7126.6797  2.39948e-17  2.49840e-17  1.93645e-18    1477   427.642  2.15898e+16  0     
   7127.8657  2.35506e-17  2.48153e-17  1.92590e-18    1478   427.643  2.15962e+16  0     
   7129.0518  2.42974e-17  2.57562e-17  1.95352e-18    1479   427.644  2.16031e+16  0     
   7130.2383  2.53374e-17  2.63114e-17  1.97924e-18    1480   427.645  2.16099e+16  0     
   7131.4243  2.62134e-17  2.53789e-17  1.97799e-18    1481   427.646  2.16163e+16  0     
   7132.6104  2.28254e-17  2.58181e-17  1.92920e-18    1482   427.647  2.16221e+16  0     
   7133.7969  2.49875e-17  2.48269e-17  1.94830e-18    1483   427.648  2.16277e+16  0     
   7134.9829  2.30090e-17  2.38300e-17  1.89834e-18    1484   427.649  2.16334e+16  0     
   7136.1694  2.53151e-17  2.32020e-17  1.92625e-18    1485   427.650  2.16384e+16  0     
   7137.3555  2.27794e-17  2.23439e-17  1.86861e-18    1486   427.651  2.16432e+16  0     
   7138.5420  2.24644e-17  2.36854e-17  1.88594e-18    1487   427.652  2.16472e+16  0     
   7139.7285  2.43366e-17  2.50890e-17  1.94068e-18    1488   427.653  2.16507e+16  0     
   7140.9150  2.60834e-17  2.64123e-17  1.99059e-18    1489   427.654  2.16543e+16  0     
   7142.1011  2.43453e-17  2.86751e-17  1.99879e-18    1490   427.655  2.16586e+16  0     
   7143.2876  2.28080e-17  3.05225e-17  2.00350e-18    1491   427.656  2.16635e+16  0     
   7144.4741  2.16225e-17  3.09649e-17  1.99132e-18    1492   427.657  2.16685e+16  0     
   7145.6606  2.14829e-17  2.89441e-17  1.95594e-18    1493   427.658  2.16743e+16  0     
   7146.8472  2.18590e-17  2.97623e-17  1.97507e-18    1494   427.659  2.16806e+16  0     
   7148.0337  2.49556e-17  2.80116e-17  1.99771e-18    1495   427.660  2.16630e+16  0     
   7149.2202  2.91516e-17  2.54259e-17  2.02428e-18    1496   427.661  2.16462e+16  0     
   7150.4067  2.64275e-17  2.52367e-17  1.97871e-18    1497   427.662  2.16246e+16  0     
   7151.5938  2.27766e-17  2.42590e-17  1.89932e-18    1498   427.663  2.16789e+16  0     
   7152.7803  2.05732e-17  2.45558e-17  1.86740e-18    1499   427.664  2.16689e+16  0     
   7153.9668  2.33973e-17  2.32980e-17  1.89302e-18    1500   427.665  2.16899e+16  0     
   7155.1533  2.52710e-17  2.34008e-17  1.92763e-18    1501   427.666  2.16615e+16  0     
   7156.3403  2.43594e-17  2.38576e-17  1.92036e-18    1502   427.667  2.16555e+16  0     
   7157.5269  2.34775e-17  2.48012e-17  1.92182e-18    1503   427.668  2.16472e+16  0     
   7158.7139  2.28354e-17  2.45922e-17  1.90566e-18    1504   427.669  2.16843e+16  0     
   7159.9004  2.36311e-17  2.48788e-17  1.92264e-18    1505   427.670  2.17061e+16  0     
   7161.0874  2.32074e-17  2.52854e-17  1.92421e-18    1506   427.671  2.16700e+16  0     
   7162.2744  2.32095e-17  2.57096e-17  1.93550e-18    1507   427.672  2.15888e+16  0     
   7163.4609  2.62854e-17  2.58107e-17  1.99168e-18    1508   427.673  2.15122e+16  0     
   7164.6479  2.52311e-17  2.51761e-17  1.97132e-18    1509   427.674  2.13765e+16  0     
   7165.8350  2.47371e-17  2.54461e-17  1.97372e-18    1510   427.675  2.12625e+16  0     
   7167.0215  2.68159e-17  2.62919e-17  2.02571e-18    1511   427.676  2.11863e+16  0     
   7168.2085  2.52118e-17  2.57206e-17  1.99484e-18    1512   427.677  2.11013e+16  0     
   7169.3955  2.48100e-17  2.53973e-17  1.98725e-18    1513   427.678  2.10206e+16  0     
   7170.5825  2.49411e-17  2.56546e-17  1.99527e-18    1514   427.679  2.09920e+16  0     
   7171.7695  2.64424e-17  2.53254e-17  2.01725e-18    1515   427.680  2.09446e+16  0     
   7172.9565  2.53578e-17  2.66751e-17  2.02462e-18    1516   427.681  2.08906e+16  0     
   7174.1440  2.35248e-17  2.80389e-17  2.01873e-18    1517   427.682  2.08580e+16  0     
   7175.3311  2.51091e-17  2.75115e-17  2.03722e-18    1518   427.684  2.08379e+16  0     
   7176.5181  2.40926e-17  2.71272e-17  2.01301e-18    1519   427.685  2.08585e+16  0     
   7177.7051  2.44033e-17  2.74311e-17  2.02324e-18    1520   427.686  2.08571e+16  0     
   7178.8921  2.27045e-17  2.77332e-17  2.00091e-18    1521   427.687  2.08429e+16  0     
   7180.0796  2.44338e-17  2.70631e-17  2.01873e-18    1522   427.688  2.08383e+16  0     
   7181.2666  2.29613e-17  2.69567e-17  1.99365e-18    1523   427.689  2.08175e+16  0     
   7182.4541  2.75527e-17  2.58578e-17  2.06136e-18    1524   427.690  2.06409e+16  0     
   7183.6411  2.13149e-17  2.61172e-17  1.97207e-18    1525   427.691  2.04497e+16  0     
   7184.8286  2.43147e-17  2.49348e-17  2.00967e-18    1526   427.692  2.03357e+16  0     
   7186.0156  2.49603e-17  2.49938e-17  2.01793e-18    1527   427.693  2.03995e+16  0     
   7187.2031  2.46238e-17  2.35104e-17  1.97907e-18    1528   427.694  2.05392e+16  0     
   7188.3906  2.65444e-17  2.31914e-17  2.00016e-18    1529   427.695  2.06466e+16  0     
   7189.5776  2.17540e-17  2.27248e-17  1.90623e-18    1530   427.696  2.07108e+16  0     
   7190.7651  2.99070e-17  2.28937e-17  2.04599e-18    1531   427.697  2.07351e+16  0     
   7191.9526  2.67013e-17  2.16580e-17  1.97088e-18    1532   427.698  2.07543e+16  0     
   7193.1401  2.14316e-17  2.28447e-17  1.90047e-18    1533   427.699  2.07511e+16  0     
   7194.3276  2.35802e-17  2.21381e-17  1.92209e-18    1534   427.700  2.08177e+16  0     
   7195.5151  2.49477e-17  2.28821e-17  1.95660e-18    1535   427.701  2.08503e+16  0     
   7196.7026  2.10273e-17  2.36985e-17  1.89824e-18    1536   427.702  2.09396e+16  0     
   7197.8901  2.36869e-17  2.26903e-17  1.92452e-18    1537   427.703  2.09835e+16  0     
   7199.0776  2.37925e-17  2.31388e-17  1.93695e-18    1538   427.704  2.09294e+16  0     
   7200.2651  2.37993e-17  2.34189e-17  1.94872e-18    1539   427.705  2.08036e+16  0     
   7201.4526  2.61993e-17  2.31856e-17  1.98749e-18    1540   427.706  2.07674e+16  0     
   7202.6406  2.42707e-17  2.25080e-17  1.94007e-18    1541   427.708  2.08237e+16  0     
   7203.8281  2.46978e-17  2.22395e-17  1.93696e-18    1542   427.709  2.09310e+16  0     
   7205.0156  2.36193e-17  2.20882e-17  1.90953e-18    1543   427.710  2.10480e+16  0     
   7206.2036  2.46212e-17  2.20627e-17  1.92079e-18    1544   427.711  2.11518e+16  0     
   7207.3911  2.42832e-17  2.18371e-17  1.90424e-18    1545   427.712  2.12827e+16  0     
   7208.5786  2.29968e-17  2.24896e-17  1.88649e-18    1546   427.713  2.14151e+16  0     
   7209.7666  2.24880e-17  2.30601e-17  1.87777e-18    1547   427.714  2.16059e+16  0     
   7210.9546  2.32000e-17  2.16138e-17  1.86209e-18    1548   427.715  2.16668e+16  0     
   7212.1421  2.30127e-17  2.20103e-17  1.86148e-18    1549   427.716  2.17506e+16  0     
   7213.3301  2.18172e-17  2.23178e-17  1.84402e-18    1550   427.717  2.17942e+16  0     
   7214.5181  2.56804e-17  2.15494e-17  1.89550e-18    1551   427.718  2.18187e+16  0     
   7215.7056  2.37788e-17  2.22400e-17  1.87768e-18    1552   427.719  2.17665e+16  0     
   7216.8936  2.64390e-17  2.26783e-17  1.93023e-18    1553   427.720  2.17545e+16  0     
   7218.0815  2.23343e-17  2.29870e-17  1.86454e-18    1554   427.721  2.17915e+16  0     
   7219.2695  2.28040e-17  2.35345e-17  1.87907e-18    1555   427.722  2.18468e+16  0     
   7220.4575  2.29062e-17  2.39913e-17  1.88715e-18    1556   427.723  2.18736e+16  0     
   7221.6455  2.40748e-17  2.38435e-17  1.90812e-18    1557   427.724  2.17972e+16  0     
   7222.8335  2.44627e-17  2.55768e-17  1.94845e-18    1558   427.725  2.16959e+16  0     
   7224.0215  2.48882e-17  2.52043e-17  1.94807e-18    1559   427.727  2.17201e+16  0     
   7225.2095  2.37602e-17  2.62376e-17  1.94483e-18    1560   427.728  2.17525e+16  0     
   7226.3975  2.53598e-17  2.53799e-17  1.95650e-18    1561   427.729  2.17617e+16  0     
   7227.5859  2.56297e-17  2.58036e-17  1.96601e-18    1562   427.730  2.17958e+16  0     
   7228.7739  2.22746e-17  2.52163e-17  1.90484e-18    1563   427.731  2.17211e+16  0     
   7229.9619  2.46682e-17  2.64789e-17  1.97426e-18    1564   427.732  2.15494e+16  0     
   7231.1504  2.17458e-17  2.79333e-17  1.95840e-18    1565   427.733  2.13931e+16  0     
   7232.3384  2.02357e-17  2.85605e-17  1.94933e-18    1566   427.734  2.12870e+16  0     
   7233.5264  2.35468e-17  3.68394e-17  2.14384e-18    1567   427.735  2.11240e+16  0     
   7234.7148  2.27162e-17  5.61552e-17  2.41374e-18    1568   427.736  2.10759e+16  0     
   7235.9033  2.59066e-17  8.88301e-17  2.85177e-18    1569   427.737  2.12132e+16  0     
   7237.0913  2.49754e-17  1.24929e-16  3.21610e-18    1570   427.738  2.13910e+16  0     
   7238.2798  2.68686e-17  1.57510e-16  3.54722e-18    1571   427.739  2.13891e+16  0     
   7239.4678  2.33925e-17  1.86842e-16  3.78213e-18    1572   427.740  2.13278e+16  0     
   7240.6562  2.65394e-17  2.11028e-16  4.02476e-18    1573   427.742  2.11829e+16  0     
   7241.8447  1.96536e-17  2.23077e-16  4.07145e-18    1574   427.743  2.11343e+16  0     
   7243.0332  2.53836e-17  2.16600e-16  4.05893e-18    1575   427.744  2.11994e+16  0     
   7244.2217  1.96084e-17  1.96044e-16  3.82017e-18    1576   427.745  2.14169e+16  0     
   7245.4097  2.42656e-17  1.76899e-16  3.69227e-18    1577   427.746  2.14490e+16  0     
   7246.5986  2.19816e-17  1.45079e-16  3.38069e-18    1578   427.747  2.14409e+16  0     
   7247.7871  2.61686e-17  1.08993e-16  3.05699e-18    1579   427.748  2.14789e+16  0     
   7248.9756  2.71682e-17  8.42378e-17  2.79292e-18    1580   427.749  2.15008e+16  0     
   7250.1641  2.22574e-17  6.78940e-17  2.54124e-18    1581   427.750  2.14081e+16  0     
   7251.3525  2.57130e-17  6.34838e-17  2.53454e-18    1582   427.751  2.13231e+16  0     
   7252.5410  2.18484e-17  6.19882e-17  2.46430e-18    1583   427.752  2.13294e+16  0     
   7253.7295  2.41567e-17  5.91807e-17  2.45672e-18    1584   427.753  2.13449e+16  0     
   7254.9180  2.40643e-17  5.35750e-17  2.37545e-18    1585   427.754  2.14197e+16  0     
   7256.1069  2.63487e-17  4.67155e-17  2.30131e-18    1586   427.756  2.16016e+16  0     
   7257.2954  2.55472e-17  3.87294e-17  2.16782e-18    1587   427.757  2.17305e+16  0     
   7258.4844  2.72745e-17  3.26294e-17  2.10069e-18    1588   427.758  2.17612e+16  0     
   7259.6729  2.40642e-17  2.96826e-17  2.00558e-18    1589   427.759  2.17498e+16  0     
   7260.8618  2.21909e-17  2.77994e-17  1.94721e-18    1590   427.760  2.17043e+16  0     
   7262.0503  2.31553e-17  2.75910e-17  1.96794e-18    1591   427.761  2.15451e+16  0     
   7263.2393  2.60690e-17  2.80791e-17  2.02796e-18    1592   427.762  2.14514e+16  0     
   7264.4277  2.74702e-17  2.91570e-17  2.06088e-18    1593   427.763  2.15658e+16  0     
   7265.6167  2.62725e-17  2.93243e-17  2.03941e-18    1594   427.764  2.16640e+16  0     
   7266.8057  2.50231e-17  3.12786e-17  2.05131e-18    1595   427.765  2.16484e+16  0     
   7267.9946  2.37711e-17  3.28707e-17  2.06127e-18    1596   427.766  2.15629e+16  0     
   7269.1831  2.64028e-17  3.68236e-17  2.16020e-18    1597   427.767  2.15894e+16  0     
   7270.3721  2.33863e-17  5.07800e-17  2.31586e-18    1598   427.769  2.16150e+16  0     
   7271.5610  2.58483e-17  8.74626e-17  2.80802e-18    1599   427.770  2.15984e+16  0     
   7272.7500  2.18104e-17  1.43533e-16  3.36286e-18    1600   427.771  2.14571e+16  0     
   7273.9390  2.53552e-17  1.89797e-16  3.82182e-18    1601   427.772  2.13535e+16  0     
   7275.1279  3.03631e-17  2.26211e-16  4.16464e-18    1602   427.773  2.13016e+16  0     
   7276.3169  1.98375e-17  2.38347e-16  4.16727e-18    1603   427.774  2.14000e+16  0     
   7277.5059  2.79699e-17  2.18271e-16  4.06766e-18    1604   427.775  2.14564e+16  0     
   7278.6953  2.38333e-17  1.72900e-16  3.64209e-18    1605   427.776  2.15745e+16  0     
   7279.8843  2.18001e-17  1.36634e-16  3.27385e-18    1606   427.777  2.17291e+16  0     
   7281.0732  2.10917e-17  1.14705e-16  3.02726e-18    1607   427.778  2.19674e+16  0     
   7282.2622  3.15354e-17  1.03924e-16  3.01540e-18    1608   427.780  2.20818e+16  0     
   7283.4517  2.00327e-17  1.02983e-16  2.88350e-18    1609   427.781  2.20702e+16  0     
   7284.6406  2.38456e-17  1.01257e-16  2.91450e-18    1610   427.782  2.19526e+16  0     
   7285.8301  2.44403e-17  9.13280e-17  2.82031e-18    1611   427.783  2.18230e+16  0     
   7287.0190  2.68208e-17  7.33660e-17  2.64875e-18    1612   427.784  2.16698e+16  0     
   7288.2085  2.68545e-17  5.61815e-17  2.43908e-18    1613   427.785  2.15623e+16  0     
   7289.3975  2.68149e-17  4.30298e-17  2.26137e-18    1614   427.786  2.15081e+16  0     
   7290.5869  3.10215e-17  3.80623e-17  2.24790e-18    1615   427.787  2.15522e+16  0     
   7291.7764  2.46520e-17  3.81764e-17  2.15317e-18    1616   427.788  2.16090e+16  0     
   7292.9653  2.71154e-17  4.35006e-17  2.26115e-18    1617   427.789  2.16993e+16  0     
   7294.1548  2.67900e-17  4.69271e-17  2.29570e-18    1618   427.790  2.18513e+16  0     
   7295.3442  2.27565e-17  4.78253e-17  2.24307e-18    1619   427.792  2.20055e+16  0     
   7296.5337  2.58205e-17  4.60289e-17  2.25451e-18    1620   427.793  2.21167e+16  0     
   7297.7227  2.55621e-17  4.57104e-17  2.24894e-18    1621   427.794  2.20728e+16  0     
   7298.9126  2.43396e-17  4.63682e-17  2.24853e-18    1622   427.795  2.19408e+16  0     
   7300.1016  2.60838e-17  5.34470e-17  2.37638e-18    1623   427.796  2.18254e+16  0     
   7301.2915  2.47606e-17  6.10716e-17  2.46028e-18    1624   427.797  2.18096e+16  0     
   7302.4810  2.48175e-17  6.73823e-17  2.54335e-18    1625   427.798  2.17782e+16  0     
   7303.6704  2.75988e-17  6.96643e-17  2.60543e-18    1626   427.799  2.17879e+16  0     
   7304.8599  2.52864e-17  6.68200e-17  2.53511e-18    1627   427.800  2.18897e+16  0     
   7306.0493  3.00806e-17  5.76738e-17  2.47349e-18    1628   427.802  2.19960e+16  0     
   7307.2388  2.33435e-17  4.92765e-17  2.27326e-18    1629   427.803  2.19760e+16  0     
   7308.4287  2.58461e-17  4.09249e-17  2.19252e-18    1630   427.804  2.19390e+16  0     
   7309.6182  2.53055e-17  3.77706e-17  2.13786e-18    1631   427.805  2.19509e+16  0     
   7310.8076  2.42792e-17  5.16515e-17  2.31616e-18    1632   427.806  2.20217e+16  0     
   7311.9976  3.02183e-17  8.68424e-17  2.81983e-18    1633   427.807  2.20401e+16  0     
   7313.1870  2.04200e-17  1.27325e-16  3.14895e-18    1634   427.808  2.19755e+16  0     
   7314.3770  2.27751e-17  1.55110e-16  3.44048e-18    1635   427.809  2.19470e+16  0     
   7315.5664  2.63372e-17  1.75098e-16  3.64298e-18    1636   427.810  2.20356e+16  0     
   7316.7563  2.74137e-17  1.72864e-16  3.62724e-18    1637   427.812  2.21022e+16  0     
   7317.9458  2.43777e-17  1.50395e-16  3.40417e-18    1638   427.813  2.20400e+16  0     
   7319.1357  2.52273e-17  1.07380e-16  2.98651e-18    1639   427.814  2.20678e+16  0     
   7320.3257  2.71003e-17  7.32926e-17  2.61779e-18    1640   427.815  2.21836e+16  0     
   7321.5156  2.58658e-17  4.81157e-17  2.27592e-18    1641   427.816  2.22586e+16  0     
   7322.7051  2.74883e-17  3.34145e-17  2.08727e-18    1642   427.817  2.22904e+16  0     
   7323.8950  2.87941e-17  3.53076e-17  2.13269e-18    1643   427.818  2.23238e+16  0     
   7325.0850  2.65498e-17  5.02210e-17  2.30715e-18    1644   427.819  2.23755e+16  0     
   7326.2749  2.59130e-17  6.76867e-17  2.52273e-18    1645   427.821  2.23864e+16  0     
   7327.4648  2.28042e-17  7.91925e-17  2.62342e-18    1646   427.822  2.23948e+16  0     
   7328.6548  2.23136e-17  8.90938e-17  2.73441e-18    1647   427.823  2.23641e+16  0     
   7329.8447  2.72156e-17  8.51753e-17  2.74703e-18    1648   427.824  2.23418e+16  0     
   7331.0347  2.99587e-17  7.58267e-17  2.67315e-18    1649   427.825  2.23123e+16  0     
   7332.2246  2.70017e-17  5.69145e-17  2.40169e-18    1650   427.826  2.23698e+16  0     
   7333.4150  2.60958e-17  4.45400e-17  2.22394e-18    1651   427.827  2.23601e+16  0     
   7334.6050  2.54834e-17  4.11637e-17  2.16978e-18    1652   427.828  2.23186e+16  0     
   7335.7949  2.51955e-17  6.04165e-17  2.42519e-18    1653   427.830  2.23414e+16  0     
   7336.9849  2.57832e-17  1.02864e-16  2.91958e-18    1654   427.831  2.24225e+16  0     
   7338.1753  2.44935e-17  1.48936e-16  3.36023e-18    1655   427.832  2.24352e+16  0     
   7339.3652  1.91837e-17  1.86816e-16  3.65380e-18    1656   427.833  2.23661e+16  0     
   7340.5552  2.36411e-17  2.06174e-16  3.84944e-18    1657   427.834  2.23820e+16  0     
   7341.7456  2.82887e-17  1.94514e-16  3.78995e-18    1658   427.835  2.24110e+16  0     
   7342.9360  2.70004e-17  1.62541e-16  3.50674e-18    1659   427.836  2.24200e+16  0     
   7344.1260  2.20267e-17  1.14252e-16  3.00017e-18    1660   427.837  2.24121e+16  0     
   7345.3164  2.46288e-17  7.68807e-17  2.61406e-18    1661   427.839  2.24519e+16  0     
   7346.5063  2.63925e-17  5.01668e-17  2.30366e-18    1662   427.840  2.23868e+16  0     
   7347.6968  2.76668e-17  3.62975e-17  2.13047e-18    1663   427.841  2.23277e+16  0     
   7348.8872  2.68802e-17  3.12916e-17  2.04440e-18    1664   427.842  2.23231e+16  0     
   7350.0776  2.75548e-17  3.05041e-17  2.03986e-18    1665   427.843  2.23775e+16  0     
   7351.2676  2.66506e-17  2.89166e-17  1.99933e-18    1666   427.844  2.24222e+16  0     
   7352.4580  2.57852e-17  3.18600e-17  2.02929e-18    1667   427.845  2.24605e+16  0     
   7353.6484  2.24471e-17  3.90980e-17  2.08572e-18    1668   427.846  2.25016e+16  0     
   7354.8389  2.74763e-17  5.22337e-17  2.33995e-18    1669   427.848  2.24870e+16  0     
   7356.0293  2.53842e-17  6.69354e-17  2.50130e-18    1670   427.849  2.24793e+16  0     
   7357.2197  2.52906e-17  7.65236e-17  2.61635e-18    1671   427.850  2.24728e+16  0     
   7358.4102  3.16301e-17  8.16132e-17  2.74684e-18    1672   427.851  2.24908e+16  0     
   7359.6006  2.77985e-17  7.80689e-17  2.66517e-18    1673   427.852  2.24513e+16  0     
   7360.7915  2.50143e-17  6.65556e-17  2.49504e-18    1674   427.853  2.24293e+16  0     
   7361.9819  2.94016e-17  5.37406e-17  2.39080e-18    1675   427.854  2.23845e+16  0     
   7363.1724  2.28469e-17  4.66760e-17  2.20464e-18    1676   427.856  2.24276e+16  0     
   7364.3628  2.84666e-17  5.94755e-17  2.44745e-18    1677   427.857  2.24655e+16  0     
   7365.5537  2.50561e-17  8.98938e-17  2.76696e-18    1678   427.858  2.24756e+16  0     
   7366.7441  2.71319e-17  1.24214e-16  3.15148e-18    1679   427.859  2.24185e+16  0     
   7367.9346  2.69940e-17  1.52419e-16  3.42073e-18    1680   427.860  2.23622e+16  0     
   7369.1255  3.15930e-17  1.62737e-16  3.54784e-18    1681   427.861  2.24314e+16  0     
   7370.3159  2.65963e-17  1.53089e-16  3.41443e-18    1682   427.862  2.24720e+16  0     
   7371.5068  2.95967e-17  1.27206e-16  3.19535e-18    1683   427.864  2.25427e+16  0     
   7372.6973  2.64790e-17  9.03701e-17  2.78016e-18    1684   427.865  2.25954e+16  0     
   7373.8882  2.84528e-17  6.17864e-17  2.46765e-18    1685   427.866  2.26102e+16  0     
   7375.0791  2.90028e-17  4.19377e-17  2.21417e-18    1686   427.867  2.26155e+16  0     
   7376.2695  2.67552e-17  3.16481e-17  2.03290e-18    1687   427.868  2.26151e+16  0     
   7377.4604  2.75775e-17  2.84673e-17  1.99686e-18    1688   427.869  2.26170e+16  0     
   7378.6514  2.64170e-17  2.65060e-17  1.94832e-18    1689   427.871  2.26158e+16  0     
   7379.8423  2.68647e-17  2.55936e-17  1.94189e-18    1690   427.872  2.25974e+16  0     
   7381.0332  2.56339e-17  2.53108e-17  1.91788e-18    1691   427.873  2.25956e+16  0     
   7382.2241  2.59186e-17  2.37709e-17  1.89575e-18    1692   427.874  2.26352e+16  0     
   7383.4150  2.79432e-17  2.48851e-17  1.94498e-18    1693   427.875  2.26537e+16  0     
   7384.6055  2.11786e-17  2.49374e-17  1.83589e-18    1694   427.876  2.26590e+16  0     
   7385.7969  2.76586e-17  2.68011e-17  1.97305e-18    1695   427.877  2.26027e+16  0     
   7386.9878  2.41776e-17  3.19478e-17  2.00322e-18    1696   427.879  2.25156e+16  0     
   7388.1787  2.67480e-17  4.23385e-17  2.19018e-18    1697   427.880  2.25809e+16  0     
   7389.3696  2.91612e-17  5.26030e-17  2.36044e-18    1698   427.881  2.25992e+16  0     
   7390.5605  2.89570e-17  5.97406e-17  2.44931e-18    1699   427.882  2.25946e+16  0     
   7391.7515  2.66743e-17  6.53338e-17  2.48783e-18    1700   427.883  2.26393e+16  0     
   7392.9429  2.74930e-17  6.13648e-17  2.44726e-18    1701   427.884  2.26635e+16  0     
   7394.1338  2.53246e-17  5.47736e-17  2.33422e-18    1702   427.886  2.26773e+16  0     
   7395.3247  2.47424e-17  4.64148e-17  2.21592e-18    1703   427.887  2.26385e+16  0     
   7396.5161  2.39020e-17  4.65763e-17  2.20595e-18    1704   427.888  2.26487e+16  0     
   7397.7070  2.45684e-17  6.37613e-17  2.44117e-18    1705   427.889  2.26544e+16  0     
   7398.8984  2.76818e-17  7.94463e-17  2.66661e-18    1706   427.890  2.26572e+16  0     
   7400.0894  2.66336e-17  9.45971e-17  2.82426e-18    1707   427.891  2.26542e+16  0     
   7401.2808  3.12564e-17  1.04370e-16  2.97280e-18    1708   427.893  2.27061e+16  0     
   7402.4717  2.72775e-17  1.05126e-16  2.93740e-18    1709   427.894  2.27359e+16  0     
   7403.6631  2.62159e-17  8.99977e-17  2.76327e-18    1710   427.895  2.27461e+16  0     
   7404.8545  2.82923e-17  6.76587e-17  2.53087e-18    1711   427.896  2.27236e+16  0     
   7406.0454  2.91342e-17  4.83480e-17  2.29547e-18    1712   427.897  2.27522e+16  0     
   7407.2368  2.72394e-17  3.54678e-17  2.08952e-18    1713   427.898  2.27574e+16  0     
   7408.4282  2.48348e-17  2.80348e-17  1.94213e-18    1714   427.900  2.27250e+16  0     
   7409.6196  2.92888e-17  2.49474e-17  1.96561e-18    1715   427.901  2.26825e+16  0     
   7410.8110  2.71561e-17  2.65682e-17  1.95448e-18    1716   427.902  2.27466e+16  0     
   7412.0024  2.55313e-17  2.64300e-17  1.92517e-18    1717   427.903  2.27790e+16  0     
   7413.1934  2.86719e-17  2.54993e-17  1.95908e-18    1718   427.904  2.27947e+16  0     
   7414.3848  2.83335e-17  2.53592e-17  1.95111e-18    1719   427.905  2.28052e+16  0     
   7415.5762  2.56459e-17  2.61767e-17  1.92141e-18    1720   427.907  2.28114e+16  0     
   7416.7681  2.68394e-17  2.57390e-17  1.93309e-18    1721   427.908  2.28167e+16  0     
   7417.9595  2.54230e-17  2.44140e-17  1.88911e-18    1722   427.909  2.28235e+16  0     
   7419.1509  2.62384e-17  2.49700e-17  1.91073e-18    1723   427.910  2.28304e+16  0     
   7420.3423  2.45648e-17  2.46858e-17  1.87899e-18    1724   427.911  2.28372e+16  0     
   7421.5337  2.41709e-17  2.31118e-17  1.84653e-18    1725   427.912  2.28444e+16  0     
   7422.7256  2.83994e-17  2.35209e-17  1.92098e-18    1726   427.914  2.28523e+16  0     
   7423.9170  2.74008e-17  2.52316e-17  1.93185e-18    1727   427.915  2.28599e+16  0     
   7425.1084  2.85165e-17  2.80888e-17  1.99311e-18    1728   427.916  2.28647e+16  0     
   7426.3003  2.31602e-17  3.52905e-17  2.02081e-18    1729   427.917  2.28691e+16  0     
   7427.4917  2.84299e-17  3.93425e-17  2.15602e-18    1730   427.918  2.28752e+16  0     
   7428.6836  2.51540e-17  4.21931e-17  2.14967e-18    1731   427.919  2.28819e+16  0     
   7429.8750  2.88574e-17  4.49470e-17  2.23863e-18    1732   427.921  2.28883e+16  0     
   7431.0669  2.69268e-17  4.21547e-17  2.17340e-18    1733   427.922  2.28936e+16  0     
   7432.2583  2.88246e-17  3.94996e-17  2.16254e-18    1734   427.923  2.28986e+16  0     
   7433.4502  2.50910e-17  4.10704e-17  2.13174e-18    1735   427.924  2.29036e+16  0     
   7434.6421  2.92009e-17  4.58555e-17  2.25449e-18    1736   427.925  2.29075e+16  0     
   7435.8335  2.80441e-17  5.40985e-17  2.34765e-18    1737   427.927  2.29109e+16  0     
   7437.0254  2.84783e-17  6.18308e-17  2.45062e-18    1738   427.928  2.29143e+16  0     
   7438.2173  2.85577e-17  6.53694e-17  2.49473e-18    1739   427.929  2.29184e+16  0     
   7439.4092  2.51015e-17  6.32014e-17  2.42517e-18    1740   427.930  2.29232e+16  0     
   7440.6011  2.49701e-17  5.36675e-17  2.30101e-18    1741   427.931  2.29279e+16  0     
   7441.7930  2.45242e-17  4.19597e-17  2.13477e-18    1742   427.932  2.29335e+16  0     
   7442.9844  2.70618e-17  3.40732e-17  2.05721e-18    1743   427.934  2.29392e+16  0     
   7444.1763  2.52165e-17  2.70272e-17  1.92162e-18    1744   427.935  2.29453e+16  0     
   7445.3682  2.59055e-17  2.45501e-17  1.89297e-18    1745   427.936  2.29513e+16  0     
   7446.5605  2.59121e-17  2.30758e-17  1.86911e-18    1746   427.937  2.29566e+16  0     
   7447.7524  2.61141e-17  2.29229e-17  1.86969e-18    1747   427.938  2.29612e+16  0     
   7448.9443  2.65825e-17  2.25513e-17  1.87103e-18    1748   427.940  2.29660e+16  0     
   7450.1362  2.59883e-17  2.23371e-17  1.85768e-18    1749   427.941  2.29712e+16  0     
   7451.3281  2.68605e-17  2.22312e-17  1.86982e-18    1750   427.942  2.29772e+16  0     
   7452.5205  2.75102e-17  2.35577e-17  1.90118e-18    1751   427.943  2.29839e+16  0     
   7453.7124  2.58399e-17  2.27402e-17  1.86092e-18    1752   427.944  2.29904e+16  0     
   7454.9043  2.45912e-17  2.49063e-17  1.87558e-18    1753   427.946  2.29941e+16  0     
   7456.0967  2.37634e-17  2.32918e-17  1.83568e-18    1754   427.947  2.29972e+16  0     
   7457.2886  2.81216e-17  2.66554e-17  1.95844e-18    1755   427.948  2.30004e+16  0     
   7458.4805  2.72882e-17  2.81814e-17  1.96891e-18    1756   427.949  2.30042e+16  0     
   7459.6729  2.64841e-17  3.36173e-17  2.03850e-18    1757   427.950  2.30079e+16  0     
   7460.8652  2.75084e-17  3.49525e-17  2.07291e-18    1758   427.952  2.30124e+16  0     
   7462.0571  2.44058e-17  4.05599e-17  2.10883e-18    1759   427.953  2.30170e+16  0     
   7463.2495  2.68002e-17  4.39623e-17  2.18996e-18    1760   427.954  2.30214e+16  0     
   7464.4414  2.76751e-17  4.69874e-17  2.24280e-18    1761   427.955  2.30258e+16  0     
   7465.6338  2.72632e-17  4.94554e-17  2.27005e-18    1762   427.956  2.30300e+16  0     
   7466.8262  2.86611e-17  5.17540e-17  2.31840e-18    1763   427.958  2.30342e+16  0     
   7468.0181  2.79313e-17  5.51534e-17  2.35263e-18    1764   427.959  2.30383e+16  0     
   7469.2104  2.62547e-17  6.23285e-17  2.42182e-18    1765   427.960  2.30423e+16  0     
   7470.4028  2.73717e-17  6.92109e-17  2.51917e-18    1766   427.961  2.30463e+16  0     
   7471.5952  3.09964e-17  7.20119e-17  2.59466e-18    1767   427.962  2.30503e+16  0     
   7472.7876  3.06606e-17  7.26080e-17  2.59743e-18    1768   427.964  2.30542e+16  0     
   7473.9800  2.80970e-17  7.11974e-17  2.55070e-18    1769   427.965  2.30580e+16  0     
   7475.1724  3.00726e-17  6.89664e-17  2.54746e-18    1770   427.966  2.30618e+16  0     
   7476.3647  2.28901e-17  6.70434e-17  2.43723e-18    1771   427.967  2.30656e+16  0     
   7477.5571  2.63732e-17  6.66115e-17  2.47442e-18    1772   427.968  2.30693e+16  0     
   7478.7495  2.62009e-17  7.12143e-17  2.52753e-18    1773   427.970  2.30730e+16  0     
   7479.9419  2.64065e-17  8.28290e-17  2.66434e-18    1774   427.971  2.30767e+16  0     
   7481.1343  2.73535e-17  8.65102e-17  2.71589e-18    1775   427.972  2.30803e+16  0     
   7482.3271  2.25646e-17  8.68900e-17  2.66636e-18    1776   427.973  2.30840e+16  0     
   7483.5195  2.15466e-17  8.19675e-17  2.59825e-18    1777   427.974  2.30876e+16  0     
   7484.7119  2.50349e-17  7.02641e-17  2.50113e-18    1778   427.976  2.30913e+16  0     
   7485.9048  2.62426e-17  5.62276e-17  2.34160e-18    1779   427.977  2.30949e+16  0     
   7487.0972  2.22696e-17  4.31366e-17  2.11095e-18    1780   427.978  2.30986e+16  0     
   7488.2896  2.33226e-17  3.55363e-17  2.01536e-18    1781   427.979  2.31022e+16  0     
   7489.4824  2.76875e-17  3.38738e-17  2.05508e-18    1782   427.980  2.31060e+16  0     
   7490.6748  2.59089e-17  3.48565e-17  2.04322e-18    1783   427.982  2.31097e+16  0     
   7491.8677  2.70847e-17  3.65798e-17  2.08524e-18    1784   427.983  2.31135e+16  0     
   7493.0601  2.31612e-17  3.88947e-17  2.06173e-18    1785   427.984  2.31174e+16  0     
   7494.2529  2.50998e-17  3.80045e-17  2.07676e-18    1786   427.985  2.31212e+16  0     
   7495.4458  2.50605e-17  3.56620e-17  2.04182e-18    1787   427.987  2.31252e+16  0     
   7496.6382  2.46948e-17  3.17230e-17  1.97731e-18    1788   427.988  2.31292e+16  0     
   7497.8311  2.65432e-17  2.86344e-17  1.95819e-18    1789   427.989  2.31332e+16  0     
   7499.0239  2.40063e-17  2.60858e-17  1.87842e-18    1790   427.990  2.31373e+16  0     
   7500.2168  2.63041e-17  2.52669e-17  1.90171e-18    1791   427.991  2.31414e+16  0     
   7501.4092  2.80419e-17  2.39411e-17  1.90800e-18    1792   427.993  2.31456e+16  0     
   7502.6021  2.44944e-17  2.39386e-17  1.85115e-18    1793   427.994  2.31498e+16  0     
   7503.7949  2.62538e-17  2.45516e-17  1.88901e-18    1794   427.995  2.31540e+16  0     
   7504.9878  2.62851e-17  2.36795e-17  1.87541e-18    1795   427.996  2.31582e+16  0     
   7506.1807  2.59161e-17  2.31220e-17  1.86034e-18    1796   427.998  2.31625e+16  0     
   7507.3735  2.50470e-17  2.29123e-17  1.84268e-18    1797   427.999  2.31667e+16  0     
   7508.5664  2.57295e-17  2.23825e-17  1.84496e-18    1798   428.000  2.31710e+16  0.142 
   7509.7593  2.75587e-17  2.18468e-17  1.86566e-18    1799   428.001  2.31754e+16  0.285 
   7510.9521  2.52245e-17  2.22565e-17  1.83429e-18    1800   428.002  2.31798e+16  0.428 
   7512.1450  2.53176e-17  2.36108e-17  1.85758e-18    1801   428.004  2.31842e+16  0.428 
   7513.3384  2.40233e-17  2.55771e-17  1.86816e-18    1802   428.005  2.31886e+16  0.428 
   7514.5312  2.50256e-17  2.74548e-17  1.91357e-18    1803   428.006  2.31931e+16  0.428 
   7515.7241  2.53424e-17  3.05203e-17  1.96556e-18    1804   428.007  2.31976e+16  0.285 
   7516.9170  2.55493e-17  3.23237e-17  1.99573e-18    1805   428.009  2.32022e+16  0     
   7518.1104  2.39191e-17  4.14769e-17  2.10529e-18    1806   428.010  2.32067e+16  0     
   7519.3032  2.52428e-17  6.85730e-17  2.47625e-18    1807   428.011  2.32113e+16  0     
   7520.4966  2.22479e-17  1.03126e-16  2.83169e-18    1808   428.012  2.32160e+16  0     
   7521.6895  2.69733e-17  1.31103e-16  3.15796e-18    1809   428.014  2.32206e+16  0     
   7522.8828  2.66139e-17  1.53052e-16  3.35585e-18    1810   428.015  2.32253e+16  0     
   7524.0757  2.68472e-17  1.58603e-16  3.40663e-18    1811   428.016  2.32301e+16  0     
   7525.2690  2.83585e-17  1.50434e-16  3.34734e-18    1812   428.017  2.32349e+16  0     
   7526.4619  2.58999e-17  1.26600e-16  3.10337e-18    1813   428.018  2.32397e+16  0     
   7527.6553  2.48384e-17  1.01846e-16  2.84365e-18    1814   428.020  2.32445e+16  0     
   7528.8486  2.54481e-17  8.46424e-17  2.66331e-18    1815   428.021  2.32494e+16  0     
   7530.0415  2.55212e-17  7.35791e-17  2.53677e-18    1816   428.022  2.32543e+16  0     
   7531.2349  2.23874e-17  6.39403e-17  2.38137e-18    1817   428.023  2.32595e+16  0     
   7532.4282  2.82058e-17  5.47517e-17  2.33842e-18    1818   428.025  2.32653e+16  0     
   7533.6211  2.64806e-17  4.45784e-17  2.18096e-18    1819   428.026  2.32710e+16  0     
   7534.8145  2.57097e-17  3.77575e-17  2.07422e-18    1820   428.027  2.32763e+16  0     
   7536.0078  2.64795e-17  3.33575e-17  2.02108e-18    1821   428.028  2.32813e+16  0     
   7537.2012  2.57483e-17  3.25419e-17  1.99786e-18    1822   428.030  2.32867e+16  0     
   7538.3945  2.78742e-17  3.30920e-17  2.03717e-18    1823   428.031  2.32917e+16  0     
   7539.5879  2.77420e-17  3.51602e-17  2.06507e-18    1824   428.032  2.32966e+16  0     
   7540.7812  2.79116e-17  3.37137e-17  2.04633e-18    1825   428.033  2.33012e+16  0     
   7541.9746  2.68786e-17  3.23673e-17  2.01119e-18    1826   428.035  2.33050e+16  0     
   7543.1680  2.71875e-17  3.06600e-17  1.99016e-18    1827   428.036  2.33092e+16  0     
   7544.3613  2.49013e-17  2.82435e-17  1.91825e-18    1828   428.037  2.33139e+16  0     
   7545.5552  2.41771e-17  2.55103e-17  1.86357e-18    1829   428.038  2.33187e+16  0     
   7546.7485  2.36989e-17  2.47229e-17  1.84301e-18    1830   428.040  2.33236e+16  0     
   7547.9419  2.43138e-17  2.38682e-17  1.83889e-18    1831   428.041  2.33290e+16  0     
   7549.1353  2.53706e-17  2.43794e-17  1.86386e-18    1832   428.042  2.33341e+16  0     
   7550.3291  2.68854e-17  2.58281e-17  1.91037e-18    1833   428.043  2.33391e+16  0     
   7551.5225  2.69888e-17  2.69024e-17  1.92839e-18    1834   428.045  2.33439e+16  0     
   7552.7158  2.51626e-17  3.29534e-17  1.99230e-18    1835   428.046  2.33481e+16  0     
   7553.9097  2.99957e-17  3.82342e-17  2.13776e-18    1836   428.047  2.33521e+16  0     
   7555.1030  2.36923e-17  4.44703e-17  2.13662e-18    1837   428.048  2.33560e+16  0     
   7556.2969  2.54018e-17  4.88322e-17  2.21939e-18    1838   428.050  2.33582e+16  0     
   7557.4902  2.45885e-17  5.09072e-17  2.23615e-18    1839   428.051  2.33598e+16  0     
   7558.6841  2.50967e-17  4.85773e-17  2.21169e-18    1840   428.052  2.33619e+16  0     
   7559.8774  2.69725e-17  4.18838e-17  2.14579e-18    1841   428.053  2.33652e+16  0     
   7561.0713  2.62855e-17  3.53197e-17  2.04269e-18    1842   428.055  2.33692e+16  0     
   7562.2651  2.56672e-17  3.11861e-17  1.97217e-18    1843   428.056  2.33729e+16  0     
   7563.4585  2.88355e-17  2.84243e-17  1.97810e-18    1844   428.057  2.33768e+16  0     
   7564.6523  2.87255e-17  2.80999e-17  1.97139e-18    1845   428.058  2.33806e+16  0     
   7565.8462  2.32570e-17  3.44453e-17  1.98442e-18    1846   428.060  2.33833e+16  0     
   7567.0400  2.67019e-17  5.28332e-17  2.28776e-18    1847   428.061  2.33868e+16  0     
   7568.2334  2.79234e-17  7.87569e-17  2.61616e-18    1848   428.062  2.33920e+16  0     
   7569.4272  3.04619e-17  1.00239e-16  2.87547e-18    1849   428.063  2.33979e+16  0     
   7570.6211  2.61528e-17  1.16576e-16  2.99678e-18    1850   428.065  2.34019e+16  0     
   7571.8149  2.51408e-17  1.22948e-16  3.04922e-18    1851   428.066  2.34043e+16  0     
   7573.0088  2.35706e-17  1.15420e-16  2.95925e-18    1852   428.067  2.34061e+16  0     
   7574.2026  2.54708e-17  9.09176e-17  2.72317e-18    1853   428.068  2.34071e+16  0     
   7575.3965  2.38700e-17  6.58740e-17  2.41548e-18    1854   428.070  2.34075e+16  0     
   7576.5903  2.51797e-17  4.61569e-17  2.17763e-18    1855   428.071  2.34086e+16  0     
   7577.7842  2.79824e-17  3.34922e-17  2.03880e-18    1856   428.072  2.34097e+16  0     
   7578.9785  2.69809e-17  2.69664e-17  1.92833e-18    1857   428.073  2.33635e+16  0     
   7580.1724  2.91769e-17  2.57137e-17  1.94523e-18    1858   428.075  2.33125e+16  0     
   7581.3662  2.63274e-17  3.18046e-17  1.99705e-18    1859   428.076  2.32548e+16  0     
   7582.5601  2.77028e-17  4.07121e-17  2.14644e-18    1860   428.077  2.32328e+16  0     
   7583.7544  2.72991e-17  5.02759e-17  2.27196e-18    1861   428.078  2.32040e+16  0     
   7584.9482  2.73055e-17  5.59658e-17  2.34521e-18    1862   428.080  2.32148e+16  0     
   7586.1421  2.68975e-17  5.90917e-17  2.37778e-18    1863   428.081  2.32478e+16  0     
   7587.3364  2.70647e-17  5.51346e-17  2.33236e-18    1864   428.082  2.31989e+16  0     
   7588.5303  2.74996e-17  4.65053e-17  2.24187e-18    1865   428.084  2.28787e+16  0     
   7589.7246  2.71910e-17  3.95775e-17  2.17613e-18    1866   428.085  2.22342e+16  0     
   7590.9185  2.77219e-17  3.30633e-17  2.14319e-18    1867   428.086  2.12414e+16  0     
   7592.1128  2.66923e-17  3.13901e-17  2.18568e-18    1868   428.087  1.98332e+16  0     
   7593.3066  2.48471e-17  3.94034e-17  2.40969e-18    1869   428.089  1.80343e+16  0     
   7594.5010  2.42585e-17  5.86797e-17  2.87028e-18    1870   428.090  1.60885e+16  0     
   7595.6948  2.95032e-17  8.32016e-17  3.51221e-18    1871   428.091  1.42751e+16  0     
   7596.8892  2.46835e-17  1.08717e-16  4.03726e-18    1872   428.092  1.27143e+16  0     
   7598.0835  2.59246e-17  1.26778e-16  4.53144e-18    1873   428.094  1.15099e+16  0     
   7599.2778  2.58369e-17  1.33823e-16  4.86496e-18    1874   428.095  1.04934e+16  0     
   7600.4717  1.97496e-17  1.19603e-16  4.80702e-18    1875   428.096  9.63049e+15  0     
   7601.6660  2.36280e-17  9.28196e-17  4.63980e-18    1876   428.098  8.96020e+15  0     
   7602.8604  1.50803e-17  6.91381e-17  4.17104e-18    1877   428.099  8.59131e+15  0     
   7604.0547  2.35473e-17  5.39628e-17  4.07940e-18    1878   428.100  8.45354e+15  0     
   7605.2490  2.64511e-17  4.04454e-17  3.85151e-18    1879   428.101  8.48226e+15  0     
   7606.4429  2.82710e-17  3.59917e-17  3.71916e-18    1880   428.103  8.75744e+15  0     
   7607.6377  2.56300e-17  3.72345e-17  3.56472e-18    1881   428.104  9.24712e+15  0     
   7608.8320  2.25755e-17  3.54740e-17  3.31403e-18    1882   428.105  9.90692e+15  0     
   7610.0264  2.90938e-17  3.31492e-17  3.24128e-18    1883   428.107  1.07100e+16  0     
   7611.2207  2.75525e-17  3.35229e-17  3.04202e-18    1884   428.108  1.17371e+16  0     
   7612.4150  2.90018e-17  3.50342e-17  2.90579e-18    1885   428.109  1.30643e+16  0     
   7613.6094  2.56106e-17  4.04840e-17  2.75551e-18    1886   428.110  1.46073e+16  0     
   7614.8037  2.47204e-17  4.95646e-17  2.72426e-18    1887   428.112  1.62211e+16  0     
   7615.9980  2.46632e-17  5.57491e-17  2.68149e-18    1888   428.113  1.77232e+16  0     
   7617.1924  2.61470e-17  5.68141e-17  2.62967e-18    1889   428.114  1.88090e+16  0     
   7618.3872  2.65013e-17  5.95347e-17  2.64811e-18    1890   428.116  1.91222e+16  0     
   7619.5815  3.07858e-17  5.76146e-17  2.71137e-18    1891   428.117  1.87288e+16  0     
   7620.7759  2.33792e-17  5.16974e-17  2.59628e-18    1892   428.118  1.77966e+16  0     
   7621.9707  2.71477e-17  4.71422e-17  2.68454e-18    1893   428.119  1.66448e+16  0     
   7623.1650  2.97305e-17  4.82891e-17  2.85000e-18    1894   428.121  1.55511e+16  0     
   7624.3599  2.91753e-17  5.75199e-17  3.05893e-18    1895   428.122  1.48744e+16  0     
   7625.5542  2.76769e-17  7.48980e-17  3.34973e-18    1896   428.123  1.44220e+16  0     
   7626.7490  2.57439e-17  8.86042e-17  3.56179e-18    1897   428.125  1.40816e+16  0     
   7627.9434  2.82931e-17  1.00144e-16  3.77158e-18    1898   428.126  1.39476e+16  0     
   7629.1382  2.14687e-17  1.00338e-16  3.66533e-18    1899   428.127  1.40696e+16  0     
   7630.3325  2.71954e-17  8.81688e-17  3.56358e-18    1900   428.128  1.41690e+16  0     
   7631.5273  2.66956e-17  6.97307e-17  3.28770e-18    1901   428.130  1.42082e+16  0     
   7632.7222  2.94839e-17  5.18589e-17  3.03427e-18    1902   428.131  1.43799e+16  0     
   7633.9165  2.35971e-17  4.08642e-17  2.72217e-18    1903   428.132  1.46532e+16  0     
   7635.1113  2.74066e-17  3.19143e-17  2.61207e-18    1904   428.134  1.48340e+16  0     
   7636.3062  3.14930e-17  2.82723e-17  2.59217e-18    1905   428.135  1.51043e+16  0     
   7637.5010  2.69374e-17  2.75384e-17  2.46621e-18    1906   428.136  1.54171e+16  0     
   7638.6953  2.68067e-17  2.69708e-17  2.42498e-18    1907   428.138  1.57214e+16  0     
   7639.8901  2.98279e-17  2.78817e-17  2.47490e-18    1908   428.139  1.59446e+16  0     
   7641.0850  2.74272e-17  2.72624e-17  2.39396e-18    1909   428.140  1.62514e+16  0     
   7642.2798  2.51977e-17  2.79295e-17  2.34186e-18    1910   428.141  1.65334e+16  0     
   7643.4746  2.83775e-17  2.68535e-17  2.35733e-18    1911   428.143  1.67956e+16  0     
   7644.6694  2.83087e-17  2.77093e-17  2.34833e-18    1912   428.144  1.70736e+16  0     
   7645.8643  2.85657e-17  2.55881e-17  2.29132e-18    1913   428.145  1.73850e+16  0     
   7647.0591  2.88238e-17  2.83734e-17  2.31586e-18    1914   428.147  1.77456e+16  0     
   7648.2539  2.65627e-17  3.10846e-17  2.30357e-18    1915   428.148  1.80098e+16  0     
   7649.4487  3.19979e-17  3.45791e-17  2.43160e-18    1916   428.149  1.82292e+16  0     
   7650.6440  2.86597e-17  3.73310e-17  2.40307e-18    1917   428.151  1.84868e+16  0     
   7651.8389  2.97395e-17  4.02658e-17  2.43342e-18    1918   428.152  1.89127e+16  0     
   7653.0337  2.91755e-17  4.04037e-17  2.40216e-18    1919   428.153  1.92595e+16  0     
   7654.2285  3.07985e-17  4.04229e-17  2.41213e-18    1920   428.154  1.94660e+16  0     
   7655.4233  2.86332e-17  3.61085e-17  2.30045e-18    1921   428.156  1.96730e+16  0     
   7656.6187  2.65405e-17  3.59724e-17  2.24760e-18    1922   428.157  1.99564e+16  0     
   7657.8135  3.23083e-17  3.82865e-17  2.35398e-18    1923   428.158  2.01899e+16  0     
   7659.0083  2.95964e-17  4.57193e-17  2.41093e-18    1924   428.160  2.03559e+16  0     
   7660.2036  2.84174e-17  5.18663e-17  2.47035e-18    1925   428.161  2.05031e+16  0     
   7661.3984  2.93188e-17  5.79421e-17  2.55133e-18    1926   428.162  2.06917e+16  0     
   7662.5938  2.80352e-17  5.98692e-17  2.54387e-18    1927   428.164  2.09279e+16  0     
   7663.7886  3.00330e-17  5.56024e-17  2.50189e-18    1928   428.165  2.11138e+16  0     
   7664.9839  3.36803e-17  4.47270e-17  2.39700e-18    1929   428.166  2.12410e+16  0     
   7666.1787  3.07095e-17  3.63458e-17  2.22646e-18    1930   428.168  2.14172e+16  0     
   7667.3740  3.33698e-17  2.96309e-17  2.15675e-18    1931   428.169  2.15910e+16  0     
   7668.5693  2.94686e-17  2.55153e-17  2.02422e-18    1932   428.170  2.17676e+16  0     
   7669.7642  3.03968e-17  2.44304e-17  2.01536e-18    1933   428.172  2.18885e+16  0     
   7670.9595  3.09080e-17  2.47149e-17  2.02257e-18    1934   428.173  2.19888e+16  0     
   7672.1548  3.29246e-17  2.46575e-17  2.05388e-18    1935   428.174  2.19709e+16  0     
   7673.3496  3.20049e-17  2.43664e-17  2.02849e-18    1936   428.176  2.20980e+16  0     
   7674.5449  3.21543e-17  2.43782e-17  2.02293e-18    1937   428.177  2.22528e+16  0     
   7675.7402  3.07879e-17  2.33960e-17  1.97788e-18    1938   428.178  2.24203e+16  0     
   7676.9355  3.15024e-17  2.39493e-17  1.99454e-18    1939   428.179  2.24813e+16  0     
   7678.1309  3.54913e-17  2.51239e-17  2.06678e-18    1940   428.181  2.26009e+16  0     
   7679.3262  3.37208e-17  2.60651e-17  2.04992e-18    1941   428.182  2.26887e+16  0     
   7680.5210  3.36079e-17  2.91545e-17  2.09443e-18    1942   428.183  2.26782e+16  0     
   7681.7163  3.46438e-17  3.13657e-17  2.14144e-18    1943   428.185  2.26771e+16  0     
   7682.9121  3.08233e-17  3.61984e-17  2.15357e-18    1944   428.186  2.27205e+16  0     
   7684.1074  3.03068e-17  3.95746e-17  2.18959e-18    1945   428.187  2.27986e+16  0     
   7685.3027  3.34512e-17  4.13182e-17  2.25360e-18    1946   428.189  2.28528e+16  0     
   7686.4980  3.36293e-17  4.35946e-17  2.28327e-18    1947   428.190  2.29108e+16  0     
   7687.6934  3.34990e-17  4.38625e-17  2.27978e-18    1948   428.191  2.30080e+16  0     
   7688.8887  3.56182e-17  4.43341e-17  2.31324e-18    1949   428.193  2.30185e+16  0     
   7690.0840  3.46719e-17  4.29636e-17  2.28072e-18    1950   428.194  2.30572e+16  0     
   7691.2793  3.47559e-17  4.21126e-17  2.26597e-18    1951   428.195  2.31422e+16  0     
   7692.4751  3.24880e-17  4.02388e-17  2.20885e-18    1952   428.197  2.31723e+16  0     
   7693.6704  3.69557e-17  3.93540e-17  2.26102e-18    1953   428.198  2.30964e+16  0     
   7694.8657  3.54472e-17  4.00973e-17  2.25246e-18    1954   428.199  2.30661e+16  0     
   7696.0615  3.53108e-17  4.18732e-17  2.26860e-18    1955   428.201  2.31708e+16  0     
   7697.2568  3.44526e-17  4.24199e-17  2.26329e-18    1956   428.202  2.31928e+16  0     
   7698.4521  3.81304e-17  4.51913e-17  2.34671e-18    1957   428.203  2.31991e+16  0     
   7699.6479  3.14144e-17  4.39217e-17  2.23756e-18    1958   428.205  2.32929e+16  0     
   7700.8433  3.52273e-17  4.24154e-17  2.26391e-18    1959   428.206  2.33710e+16  0     
   7702.0391  3.85387e-17  3.68327e-17  2.23371e-18    1960   428.207  2.33745e+16  0     
   7703.2344  3.84170e-17  3.42436e-17  2.19996e-18    1961   428.209  2.33247e+16  0     
   7704.4302  3.88011e-17  2.86770e-17  2.12948e-18    1962   428.210  2.33087e+16  0     
   7705.6255  3.93453e-17  2.82740e-17  2.12756e-18    1963   428.211  2.33855e+16  0     
   7706.8213  3.92948e-17  3.90257e-17  2.26850e-18    1964   428.213  2.34515e+16  0     
   7708.0171  3.48844e-17  6.88469e-17  2.57830e-18    1965   428.214  2.34627e+16  0     
   7709.2124  3.45321e-17  1.11966e-16  3.03004e-18    1966   428.215  2.34579e+16  0     
   7710.4082  3.57855e-17  1.53686e-16  3.42420e-18    1967   428.217  2.34587e+16  0     
   7711.6040  3.93473e-17  2.00567e-16  3.83571e-18    1968   428.218  2.34571e+16  0     
   7712.7998  3.26168e-17  2.55349e-16  4.19025e-18    1969   428.219  2.34566e+16  0     
   7713.9951  3.84883e-17  2.82635e-16  4.41834e-18    1970   428.221  2.34563e+16  0     
   7715.1909  4.45604e-17  2.82348e-16  4.45685e-18    1971   428.222  2.34572e+16  0     
   7716.3867  4.02397e-17  2.64367e-16  4.30764e-18    1972   428.223  2.34416e+16  0     
   7717.5825  4.28977e-17  2.37504e-16  4.13915e-18    1973   428.225  2.34269e+16  0     
   7718.7783  4.18802e-17  1.91440e-16  3.78519e-18    1974   428.226  2.34486e+16  0     
   7719.9741  4.16688e-17  1.41371e-16  3.36845e-18    1975   428.227  2.34544e+16  0     
   7721.1699  4.04396e-17  1.10029e-16  3.06883e-18    1976   428.229  2.34545e+16  0     
   7722.3657  4.61845e-17  8.91918e-17  2.91955e-18    1977   428.230  2.34551e+16  0     
   7723.5615  4.40487e-17  8.32046e-17  2.83585e-18    1978   428.232  2.34570e+16  0     
   7724.7573  4.30746e-17  8.07443e-17  2.80104e-18    1979   428.233  2.34372e+16  0     
   7725.9531  4.59178e-17  7.84236e-17  2.80576e-18    1980   428.234  2.34498e+16  0     
   7727.1489  4.45478e-17  7.12409e-17  2.71490e-18    1981   428.236  2.34350e+16  0     
   7728.3447  4.38130e-17  5.89636e-17  2.56768e-18    1982   428.237  2.34564e+16  0     
   7729.5405  4.79955e-17  4.87667e-17  2.49694e-18    1983   428.238  2.34639e+16  0     
   7730.7368  4.69583e-17  4.22553e-17  2.40571e-18    1984   428.240  2.34656e+16  0     
   7731.9326  4.43615e-17  4.12014e-17  2.36026e-18    1985   428.241  2.34676e+16  0     
   7733.1284  4.77141e-17  3.90031e-17  2.37464e-18    1986   428.242  2.34685e+16  0     
   7734.3242  5.01250e-17  4.08459e-17  2.42727e-18    1987   428.244  2.34650e+16  0     
   7735.5205  4.88038e-17  4.06150e-17  2.40813e-18    1988   428.245  2.34674e+16  0     
   7736.7163  5.12058e-17  3.97779e-17  2.42721e-18    1989   428.246  2.34688e+16  0     
   7737.9121  4.98890e-17  3.84404e-17  2.39454e-18    1990   428.248  2.34704e+16  0     
   7739.1084  5.38265e-17  3.69941e-17  2.42502e-18    1991   428.249  2.34724e+16  0     
   7740.3042  5.06520e-17  3.48799e-17  2.35951e-18    1992   428.250  2.34743e+16  0     
   7741.5005  5.35635e-17  3.42982e-17  2.38845e-18    1993   428.252  2.34758e+16  0     
   7742.6963  5.50353e-17  3.43964e-17  2.40774e-18    1994   428.253  2.34773e+16  0     
   7743.8926  5.08200e-17  3.77828e-17  2.39745e-18    1995   428.255  2.34788e+16  0     
   7745.0884  5.35202e-17  6.19286e-17  2.70836e-18    1996   428.256  2.34808e+16  0     
   7746.2847  5.21373e-17  1.17278e-16  3.24438e-18    1997   428.257  2.34835e+16  0     
   7747.4805  5.22700e-17  1.85001e-16  3.81273e-18    1998   428.259  2.34871e+16  0     
   7748.6768  5.45574e-17  2.37814e-16  4.21808e-18    1999   428.260  2.34909e+16  0     
   7749.8730  5.86798e-17  2.70591e-16  4.46881e-18    2000   428.261  2.34951e+16  0     
   7751.0693  5.29933e-17  2.76852e-16  4.47221e-18    2001   428.263  2.34992e+16  0     
   7752.2651  5.63276e-17  2.42810e-16  4.26413e-18    2002   428.264  2.35029e+16  0     
   7753.4614  5.60994e-17  1.77955e-16  3.78606e-18    2003   428.265  2.35069e+16  0     
   7754.6577  6.12435e-17  1.27534e-16  3.41427e-18    2004   428.267  2.35104e+16  0     
   7755.8540  5.57441e-17  1.06342e-16  3.17472e-18    2005   428.268  2.35139e+16  0     
   7757.0498  5.53346e-17  1.05079e-16  3.15893e-18    2006   428.270  2.35166e+16  0     
   7758.2461  5.92188e-17  1.08773e-16  3.22874e-18    2007   428.271  2.35202e+16  0     
   7759.4424  6.50314e-17  1.12232e-16  3.31206e-18    2008   428.272  2.35254e+16  0     
   7760.6387  6.04421e-17  1.12680e-16  3.27451e-18    2009   428.274  2.35312e+16  0     
   7761.8350  6.27468e-17  9.76967e-17  3.15788e-18    2010   428.275  2.35356e+16  0     
   7763.0312  5.86047e-17  7.50953e-17  2.89697e-18    2011   428.276  2.35397e+16  0     
   7764.2275  5.91554e-17  5.42260e-17  2.68181e-18    2012   428.278  2.35442e+16  0     
   7765.4238  5.71429e-17  4.09518e-17  2.50783e-18    2013   428.279  2.35482e+16  0     
   7766.6201  5.62949e-17  3.45198e-17  2.42048e-18    2014   428.280  2.35523e+16  0     
   7767.8164  5.54979e-17  3.49046e-17  2.41521e-18    2015   428.282  2.35565e+16  0     
   7769.0127  6.06398e-17  4.46931e-17  2.59079e-18    2016   428.283  2.35610e+16  0     
   7770.2095  6.05275e-17  5.43237e-17  2.69673e-18    2017   428.285  2.35638e+16  0     
   7771.4058  5.97616e-17  6.24972e-17  2.77633e-18    2018   428.286  2.35666e+16  0     
   7772.6021  6.42182e-17  6.92491e-17  2.89269e-18    2019   428.287  2.35689e+16  0     
   7773.7983  6.34927e-17  6.94794e-17  2.88748e-18    2020   428.289  2.35714e+16  0     
   7774.9951  6.02104e-17  7.08980e-17  2.86821e-18    2021   428.290  2.35745e+16  0     
   7776.1914  6.57799e-17  7.00838e-17  2.91642e-18    2022   428.292  2.35778e+16  0     
   7777.3877  6.23011e-17  7.47335e-17  2.92796e-18    2023   428.293  2.35818e+16  0     
   7778.5840  6.35672e-17  7.99803e-17  2.99236e-18    2024   428.294  2.35875e+16  0     
   7779.7808  6.59704e-17  8.30833e-17  3.04565e-18    2025   428.296  2.35934e+16  0     
   7780.9771  6.23451e-17  8.46902e-17  3.02567e-18    2026   428.297  2.35995e+16  0     
   7782.1738  6.53873e-17  7.48511e-17  2.95843e-18    2027   428.298  2.36055e+16  0     
   7783.3701  6.61813e-17  6.26267e-17  2.84209e-18    2028   428.300  2.36119e+16  0     
   7784.5669  6.39090e-17  4.95929e-17  2.67861e-18    2029   428.301  2.36187e+16  0     
   7785.7632  6.64887e-17  4.38886e-17  2.64360e-18    2030   428.303  2.36268e+16  0     
   7786.9600  6.61084e-17  4.07610e-17  2.60386e-18    2031   428.304  2.36344e+16  0     
   7788.1562  6.89084e-17  4.66657e-17  2.69984e-18    2032   428.305  2.36420e+16  0     
   7789.3530  6.71800e-17  7.83550e-17  3.00762e-18    2033   428.307  2.36505e+16  0     
   7790.5493  6.52554e-17  1.27567e-16  3.43772e-18    2034   428.308  2.36598e+16  0     
   7791.7461  7.02114e-17  1.69529e-16  3.81655e-18    2035   428.309  2.36693e+16  0     
   7792.9429  7.06967e-17  1.98850e-16  4.03837e-18    2036   428.311  2.36786e+16  0     
   7794.1392  6.65725e-17  2.12983e-16  4.10958e-18    2037   428.312  2.36880e+16  0     
   7795.3359  6.84393e-17  1.98370e-16  4.01685e-18    2038   428.314  2.36968e+16  0     
   7796.5327  6.85301e-17  1.55636e-16  3.69186e-18    2039   428.315  2.37067e+16  0     
   7797.7295  6.45225e-17  1.06075e-16  3.23835e-18    2040   428.316  2.37166e+16  0     
   7798.9263  6.86571e-17  7.09211e-17  2.94397e-18    2041   428.318  2.37254e+16  0     
   7800.1226  7.19755e-17  4.65604e-17  2.72625e-18    2042   428.319  2.37333e+16  0     
   7801.3193  7.09278e-17  3.31008e-17  2.56536e-18    2043   428.321  2.37415e+16  0     
   7802.5161  7.21343e-17  3.24573e-17  2.57129e-18    2044   428.322  2.37497e+16  0     
   7803.7129  6.96027e-17  4.35973e-17  2.66688e-18    2045   428.323  2.37581e+16  0     
   7804.9097  7.15293e-17  6.42484e-17  2.90330e-18    2046   428.325  2.37660e+16  0     
   7806.1064  7.52427e-17  8.21723e-17  3.11286e-18    2047   428.326  2.37748e+16  0     
   7807.3032  6.73715e-17  9.70332e-17  3.17713e-18    2048   428.328  2.37840e+16  0     
   7808.5000  8.02809e-17  1.02772e-16  3.34348e-18    2049   428.329  2.37927e+16  0     
   7809.6968  7.18244e-17  9.94921e-17  3.23890e-18    2050   428.330  2.37997e+16  0     
   7810.8936  7.27604e-17  8.42042e-17  3.10648e-18    2051   428.332  2.38062e+16  0     
   7812.0903  7.43619e-17  6.41083e-17  2.92704e-18    2052   428.333  2.38157e+16  0     
   7813.2871  7.40754e-17  5.01581e-17  2.78099e-18    2053   428.335  2.38257e+16  0     
   7814.4844  7.53590e-17  4.28432e-17  2.71647e-18    2054   428.336  2.38350e+16  0     
   7815.6812  7.25947e-17  4.94101e-17  2.75654e-18    2055   428.337  2.38417e+16  0     
   7816.8779  7.43345e-17  8.64899e-17  3.13971e-18    2056   428.339  2.38467e+16  0     
   7818.0747  7.56521e-17  1.43556e-16  3.64082e-18    2057   428.340  2.38513e+16  0     
   7819.2715  7.44114e-17  1.96513e-16  4.03282e-18    2058   428.342  2.38561e+16  0     
   7820.4688  8.05649e-17  2.29767e-16  4.30720e-18    2059   428.343  2.38636e+16  0     
   7821.6655  7.10435e-17  2.47285e-16  4.36021e-18    2060   428.344  2.38708e+16  0     
   7822.8623  6.98196e-17  2.28730e-16  4.22565e-18    2061   428.346  2.38768e+16  0     
   7824.0596  7.66304e-17  1.74945e-16  3.88846e-18    2062   428.347  2.38822e+16  0     
   7825.2563  7.59158e-17  1.18937e-16  3.43781e-18    2063   428.349  2.38877e+16  0     
   7826.4536  7.97677e-17  7.93827e-17  3.12094e-18    2064   428.350  2.38933e+16  0     
   7827.6504  8.10452e-17  4.98369e-17  2.84524e-18    2065   428.351  2.38980e+16  0     
   7828.8472  7.94236e-17  3.71361e-17  2.69473e-18    2066   428.353  2.39024e+16  0     
   7830.0444  8.40095e-17  3.42080e-17  2.71225e-18    2067   428.354  2.39072e+16  0     
   7831.2417  8.43066e-17  3.18601e-17  2.68992e-18    2068   428.356  2.39119e+16  0     
   7832.4385  8.89595e-17  3.00814e-17  2.72044e-18    2069   428.357  2.39174e+16  0     
   7833.6357  8.28566e-17  3.01458e-17  2.65489e-18    2070   428.358  2.39227e+16  0     
   7834.8325  9.02550e-17  3.11732e-17  2.74520e-18    2071   428.360  2.39272e+16  0     
   7836.0298  8.61501e-17  3.64770e-17  2.75768e-18    2072   428.361  2.39299e+16  0     
   7837.2266  9.09378e-17  5.27512e-17  2.97097e-18    2073   428.363  2.39314e+16  0     
   7838.4238  9.09397e-17  7.17563e-17  3.15123e-18    2074   428.364  2.39303e+16  0     
   7839.6211  9.53359e-17  8.30271e-17  3.29245e-18    2075   428.366  2.39287e+16  0     
   7840.8184  9.02990e-17  9.26249e-17  3.33259e-18    2076   428.367  2.39264e+16  0     
   7842.0156  8.99438e-17  9.33853e-17  3.33630e-18    2077   428.368  2.39238e+16  0     
   7843.2124  9.70538e-17  8.12159e-17  3.29216e-18    2078   428.370  2.39214e+16  0     
   7844.4097  9.52298e-17  6.58808e-17  3.13719e-18    2079   428.371  2.39216e+16  0     
   7845.6069  9.17632e-17  5.72516e-17  3.02306e-18    2080   428.373  2.39235e+16  0     
   7846.8042  9.32939e-17  5.99283e-17  3.06305e-18    2081   428.374  2.39257e+16  0     
   7848.0015  8.31599e-17  8.22941e-17  3.17670e-18    2082   428.375  2.39278e+16  0     
   7849.1987  9.24502e-17  1.41625e-16  3.75140e-18    2083   428.377  2.39304e+16  0     
   7850.3955  9.08855e-17  2.07033e-16  4.21624e-18    2084   428.378  2.39325e+16  0     
   7851.5928  9.74476e-17  2.51585e-16  4.55428e-18    2085   428.380  2.39342e+16  0     
   7852.7900  8.88185e-17  2.80403e-16  4.68077e-18    2086   428.381  2.39380e+16  0     
   7853.9873  9.02360e-17  2.84127e-16  4.71212e-18    2087   428.383  2.39420e+16  0     
   7855.1846  8.54629e-17  2.57445e-16  4.51403e-18    2088   428.384  2.39453e+16  0     
   7856.3823  9.96275e-17  2.17885e-16  4.34752e-18    2089   428.385  2.39484e+16  0     
   7857.5796  1.09784e-16  1.87137e-16  4.20763e-18    2090   428.387  2.39518e+16  0     
   7858.7769  1.16211e-16  1.72646e-16  4.15157e-18    2091   428.388  2.39531e+16  0     
   7859.9741  1.15363e-16  1.55442e-16  4.02355e-18    2092   428.390  2.39529e+16  0     
   7861.1714  1.13178e-16  1.41272e-16  3.90403e-18    2093   428.391  2.39517e+16  0     
   7862.3687  1.19069e-16  1.26068e-16  3.83434e-18    2094   428.393  2.39505e+16  0     
   7863.5659  1.05109e-16  1.04413e-16  3.55494e-18    2095   428.394  2.39493e+16  0     
   7864.7637  9.53252e-17  9.46132e-17  3.39155e-18    2096   428.395  2.39477e+16  0     
   7865.9609  9.13002e-17  1.04189e-16  3.43865e-18    2097   428.397  2.39483e+16  0     
   7867.1582  8.59559e-17  1.31224e-16  3.61687e-18    2098   428.398  2.39491e+16  0     
   7868.3555  8.40114e-17  1.58400e-16  3.81377e-18    2099   428.400  2.39493e+16  0     
   7869.5532  8.43662e-17  1.71230e-16  3.91287e-18    2100   428.401  2.39478e+16  0     
   7870.7505  7.96973e-17  1.68904e-16  3.86094e-18    2101   428.403  2.39448e+16  0     
   7871.9482  7.87553e-17  1.54175e-16  3.74162e-18    2102   428.404  2.39417e+16  0     
   7873.1455  7.58216e-17  1.22816e-16  3.46595e-18    2103   428.405  2.39369e+16  0     
   7874.3428  7.83221e-17  9.46193e-17  3.24425e-18    2104   428.407  2.39296e+16  0     
   7875.5405  7.77675e-17  8.63361e-17  3.16483e-18    2105   428.408  2.39207e+16  0     
   7876.7378  7.67592e-17  8.70884e-17  3.16313e-18    2106   428.410  2.39113e+16  0     
   7877.9355  7.11850e-17  1.00374e-16  3.23373e-18    2107   428.411  2.39032e+16  0     
   7879.1328  7.12337e-17  1.11658e-16  3.33447e-18    2108   428.413  2.38967e+16  0     
   7880.3306  6.92686e-17  1.15997e-16  3.35564e-18    2109   428.414  2.38892e+16  0     
   7881.5283  6.22088e-17  1.09262e-16  3.23441e-18    2110   428.415  2.38824e+16  0     
   7882.7256  7.07846e-17  9.70562e-17  3.20205e-18    2111   428.417  2.38762e+16  0     
   7883.9233  7.09353e-17  8.32681e-17  3.07611e-18    2112   428.418  2.38699e+16  0     
   7885.1206  7.06971e-17  8.33475e-17  3.07504e-18    2113   428.420  2.38635e+16  0     
   7886.3184  6.85879e-17  1.03023e-16  3.23742e-18    2114   428.421  2.38579e+16  0     
   7887.5161  6.97662e-17  1.23906e-16  3.43043e-18    2115   428.423  2.38527e+16  0     
   7888.7134  6.39625e-17  1.37701e-16  3.49799e-18    2116   428.424  2.38474e+16  0     
   7889.9111  6.49415e-17  1.46057e-16  3.57517e-18    2117   428.426  2.38434e+16  0     
   7891.1089  6.04111e-17  1.37461e-16  3.46696e-18    2118   428.427  2.38386e+16  0     
   7892.3066  5.83725e-17  1.09785e-16  3.20787e-18    2119   428.428  2.38344e+16  0     
   7893.5044  5.92007e-17  8.19789e-17  2.95293e-18    2120   428.430  2.38305e+16  0     
   7894.7017  5.41834e-17  5.87352e-17  2.65979e-18    2121   428.431  2.38252e+16  0     
   7895.8994  5.60608e-17  4.29068e-17  2.50246e-18    2122   428.433  2.38212e+16  0     
   7897.0972  5.26408e-17  3.58153e-17  2.37707e-18    2123   428.434  2.38171e+16  0     
   7898.2949  5.31651e-17  3.19469e-17  2.33600e-18    2124   428.436  2.38114e+16  0     
   7899.4927  5.08878e-17  3.08622e-17  2.29394e-18    2125   428.437  2.38056e+16  0     
   7900.6904  4.99992e-17  3.18933e-17  2.29600e-18    2126   428.439  2.38010e+16  0     
   7901.8882  4.88048e-17  3.08599e-17  2.26783e-18    2127   428.440  2.37950e+16  0     
   7903.0859  4.98855e-17  3.18263e-17  2.29439e-18    2128   428.441  2.37880e+16  0     
   7904.2837  4.86855e-17  3.24311e-17  2.28717e-18    2129   428.443  2.37810e+16  0     
   7905.4814  4.84751e-17  3.20979e-17  2.28055e-18    2130   428.444  2.37747e+16  0     
   7906.6792  5.23386e-17  3.72798e-17  2.39384e-18    2131   428.446  2.37703e+16  0     
   7907.8770  5.03578e-17  5.94008e-17  2.62836e-18    2132   428.447  2.37671e+16  0     
   7909.0747  4.85859e-17  1.32428e-16  3.32758e-18    2133   428.449  2.37661e+16  0     
   7910.2725  4.59587e-17  2.27507e-16  4.05898e-18    2134   428.450  2.37665e+16  0     
   7911.4707  4.25896e-17  3.10974e-16  4.59937e-18    2135   428.452  2.37687e+16  0     
   7912.6685  4.55000e-17  3.61316e-16  4.92573e-18    2136   428.453  2.37717e+16  0     
   7913.8662  4.47229e-17  3.87792e-16  5.07554e-18    2137   428.455  2.37745e+16  0     
   7915.0640  4.70989e-17  3.54105e-16  4.89175e-18    2138   428.456  2.37772e+16  0     
   7916.2617  4.11460e-17  2.87971e-16  4.44029e-18    2139   428.458  2.37798e+16  0     
   7917.4600  4.21926e-17  2.40868e-16  4.12605e-18    2140   428.459  2.37825e+16  0     
   7918.6577  4.57312e-17  2.10350e-16  3.93025e-18    2141   428.460  2.37852e+16  0     
   7919.8555  4.59372e-17  1.86896e-16  3.75334e-18    2142   428.462  2.37882e+16  0     
   7921.0537  4.14904e-17  1.77794e-16  3.64608e-18    2143   428.463  2.37926e+16  0     
   7922.2515  4.86634e-17  1.61812e-16  3.57448e-18    2144   428.465  2.37976e+16  0     
   7923.4492  4.02833e-17  1.29342e-16  3.22347e-18    2145   428.466  2.38020e+16  0     
   7924.6475  4.57096e-17  9.30367e-17  2.93041e-18    2146   428.468  2.38062e+16  0     
   7925.8452  4.41700e-17  7.31454e-17  2.70848e-18    2147   428.469  2.38097e+16  0     
   7927.0435  4.29423e-17  7.42274e-17  2.70662e-18    2148   428.471  2.38144e+16  0     
   7928.2412  4.51652e-17  8.84122e-17  2.87752e-18    2149   428.472  2.38214e+16  0     
   7929.4395  4.34974e-17  1.03522e-16  3.00998e-18    2150   428.474  2.38311e+16  0     
   7930.6372  4.48040e-17  1.15349e-16  3.13383e-18    2151   428.475  2.38415e+16  0     
   7931.8354  3.66138e-17  1.17301e-16  3.07471e-18    2152   428.477  2.38503e+16  0     
   7933.0332  4.61920e-17  1.04592e-16  3.04441e-18    2153   428.478  2.38577e+16  0     
   7934.2314  5.07881e-17  8.12634e-17  2.85919e-18    2154   428.479  2.38660e+16  0     
   7935.4297  4.29948e-17  5.80708e-17  2.52375e-18    2155   428.481  2.38743e+16  0     
   7936.6274  3.86978e-17  4.36686e-17  2.29765e-18    2156   428.482  2.38837e+16  0     
   7937.8257  4.12671e-17  3.33733e-17  2.19725e-18    2157   428.484  2.38929e+16  0     
   7939.0239  4.20551e-17  2.99763e-17  2.16205e-18    2158   428.485  2.39011e+16  0     
   7940.2217  4.33320e-17  2.93923e-17  2.17094e-18    2159   428.487  2.39091e+16  0     
   7941.4199  4.19409e-17  3.11779e-17  2.17577e-18    2160   428.488  2.39179e+16  0     
   7942.6182  3.81823e-17  3.49940e-17  2.17611e-18    2161   428.490  2.39264e+16  0     
   7943.8164  4.12193e-17  4.38990e-17  2.32938e-18    2162   428.491  2.39372e+16  0     
   7945.0142  4.13314e-17  6.04281e-17  2.52739e-18    2163   428.493  2.39506e+16  0     
   7946.2124  4.32110e-17  8.03488e-17  2.76543e-18    2164   428.494  2.39632e+16  0     
   7947.4106  3.96536e-17  9.53804e-17  2.88239e-18    2165   428.496  2.39754e+16  0     
   7948.6089  4.29943e-17  1.01468e-16  2.97484e-18    2166   428.497  2.39874e+16  0     
   7949.8071  4.41687e-17  1.01838e-16  2.98896e-18    2167   428.499  2.40007e+16  0     
   7951.0054  3.91134e-17  8.77545e-17  2.79662e-18    2168   428.500  2.40159e+16  0     
   7952.2036  3.79838e-17  6.61229e-17  2.54949e-18    2169   428.502  2.40326e+16  0     
   7953.4014  3.83878e-17  5.08561e-17  2.37434e-18    2170   428.503  2.40462e+16  0     
   7954.5996  4.01713e-17  3.75634e-17  2.22932e-18    2171   428.505  2.40589e+16  0     
   7955.7983  4.24246e-17  2.87015e-17  2.14144e-18    2172   428.506  2.40712e+16  0     
   7956.9961  3.94526e-17  2.73035e-17  2.08114e-18    2173   428.508  2.40836e+16  0     
   7958.1948  3.89437e-17  3.18278e-17  2.13534e-18    2174   428.509  2.40982e+16  0     
   7959.3926  3.87436e-17  5.80439e-17  2.46055e-18    2175   428.510  2.41158e+16  0     
   7960.5913  3.91838e-17  1.19069e-16  3.09633e-18    2176   428.512  2.41325e+16  0     
   7961.7896  3.92019e-17  1.87280e-16  3.67481e-18    2177   428.513  2.41495e+16  0     
   7962.9878  3.89892e-17  2.39647e-16  4.06102e-18    2178   428.515  2.41663e+16  0     
   7964.1860  3.16016e-17  2.77442e-16  4.26953e-18    2179   428.516  2.41799e+16  0     
   7965.3843  3.50483e-17  2.77579e-16  4.29228e-18    2180   428.518  2.41940e+16  0     
   7966.5825  3.48686e-17  2.35952e-16  4.00168e-18    2181   428.519  2.42092e+16  0     
   7967.7808  4.19147e-17  1.70524e-16  3.55773e-18    2182   428.521  2.42213e+16  0     
   7968.9795  3.53254e-17  1.12159e-16  2.98808e-18    2183   428.522  2.42323e+16  0     
   7970.1777  3.64379e-17  7.25475e-17  2.59189e-18    2184   428.524  2.42462e+16  0     
   7971.3760  3.44469e-17  4.56515e-17  2.24944e-18    2185   428.525  2.42601e+16  0     
   7972.5742  3.58301e-17  4.02714e-17  2.19745e-18    2186   428.527  2.42710e+16  0     
   7973.7729  4.28477e-17  4.68530e-17  2.36729e-18    2187   428.528  2.42827e+16  0     
   7974.9712  4.03740e-17  6.73209e-17  2.57474e-18    2188   428.530  2.42964e+16  0     
   7976.1694  3.70514e-17  9.41513e-17  2.82284e-18    2189   428.531  2.43098e+16  0     
   7977.3682  3.42114e-17  1.22521e-16  3.06945e-18    2190   428.533  2.43234e+16  0     
   7978.5664  3.52379e-17  1.34133e-16  3.18397e-18    2191   428.534  2.43359e+16  0     
   7979.7651  3.94853e-17  1.36903e-16  3.24538e-18    2192   428.536  2.43485e+16  0     
   7980.9634  3.56567e-17  1.21831e-16  3.07396e-18    2193   428.537  2.43611e+16  0     
   7982.1621  3.55172e-17  9.66737e-17  2.82887e-18    2194   428.539  2.43741e+16  0     
   7983.3604  3.46246e-17  6.87559e-17  2.52136e-18    2195   428.540  2.43868e+16  0     
   7984.5586  3.90868e-17  4.94851e-17  2.34757e-18    2196   428.542  2.43981e+16  0.081 
   7985.7573  3.65310e-17  3.86582e-17  2.17874e-18    2197   428.543  2.44091e+16  0.142 
   7986.9556  3.89785e-17  3.91352e-17  2.21601e-18    2198   428.545  2.44210e+16  0.233 
   7988.1543  3.54876e-17  7.03428e-17  2.54630e-18    2199   428.546  2.44327e+16  0.294 
   7989.3530  3.28292e-17  1.39901e-16  3.20654e-18    2200   428.548  2.44434e+16  0.467 
   7990.5513  3.79569e-17  2.14038e-16  3.84443e-18    2201   428.549  2.44533e+16  0.508 
   7991.7500  3.44390e-17  2.68157e-16  4.20078e-18    2202   428.551  2.44629e+16  0.508 
   7992.9482  3.32009e-17  3.00782e-16  4.40693e-18    2203   428.552  2.44721e+16  0.467 
   7994.1470  3.15725e-17  2.97292e-16  4.37310e-18    2204   428.554  2.44802e+16  0.376 
   7995.3457  3.15333e-17  2.45025e-16  4.01883e-18    2205   428.555  2.44882e+16  0.274 
   7996.5444  3.27887e-17  1.71690e-16  3.47264e-18    2206   428.557  2.44955e+16  0.254 
   7997.7427  2.72971e-17  1.09903e-16  2.87087e-18    2207   428.558  2.45029e+16  0.091 
   7998.9414  3.13403e-17  6.53294e-17  2.43782e-18    2208   428.560  2.45088e+16  0.01  
   8000.1401  2.91838e-17  4.10800e-17  2.10853e-18    2209   428.561  2.45122e+16  0     
   8001.3384  3.02656e-17  3.33611e-17  2.01730e-18    2210   428.563  2.45138e+16  0     
   8002.5371  3.33778e-17  3.02719e-17  2.01754e-18    2211   428.564  2.45159e+16  0     
   8003.7358  2.96764e-17  2.93836e-17  1.95197e-18    2212   428.566  2.45174e+16  0     
   8004.9346  3.25957e-17  2.82449e-17  1.97762e-18    2213   428.567  2.45177e+16  0     
   8006.1333  2.90431e-17  2.71570e-17  1.91001e-18    2214   428.569  2.45176e+16  0     
   8007.3320  3.05477e-17  2.71955e-17  1.93279e-18    2215   428.570  2.45169e+16  0     
   8008.5303  3.07206e-17  3.30224e-17  2.01887e-18    2216   428.572  2.45153e+16  0     
   8009.7290  2.92487e-17  5.01412e-17  2.22774e-18    2217   428.573  2.45128e+16  0     
   8010.9277  3.15268e-17  7.24686e-17  2.52137e-18    2218   428.575  2.45118e+16  0     
   8012.1265  3.05511e-17  8.72238e-17  2.67178e-18    2219   428.577  2.45107e+16  0     
   8013.3252  3.10595e-17  9.93643e-17  2.80272e-18    2220   428.578  2.45103e+16  0     
   8014.5239  3.24794e-17  1.01196e-16  2.83541e-18    2221   428.580  2.45103e+16  0     
   8015.7227  2.84197e-17  9.47339e-17  2.72825e-18    2222   428.581  2.45101e+16  0     
   8016.9214  2.81232e-17  7.65519e-17  2.52908e-18    2223   428.583  2.45102e+16  0     
   8018.1201  2.84311e-17  6.16716e-17  2.36019e-18    2224   428.584  2.45102e+16  0     
   8019.3188  3.32276e-17  5.10910e-17  2.28977e-18    2225   428.586  2.45088e+16  0     
   8020.5176  2.28093e-17  6.38642e-17  2.31880e-18    2226   428.587  2.45074e+16  0     
   8021.7168  2.57095e-17  1.03519e-16  2.79088e-18    2227   428.589  2.45060e+16  0     
   8022.9155  2.68348e-17  1.55243e-16  3.28401e-18    2228   428.590  2.45050e+16  0     
   8024.1143  2.61840e-17  1.93810e-16  3.59642e-18    2229   428.592  2.45040e+16  0     
   8025.3130  2.84611e-17  2.17787e-16  3.79777e-18    2230   428.593  2.45028e+16  0     
   8026.5117  2.46014e-17  2.23945e-16  3.81507e-18    2231   428.595  2.45004e+16  0     
   8027.7104  2.89393e-17  1.94397e-16  3.62307e-18    2232   428.596  2.44987e+16  0     
   8028.9092  2.72049e-17  1.43790e-16  3.18747e-18    2233   428.598  2.44972e+16  0     
   8030.1084  2.81875e-17  9.87895e-17  2.76858e-18    2234   428.599  2.44950e+16  0     
   8031.3071  2.38557e-17  6.51143e-17  2.34750e-18    2235   428.601  2.44919e+16  0     
   8032.5059  2.36405e-17  4.27606e-17  2.05708e-18    2236   428.602  2.44885e+16  0     
   8033.7051  2.77023e-17  3.55534e-17  2.01341e-18    2237   428.604  2.44850e+16  0     
   8034.9038  2.85482e-17  3.12335e-17  1.96403e-18    2238   428.605  2.44813e+16  0     
   8036.1025  2.59212e-17  2.82636e-17  1.88160e-18    2239   428.607  2.44780e+16  0     
   8037.3013  2.39300e-17  2.64653e-17  1.82376e-18    2240   428.609  2.44734e+16  0     
   8038.5005  2.74770e-17  2.56081e-17  1.86537e-18    2241   428.610  2.44682e+16  0     
   8039.6992  2.62133e-17  2.60358e-17  1.85279e-18    2242   428.612  2.44639e+16  0     
   8040.8984  2.79747e-17  2.65899e-17  1.88809e-18    2243   428.613  2.44603e+16  0     
   8042.0972  2.85432e-17  2.57280e-17  1.88384e-18    2244   428.615  2.44565e+16  0     
   8043.2964  2.86770e-17  2.54251e-17  1.88146e-18    2245   428.616  2.44525e+16  0     
   8044.4951  2.57906e-17  2.60090e-17  1.84657e-18    2246   428.618  2.44482e+16  0     
   8045.6943  2.98874e-17  2.71207e-17  1.92520e-18    2247   428.619  2.44443e+16  0     
   8046.8931  2.68404e-17  3.44420e-17  1.98749e-18    2248   428.621  2.44393e+16  0     
   8048.0918  2.61942e-17  4.69644e-17  2.15087e-18    2249   428.622  2.44335e+16  0     
   8049.2910  2.46796e-17  5.99237e-17  2.29743e-18    2250   428.624  2.44276e+16  0     
   8050.4902  2.85283e-17  6.85895e-17  2.44763e-18    2251   428.625  2.44233e+16  0     
   8051.6890  2.70688e-17  7.14543e-17  2.46410e-18    2252   428.627  2.44196e+16  0     
   8052.8882  2.59543e-17  7.11387e-17  2.44793e-18    2253   428.628  2.44124e+16  0     
   8054.0869  2.89970e-17  6.08583e-17  2.36278e-18    2254   428.630  2.44038e+16  0     
   8055.2861  2.31447e-17  4.91039e-17  2.14068e-18    2255   428.632  2.43949e+16  0     
   8056.4854  2.50605e-17  4.44052e-17  2.10369e-18    2256   428.633  2.43878e+16  0     
   8057.6841  2.38949e-17  5.50527e-17  2.22861e-18    2257   428.635  2.43824e+16  0     
   8058.8833  2.38696e-17  7.85831e-17  2.51136e-18    2258   428.636  2.43776e+16  0     
   8060.0825  2.44136e-17  1.00108e-16  2.75062e-18    2259   428.638  2.43727e+16  0     
   8061.2812  2.48558e-17  1.16310e-16  2.91843e-18    2260   428.639  2.43648e+16  0     
   8062.4805  2.56036e-17  1.21601e-16  2.97736e-18    2261   428.641  2.43566e+16  0     
   8063.6797  2.51842e-17  1.13805e-16  2.89809e-18    2262   428.642  2.43490e+16  0     
   8064.8789  2.44826e-17  8.80394e-17  2.62516e-18    2263   428.644  2.43417e+16  0     
   8066.0776  2.33730e-17  6.36407e-17  2.33192e-18    2264   428.645  2.43341e+16  0     
   8067.2769  2.60549e-17  4.40550e-17  2.11541e-18    2265   428.647  2.43249e+16  0     
   8068.4761  2.59791e-17  3.18340e-17  1.94278e-18    2266   428.649  2.43159e+16  0     
   8069.6753  2.54248e-17  2.60737e-17  1.84801e-18    2267   428.650  2.43070e+16  0     
   8070.8745  2.24516e-17  2.48618e-17  1.78247e-18    2268   428.652  2.42990e+16  0     
   8072.0737  2.06826e-17  2.53022e-17  1.76126e-18    2269   428.653  2.42938e+16  0     
   8073.2725  2.43524e-17  2.68121e-17  1.84366e-18    2270   428.655  2.42880e+16  0     
   8074.4717  2.27283e-17  2.66518e-17  1.81615e-18    2271   428.656  2.42791e+16  0     
   8075.6709  2.54390e-17  2.91125e-17  1.89635e-18    2272   428.658  2.42679e+16  0     
   8076.8701  2.41935e-17  2.87839e-17  1.87295e-18    2273   428.659  2.42564e+16  0     
   8078.0693  2.33861e-17  2.78894e-17  1.84721e-18    2274   428.661  2.42458e+16  0     
   8079.2686  2.48803e-17  2.70757e-17  1.85788e-18    2275   428.663  2.42424e+16  0     
   8080.4678  2.23765e-17  2.72538e-17  1.82164e-18    2276   428.664  2.42431e+16  0     
   8081.6670  2.47376e-17  2.84707e-17  1.87670e-18    2277   428.666  2.42512e+16  0     
   8082.8662  2.38351e-17  2.87525e-17  1.86661e-18    2278   428.667  2.42649e+16  0     
   8084.0654  2.21627e-17  3.07318e-17  1.87063e-18    2279   428.669  2.42804e+16  0     
   8085.2646  2.24128e-17  3.06146e-17  1.87209e-18    2280   428.670  2.42935e+16  0     
   8086.4639  2.32991e-17  3.02732e-17  1.87998e-18    2281   428.672  2.43028e+16  0     
   8087.6631  2.41397e-17  2.77876e-17  1.85458e-18    2282   428.673  2.43082e+16  0     
   8088.8623  2.30746e-17  2.95504e-17  1.86515e-18    2283   428.675  2.43113e+16  0     
   8090.0620  2.39407e-17  3.33126e-17  1.93475e-18    2284   428.677  2.43110e+16  0     
   8091.2612  2.09796e-17  3.92720e-17  1.97862e-18    2285   428.678  2.43090e+16  0     
   8092.4604  1.98361e-17  4.26479e-17  2.01063e-18    2286   428.680  2.43083e+16  0     
   8093.6597  2.40423e-17  4.53277e-17  2.10637e-18    2287   428.681  2.43047e+16  0     
   8094.8589  2.20084e-17  4.57392e-17  2.08451e-18    2288   428.683  2.42989e+16  0     
   8096.0581  2.39081e-17  4.13352e-17  2.05014e-18    2289   428.684  2.42937e+16  0     
   8097.2578  2.23588e-17  3.96084e-17  2.00423e-18    2290   428.686  2.42873e+16  0     
   8098.4570  2.25309e-17  4.45847e-17  2.07682e-18    2291   428.687  2.42782e+16  0     
   8099.6562  2.41152e-17  5.18346e-17  2.19577e-18    2292   428.689  2.42651e+16  0     
   8100.8555  2.52164e-17  6.00842e-17  2.31520e-18    2293   428.691  2.42505e+16  0     
   8102.0552  2.31349e-17  6.68020e-17  2.37279e-18    2294   428.692  2.42328e+16  0     
   8103.2544  2.18407e-17  6.65816e-17  2.35584e-18    2295   428.694  2.42059e+16  0     
   8104.4536  2.35973e-17  6.11742e-17  2.31279e-18    2296   428.695  2.41707e+16  0     
   8105.6533  2.58972e-17  5.00347e-17  2.20238e-18    2297   428.697  2.41280e+16  0     
   8106.8525  1.86979e-17  4.07255e-17  1.97727e-18    2298   428.698  2.40762e+16  0     
   8108.0518  1.99243e-17  3.27213e-17  1.87824e-18    2299   428.700  2.40213e+16  0     
   8109.2515  2.47321e-17  2.83076e-17  1.88658e-18    2300   428.702  2.39700e+16  0     
   8110.4507  2.47747e-17  2.61711e-17  1.85617e-18    2301   428.703  2.39244e+16  0     
   8111.6504  2.29594e-17  2.64052e-17  1.83297e-18    2302   428.705  2.38857e+16  0     
   8112.8496  2.00893e-17  2.60864e-17  1.78322e-18    2303   428.706  2.38497e+16  0     
   8114.0488  2.49672e-17  2.45862e-17  1.84157e-18    2304   428.708  2.37588e+16  0     
   8115.2485  2.30636e-17  2.40359e-17  1.80564e-18    2305   428.709  2.36804e+16  0     
   8116.4478  2.38967e-17  2.38841e-17  1.81978e-18    2306   428.711  2.36102e+16  0     
   8117.6475  2.16004e-17  2.40110e-17  1.78312e-18    2307   428.713  2.36389e+16  0     
   8118.8467  2.15799e-17  2.46646e-17  1.79117e-18    2308   428.714  2.36926e+16  0     
   8120.0464  2.29220e-17  2.46401e-17  1.80776e-18    2309   428.716  2.38030e+16  0     
   8121.2456  2.03435e-17  2.44144e-17  1.76276e-18    2310   428.717  2.37836e+16  0     
   8122.4453  2.22153e-17  2.44074e-17  1.79588e-18    2311   428.719  2.37262e+16  0     
   8123.6450  2.40479e-17  2.48221e-17  1.83312e-18    2312   428.721  2.37040e+16  0     
   8124.8442  2.11240e-17  2.47970e-17  1.78187e-18    2313   428.722  2.37847e+16  0     
   8126.0439  2.07836e-17  2.57716e-17  1.79147e-18    2314   428.724  2.38022e+16  0     
   8127.2432  2.11364e-17  2.54973e-17  1.79202e-18    2315   428.725  2.38188e+16  0     
   8128.4429  2.32668e-17  2.65678e-17  1.84633e-18    2316   428.727  2.37520e+16  0     
   8129.6426  2.08647e-17  2.62046e-17  1.80471e-18    2317   428.728  2.36903e+16  0     
   8130.8418  2.11463e-17  2.64825e-17  1.81653e-18    2318   428.730  2.36281e+16  0     
   8132.0415  2.14523e-17  2.69589e-17  1.83324e-18    2319   428.732  2.35363e+16  0     
   8133.2412  1.92941e-17  2.75640e-17  1.80866e-18    2320   428.733  2.35231e+16  0     
   8134.4404  1.93767e-17  2.95843e-17  1.84407e-18    2321   428.735  2.34919e+16  0     
   8135.6401  2.22676e-17  3.26369e-17  1.93634e-18    2322   428.736  2.35060e+16  0     
   8136.8398  1.91585e-17  3.57493e-17  1.93577e-18    2323   428.738  2.35194e+16  0     
   8138.0396  2.32999e-17  3.68940e-17  2.01654e-18    2324   428.740  2.34830e+16  0     
   8139.2388  2.15622e-17  3.83488e-17  2.01721e-18    2325   428.741  2.33831e+16  0.125 
   8140.4385  2.02560e-17  3.71391e-17  1.97881e-18    2326   428.743  2.34045e+16  0.25  
   8141.6382  2.41386e-17  3.58299e-17  2.01658e-18    2327   428.744  2.34136e+16  0.375 
   8142.8379  2.17194e-17  3.53665e-17  1.97296e-18    2328   428.746  2.34299e+16  0.375 
   8144.0376  2.17111e-17  3.84285e-17  2.02017e-18    2329   428.748  2.33916e+16  0.375 
   8145.2368  2.17199e-17  3.87652e-17  2.02302e-18    2330   428.749  2.34371e+16  0.375 
   8146.4365  2.12481e-17  4.20378e-17  2.06674e-18    2331   428.751  2.33742e+16  0.375 
   8147.6362  2.15306e-17  4.16828e-17  2.06408e-18    2332   428.752  2.34070e+16  0.375 
   8148.8359  1.99514e-17  3.96664e-17  2.01425e-18    2333   428.754  2.33552e+16  0.25  
   8150.0356  2.08049e-17  3.48830e-17  1.96036e-18    2334   428.755  2.32506e+16  0.25  
   8151.2354  2.16325e-17  2.99223e-17  1.89911e-18    2335   428.757  2.31914e+16  0.125 
   8152.4351  1.96944e-17  2.68755e-17  1.81834e-18    2336   428.759  2.32019e+16  0     
   8153.6348  2.37608e-17  2.49015e-17  1.85188e-18    2337   428.760  2.32145e+16  0     
   8154.8345  2.17596e-17  2.30551e-17  1.79023e-18    2338   428.762  2.31793e+16  0     
   8156.0342  2.09415e-17  2.39089e-17  1.79049e-18    2339   428.763  2.31868e+16  0     
   8157.2339  2.00593e-17  2.42861e-17  1.78649e-18    2340   428.765  2.30872e+16  0     
   8158.4336  2.15735e-17  2.42962e-17  1.82310e-18    2341   428.767  2.28450e+16  0     
   8159.6333  2.26249e-17  2.50705e-17  1.86166e-18    2342   428.768  2.26676e+16  0     
   8160.8330  2.16916e-17  2.43085e-17  1.83647e-18    2343   428.770  2.26054e+16  0     
   8162.0327  1.90312e-17  2.40403e-17  1.79161e-18    2344   428.771  2.25020e+16  0     
   8163.2324  1.93644e-17  2.43347e-17  1.80913e-18    2345   428.773  2.23591e+16  0     
   8164.4321  2.38541e-17  2.35391e-17  1.86976e-18    2346   428.775  2.23945e+16  0     
   8165.6318  2.15033e-17  2.33683e-17  1.81758e-18    2347   428.776  2.26037e+16  0     
   8166.8315  1.90971e-17  2.31818e-17  1.76563e-18    2348   428.778  2.27695e+16  0     
   8168.0312  1.78280e-17  2.36016e-17  1.74874e-18    2349   428.780  2.28172e+16  0     
   8169.2310  2.07678e-17  2.34186e-17  1.79472e-18    2350   428.781  2.28470e+16  0     
   8170.4307  2.36159e-17  2.36130e-17  1.84217e-18    2351   428.783  2.29189e+16  0     
   8171.6309  2.17255e-17  2.37091e-17  1.80463e-18    2352   428.784  2.30893e+16  0     
   8172.8306  2.09637e-17  2.41964e-17  1.79670e-18    2353   428.786  2.31637e+16  0     
   8174.0303  1.74452e-17  2.39160e-17  1.73617e-18    2354   428.788  2.30724e+16  0     
   8175.2300  1.92146e-17  2.43074e-17  1.78171e-18    2355   428.789  2.28847e+16  0     
   8176.4297  2.16832e-17  2.36695e-17  1.81573e-18    2356   428.791  2.28174e+16  0     
   8177.6299  2.11916e-17  2.44180e-17  1.82054e-18    2357   428.792  2.28063e+16  0     
   8178.8296  2.05005e-17  2.40880e-17  1.80645e-18    2358   428.794  2.27398e+16  0     
   8180.0293  2.28942e-17  2.35839e-17  1.83309e-18    2359   428.796  2.28475e+16  0     
   8181.2290  2.19637e-17  2.35713e-17  1.80525e-18    2360   428.797  2.31128e+16  0     
   8182.4292  1.80056e-17  2.33343e-17  1.72749e-18    2361   428.799  2.32620e+16  0     
   8183.6289  2.29540e-17  2.47181e-17  1.83258e-18    2362   428.800  2.32856e+16  0     
   8184.8286  2.02425e-17  2.68630e-17  1.82343e-18    2363   428.802  2.32835e+16  0     
   8186.0288  2.00721e-17  2.79698e-17  1.83872e-18    2364   428.804  2.32828e+16  0     
   8187.2285  1.82378e-17  2.87670e-17  1.82302e-18    2365   428.805  2.32561e+16  0     
   8188.4282  1.98189e-17  2.85605e-17  1.84435e-18    2366   428.807  2.32792e+16  0     
   8189.6284  2.07662e-17  2.95449e-17  1.87431e-18    2367   428.809  2.33011e+16  0     
   8190.8281  1.96963e-17  2.91650e-17  1.85063e-18    2368   428.810  2.33119e+16  0     
   8192.0283  1.88981e-17  2.92881e-17  1.83938e-18    2369   428.812  2.33195e+16  0     
   8193.2275  2.07129e-17  3.12879e-17  1.89984e-18    2370   428.813  2.33260e+16  0     
   8194.4277  1.98955e-17  3.05135e-17  1.87443e-18    2371   428.815  2.33325e+16  0     
   8195.6279  2.10126e-17  2.99874e-17  1.88354e-18    2372   428.817  2.33379e+16  0     
   8196.8271  2.11719e-17  2.92163e-17  1.87366e-18    2373   428.818  2.33422e+16  0     
   8198.0273  2.21193e-17  2.67387e-17  1.84909e-18    2374   428.820  2.33445e+16  0     
   8199.2275  2.25728e-17  2.57487e-17  1.84030e-18    2375   428.822  2.33476e+16  0     
   8200.4277  2.39086e-17  2.41001e-17  1.83504e-18    2376   428.823  2.33519e+16  0     
   8201.6270  2.10386e-17  2.34822e-17  1.77732e-18    2377   428.825  2.33585e+16  0     
   8202.8271  2.11644e-17  2.50637e-17  1.80526e-18    2378   428.826  2.33673e+16  0     
   8204.0273  2.09693e-17  2.49565e-17  1.79984e-18    2379   428.828  2.33773e+16  0     
   8205.2275  2.01883e-17  2.47051e-17  1.78203e-18    2380   428.830  2.33929e+16  0     
   8206.4268  2.16545e-17  2.61544e-17  1.82918e-18    2381   428.831  2.34099e+16  0     
   8207.6270  2.17396e-17  2.52137e-17  1.81459e-18    2382   428.833  2.34249e+16  0     
   8208.8271  1.88670e-17  2.53445e-17  1.76841e-18    2383   428.835  2.34435e+16  0     
   8210.0273  2.08827e-17  2.58305e-17  1.80892e-18    2384   428.836  2.34640e+16  0     
   8211.2275  1.93675e-17  2.48884e-17  1.76747e-18    2385   428.838  2.34819e+16  0     
   8212.4268  1.95269e-17  2.50372e-17  1.77188e-18    2386   428.840  2.34989e+16  0     
   8213.6270  2.25906e-17  2.43823e-17  1.81074e-18    2387   428.841  2.35182e+16  0     
   8214.8271  2.19571e-17  2.43908e-17  1.79963e-18    2388   428.843  2.35384e+16  0     
   8216.0273  2.06798e-17  2.55216e-17  1.79631e-18    2389   428.844  2.35593e+16  0     
   8217.2275  1.98291e-17  2.35706e-17  1.74876e-18    2390   428.846  2.35819e+16  0     
   8218.4268  2.17749e-17  2.41008e-17  1.78901e-18    2391   428.848  2.36035e+16  0     
   8219.6270  1.97144e-17  2.57055e-17  1.78054e-18    2392   428.849  2.36256e+16  0     
   8220.8271  2.05948e-17  2.47663e-17  1.77851e-18    2393   428.851  2.36500e+16  0.142 
   8222.0273  1.79641e-17  2.54195e-17  1.74447e-18    2394   428.853  2.36752e+16  0.142 
   8223.2275  1.95729e-17  2.43880e-17  1.75305e-18    2395   428.854  2.37007e+16  0.142 
   8224.4277  2.06316e-17  2.47463e-17  1.77544e-18    2396   428.856  2.37270e+16  0.142 
   8225.6279  2.13587e-17  2.40309e-17  1.77437e-18    2397   428.858  2.37562e+16  0.142 
   8226.8271  1.99873e-17  2.41298e-17  1.75205e-18    2398   428.859  2.37851e+16  0.142 
   8228.0273  1.77671e-17  2.33599e-17  1.70047e-18    2399   428.861  2.38094e+16  0.142 
   8229.2275  1.69539e-17  2.30219e-17  1.67970e-18    2400   428.862  2.38312e+16  0.142 
   8230.4277  1.98797e-17  2.29138e-17  1.72700e-18    2401   428.864  2.38524e+16  0.142 
   8231.6279  2.05076e-17  2.37932e-17  1.75140e-18    2402   428.866  2.38717e+16  0     
   8232.8281  1.92231e-17  2.30612e-17  1.71681e-18    2403   428.867  2.38901e+16  0     
   8234.0283  1.94548e-17  2.29189e-17  1.71753e-18    2404   428.869  2.39091e+16  0     
   8235.2285  2.02220e-17  2.37797e-17  1.74404e-18    2405   428.871  2.39281e+16  0     
   8236.4287  2.16149e-17  2.40316e-17  1.77039e-18    2406   428.872  2.39470e+16  0     
   8237.6279  1.97153e-17  2.42514e-17  1.74188e-18    2407   428.874  2.39655e+16  0     
   8238.8281  2.07833e-17  2.47359e-17  1.76676e-18    2408   428.876  2.39832e+16  0     
   8240.0283  1.96063e-17  2.59518e-17  1.76667e-18    2409   428.877  2.40004e+16  0     
   8241.2285  1.89727e-17  2.79140e-17  1.78751e-18    2410   428.879  2.40188e+16  0     
   8242.4287  2.28661e-17  2.86217e-17  1.85964e-18    2411   428.881  2.40369e+16  0     
   8243.6289  2.08002e-17  2.85818e-17  1.82584e-18    2412   428.882  2.40552e+16  0     
   8244.8291  1.92042e-17  2.90833e-17  1.80767e-18    2413   428.884  2.40735e+16  0     
   8246.0293  2.21696e-17  2.90214e-17  1.85269e-18    2414   428.886  2.40901e+16  0     
   8247.2295  1.85761e-17  2.87929e-17  1.79163e-18    2415   428.887  2.41043e+16  0     
   8248.4297  2.17878e-17  2.91961e-17  1.84831e-18    2416   428.889  2.41166e+16  0     
   8249.6299  1.72647e-17  2.84755e-17  1.76422e-18    2417   428.890  2.41284e+16  0     
   8250.8301  1.99415e-17  2.74291e-17  1.79008e-18    2418   428.892  2.41412e+16  0     
   8252.0303  1.91658e-17  2.74451e-17  1.77731e-18    2419   428.894  2.41534e+16  0     
   8253.2305  2.11283e-17  2.70937e-17  1.80275e-18    2420   428.895  2.41637e+16  0     
   8254.4307  1.79138e-17  2.58439e-17  1.72970e-18    2421   428.897  2.41736e+16  0     
   8255.6309  2.08656e-17  2.66906e-17  1.79120e-18    2422   428.899  2.41848e+16  0     
   8256.8311  2.02581e-17  2.59551e-17  1.76906e-18    2423   428.900  2.41960e+16  0     
   8258.0312  1.86197e-17  2.41493e-17  1.71181e-18    2424   428.902  2.42075e+16  0     
   8259.2314  2.03810e-17  2.46031e-17  1.74803e-18    2425   428.904  2.42194e+16  0     
   8260.4316  2.28312e-17  2.39108e-17  1.77616e-18    2426   428.905  2.42309e+16  0     
   8261.6318  2.04980e-17  2.36644e-17  1.73360e-18    2427   428.907  2.42413e+16  0     
   8262.8320  2.16622e-17  2.41932e-17  1.76097e-18    2428   428.909  2.42504e+16  0.142 
   8264.0322  1.99153e-17  2.40496e-17  1.72964e-18    2429   428.910  2.42579e+16  0.142 
   8265.2324  2.07109e-17  2.40087e-17  1.74181e-18    2430   428.912  2.42647e+16  0.142 
   8266.4326  1.95651e-17  2.44495e-17  1.72992e-18    2431   428.914  2.42713e+16  0     
   8267.6328  1.97179e-17  2.48825e-17  1.73926e-18    2432   428.915  2.42789e+16  0     
   8268.8330  1.90178e-17  2.52402e-17  1.73331e-18    2433   428.917  2.42865e+16  0     
   8270.0332  2.20588e-17  2.44005e-17  1.76886e-18    2434   428.919  2.42956e+16  0     
   8271.2344  1.95757e-17  2.48266e-17  1.73486e-18    2435   428.920  2.43065e+16  0     
   8272.4346  1.98078e-17  2.87024e-17  1.80079e-18    2436   428.922  2.43171e+16  0     
   8273.6348  2.16087e-17  3.54627e-17  1.93139e-18    2437   428.924  2.43261e+16  0     
   8274.8350  2.16570e-17  5.50615e-17  2.20228e-18    2438   428.925  2.43352e+16  0     
   8276.0352  2.25701e-17  8.21221e-17  2.53851e-18    2439   428.927  2.43442e+16  0     
   8277.2354  2.16345e-17  1.18462e-16  2.90872e-18    2440   428.929  2.43530e+16  0     
   8278.4355  2.02915e-17  1.60936e-16  3.28687e-18    2441   428.930  2.43593e+16  0     
   8279.6357  2.38603e-17  1.91998e-16  3.57427e-18    2442   428.932  2.43643e+16  0     
   8280.8359  1.90523e-17  2.08421e-16  3.66532e-18    2443   428.934  2.43694e+16  0     
   8282.0361  2.57644e-17  2.06046e-16  3.69822e-18    2444   428.935  2.43778e+16  0     
   8283.2363  1.85776e-17  2.04337e-16  3.62836e-18    2445   428.937  2.43866e+16  0     
   8284.4375  2.33565e-17  2.12432e-16  3.72765e-18    2446   428.939  2.43916e+16  0.142 
   8285.6377  1.92953e-17  2.32092e-16  3.84463e-18    2447   428.940  2.43954e+16  0.285 
   8286.8379  2.26175e-17  2.50917e-16  4.00477e-18    2448   428.942  2.44011e+16  0.285 
   8288.0381  1.91992e-17  2.60320e-16  4.04629e-18    2449   428.944  2.44104e+16  0.428 
   8289.2383  2.20655e-17  2.43913e-16  3.94913e-18    2450   428.946  2.44202e+16  0.428 
   8290.4385  2.09585e-17  2.12141e-16  3.70405e-18    2451   428.947  2.44299e+16  0.571 
   8291.6387  2.14328e-17  1.67647e-16  3.34864e-18    2452   428.949  2.44382e+16  0.571 
   8296.4404  2.47562e-17  2.58534e-16  4.06751e-18    2456   428.956  2.44713e+16  0.714 
   8297.6406  1.78005e-17  3.02253e-16  4.31554e-18    2457   428.957  2.44807e+16  0.714 
   8298.8408  1.90127e-17  3.07091e-16  4.35401e-18    2458   428.959  2.44928e+16  0.714 
   8300.0420  1.90357e-17  2.76409e-16  4.14848e-18    2459   428.961  2.45053e+16  0.571 
   8301.2422  1.96809e-17  2.14750e-16  3.70741e-18    2460   428.962  2.45173e+16  0.285 
   8302.4424  2.05315e-17  1.45092e-16  3.13716e-18    2461   428.964  2.45295e+16  0.142 
   8303.6426  2.62426e-17  8.69900e-17  2.62138e-18    2462   428.966  2.45421e+16  0     
   8304.8428  2.25978e-17  5.42838e-17  2.19343e-18    2463   428.967  2.45575e+16  0     
   8306.0439  2.03968e-17  5.14460e-17  2.12668e-18    2464   428.969  2.45742e+16  0     
   8307.2441  1.95234e-17  6.90048e-17  2.33711e-18    2465   428.971  2.45896e+16  0     
   8308.4443  1.98944e-17  8.74194e-17  2.55307e-18    2466   428.972  2.46071e+16  0     
   8309.6445  2.07558e-17  9.89821e-17  2.68578e-18    2467   428.974  2.46263e+16  0     
   8310.8447  2.03421e-17  1.05196e-16  2.74486e-18    2468   428.976  2.46457e+16  0     
   8312.0459  2.27925e-17  9.74623e-17  2.68903e-18    2469   428.978  2.46639e+16  0     
   8313.2461  1.85759e-17  8.14004e-17  2.46668e-18    2470   428.979  2.46805e+16  0     
   8314.4463  1.90643e-17  6.01972e-17  2.21706e-18    2471   428.981  2.46961e+16  0     
   8315.6465  1.86526e-17  4.32779e-17  1.98423e-18    2472   428.983  2.47158e+16  0     
   8316.8477  2.35986e-17  3.41170e-17  1.92257e-18    2473   428.984  2.47400e+16  0     
   8318.0479  1.85741e-17  3.17231e-17  1.80986e-18    2474   428.986  2.47678e+16  0     
   8319.2480  2.00164e-17  3.16073e-17  1.82901e-18    2475   428.988  2.47986e+16  0     
   8320.4482  2.31051e-17  3.03068e-17  1.85498e-18    2476   428.989  2.48270e+16  0     
   8321.6494  2.37460e-17  2.74434e-17  1.82010e-18    2477   428.991  2.48526e+16  0.142 
   8322.8496  2.14926e-17  2.67042e-17  1.77279e-18    2478   428.993  2.48715e+16  0.142 
   8324.0498  2.21526e-17  2.45419e-17  1.74844e-18    2479   428.995  2.48845e+16  0.142 
   8325.2510  2.11510e-17  2.47325e-17  1.73513e-18    2480   428.996  2.48925e+16  0.142 
   8326.4512  2.14223e-17  2.45955e-17  1.73713e-18    2481   428.998  2.48965e+16  0.285 
   8327.6514  2.30121e-17  2.45409e-17  1.76152e-18    2482   429.000  2.48985e+16  0.285 
   8328.8516  2.20604e-17  2.35171e-17  1.72983e-18    2483   429.001  2.49018e+16  0.285 
   8330.0527  2.09327e-17  2.39066e-17  1.71775e-18    2484   429.003  2.49051e+16  0.285 
   8331.2529  2.17353e-17  2.42631e-17  1.73634e-18    2485   429.005  2.49083e+16  0.428 
   8332.4531  2.30332e-17  2.37806e-17  1.74928e-18    2486   429.006  2.49109e+16  0.428 
   8333.6543  2.07602e-17  2.57003e-17  1.74373e-18    2487   429.008  2.49088e+16  0.428 
   8334.8545  2.01718e-17  2.73836e-17  1.76141e-18    2488   429.010  2.49023e+16  0.428 
   8336.0547  2.05048e-17  3.02680e-17  1.81207e-18    2489   429.012  2.48918e+16  0.428 
   8337.2559  1.88844e-17  3.56673e-17  1.86992e-18    2490   429.013  2.48782e+16  0.571 
   8338.4561  2.12411e-17  6.35933e-17  2.27840e-18    2491   429.015  2.48609e+16  0.428 
   8339.6562  1.95054e-17  1.47726e-16  3.13092e-18    2492   429.017  2.48408e+16  0.428 
   8340.8564  2.12448e-17  2.99890e-16  4.29231e-18    2493   429.018  2.48193e+16  0.428 
   8342.0576  1.33497e-17  4.64586e-16  5.21764e-18    2494   429.020  2.47966e+16  0.571 
   8343.2578  2.16882e-17  5.89564e-16  5.89253e-18    2495   429.022  2.47749e+16  0.428 
   8344.4590  1.63759e-17  6.45176e-16  6.12869e-18    2496   429.024  2.47624e+16  0.428 
   8345.6592  1.14106e-17  6.11115e-16  5.94771e-18    2497   429.025  2.47601e+16  0.428 
   8346.8594  1.53294e-17  4.97863e-16  5.40650e-18    2498   429.027  2.47702e+16  0.428 
   8348.0605  1.56048e-17  3.64002e-16  4.66058e-18    2499   429.029  2.47914e+16  0.428 
   8349.2607  1.54660e-17  2.66988e-16  4.03194e-18    2500   429.030  2.48235e+16  0.428 
   8350.4609  2.05475e-17  2.23890e-16  3.75588e-18    2501   429.032  2.48625e+16  0.428 
   8351.6621  2.26929e-17  2.29061e-16  3.80633e-18    2502   429.034  2.49079e+16  0.428 
   8352.8623  1.77197e-17  2.33859e-16  3.80156e-18    2503   429.036  2.49521e+16  0.428 
   8354.0625  1.71280e-17  2.16275e-16  3.66306e-18    2504   429.037  2.49921e+16  0.428 
   8355.2637  2.28398e-17  1.75046e-16  3.38061e-18    2505   429.039  2.50248e+16  0.428 
   8356.4639  1.48704e-17  1.19305e-16  2.80773e-18    2506   429.041  2.50527e+16  0.428 
   8357.6641  1.84769e-17  7.64057e-17  2.38728e-18    2507   429.042  2.50766e+16  0.285 
   8358.8652  2.38963e-17  5.02370e-17  2.13180e-18    2508   429.044  2.51034e+16  0.285 
   8360.0654  2.05858e-17  5.36711e-17  2.13209e-18    2509   429.046  2.51317e+16  0.285 
   8361.2666  2.16763e-17  7.08081e-17  2.35508e-18    2510   429.048  2.51600e+16  0.285 
   8362.4668  2.21216e-17  8.77031e-17  2.54843e-18    2511   429.049  2.51931e+16  0.142 
   8363.6670  1.86874e-17  9.95447e-17  2.63576e-18    2512   429.051  2.52299e+16  0.142 
   8364.8682  1.72154e-17  1.00912e-16  2.63284e-18    2513   429.053  2.52628e+16  0.142 
   8366.0684  1.72826e-17  9.21953e-17  2.53928e-18    2514   429.054  2.52934e+16  0.142 
   8367.2695  1.68765e-17  7.61579e-17  2.35344e-18    2515   429.056  2.53202e+16  0     
   8368.4697  2.21237e-17  5.61874e-17  2.17397e-18    2516   429.058  2.53443e+16  0     
   8369.6699  2.05985e-17  4.02162e-17  1.94019e-18    2517   429.060  2.53626e+16  0     
   8370.8711  2.16846e-17  3.07462e-17  1.81729e-18    2518   429.061  2.53808e+16  0     
   8372.0713  2.07629e-17  2.79432e-17  1.75961e-18    2519   429.063  2.53988e+16  0     
   8373.2725  2.28131e-17  2.70527e-17  1.77670e-18    2520   429.065  2.54199e+16  0     
   8374.4727  2.16736e-17  2.88972e-17  1.78662e-18    2521   429.067  2.54419e+16  0     
   8375.6729  2.08102e-17  3.29280e-17  1.83346e-18    2522   429.068  2.54644e+16  0     
   8376.8740  2.14246e-17  4.53765e-17  2.01749e-18    2523   429.070  2.54859e+16  0     
   8378.0742  2.46350e-17  7.31145e-17  2.39812e-18    2524   429.072  2.55100e+16  0     
   8379.2754  1.75274e-17  1.10161e-16  2.71521e-18    2525   429.074  2.55383e+16  0     
   8380.4756  2.25901e-17  1.42589e-16  3.06591e-18    2526   429.075  2.55680e+16  0     
   8381.6768  1.95052e-17  1.61388e-16  3.20057e-18    2527   429.077  2.55914e+16  0     
   8382.8770  2.46181e-17  1.61002e-16  3.23906e-18    2528   429.079  2.56118e+16  0     
   8384.0771  2.31830e-17  1.39332e-16  3.03846e-18    2529   429.080  2.56287e+16  0     
   8385.2783  1.85001e-17  1.06341e-16  2.68084e-18    2530   429.082  2.56411e+16  0     
   8386.4785  2.06838e-17  6.93186e-17  2.30172e-18    2531   429.084  2.56494e+16  0     
   8387.6797  2.16617e-17  4.35316e-17  1.98837e-18    2532   429.086  2.56546e+16  0     
   8388.8799  2.24524e-17  3.17251e-17  1.83211e-18    2533   429.087  2.56589e+16  0     
   8390.0811  2.50244e-17  2.91740e-17  1.83218e-18    2534   429.089  2.56649e+16  0     
   8391.2812  2.03257e-17  3.00497e-17  1.77450e-18    2535   429.091  2.56730e+16  0     
   8392.4824  2.19886e-17  3.50711e-17  1.87317e-18    2536   429.093  2.56840e+16  0     
   8393.6826  2.06558e-17  6.49680e-17  2.24729e-18    2537   429.094  2.56985e+16  0     
   8394.8838  2.36802e-17  1.50114e-16  3.13198e-18    2538   429.096  2.57143e+16  0     
   8396.0840  1.64400e-17  2.71485e-16  3.99560e-18    2539   429.098  2.57284e+16  0     
   8397.2852  1.80293e-17  3.82692e-16  4.69500e-18    2540   429.100  2.57407e+16  0     
   8398.4854  1.66054e-17  4.52168e-16  5.06983e-18    2541   429.101  2.57523e+16  0     
   8399.6865  1.19471e-17  4.60549e-16  5.08832e-18    2542   429.103  2.57649e+16  0     
   8400.8867  2.81218e-17  3.97876e-16  4.83455e-18    2543   429.105  2.57775e+16  0     
   8402.0879  2.22087e-17  2.90608e-16  4.15527e-18    2544   429.107  2.57897e+16  0     
   8403.2881  2.78912e-17  1.70858e-16  3.33452e-18    2545   429.108  2.57993e+16  0     
   8404.4893  1.97840e-17  8.08167e-17  2.41518e-18    2546   429.110  2.58082e+16  0     
   8405.6895  2.16820e-17  3.84743e-17  1.91183e-18    2547   429.112  2.58172e+16  0     
   8406.8906  2.12774e-17  2.80826e-17  1.75308e-18    2548   429.114  2.58247e+16  0     
   8408.0908  2.16067e-17  2.74183e-17  1.74758e-18    2549   429.115  2.58340e+16  0     
   8409.2910  2.00036e-17  3.46934e-17  1.83234e-18    2550   429.117  2.58443e+16  0     
   8410.4922  2.27335e-17  5.63804e-17  2.16055e-18    2551   429.119  2.58526e+16  0     
   8411.6934  2.33158e-17  9.94722e-17  2.64821e-18    2552   429.121  2.58571e+16  0     
   8412.8936  2.43221e-17  1.45778e-16  3.09099e-18    2553   429.122  2.58575e+16  0     
   8414.0947  2.22405e-17  1.78391e-16  3.34584e-18    2554   429.124  2.58563e+16  0     
   8415.2949  1.64940e-17  1.89847e-16  3.39136e-18    2555   429.126  2.58564e+16  0     
   8416.4961  1.63916e-17  1.78296e-16  3.29772e-18    2556   429.128  2.58573e+16  0     
   8417.6963  2.31278e-17  1.43327e-16  3.05902e-18    2557   429.129  2.58597e+16  0     
   8418.8975  2.17532e-17  9.84593e-17  2.62180e-18    2558   429.131  2.58601e+16  0     
   8420.0977  1.77303e-17  5.91189e-17  2.13186e-18    2559   429.133  2.58603e+16  0     
   8421.2988  1.98795e-17  3.82703e-17  1.88157e-18    2560   429.135  2.58619e+16  0     
   8422.4990  1.80377e-17  3.47974e-17  1.80398e-18    2561   429.136  2.58657e+16  0     
   8423.7002  2.37403e-17  4.32523e-17  2.00343e-18    2562   429.138  2.58706e+16  0     
   8424.9004  2.48636e-17  9.04485e-17  2.57013e-18    2563   429.140  2.58788e+16  0     
   8426.1016  2.61028e-17  1.95799e-16  3.51004e-18    2564   429.142  2.58906e+16  0     
   8427.3018  1.82724e-17  3.34299e-16  4.39563e-18    2565   429.143  2.59017e+16  0.142 
   8428.5029  2.27839e-17  4.51024e-16  5.08052e-18    2566   429.145  2.59123e+16  0.285 
   8429.7031  2.53069e-17  5.20072e-16  5.44430e-18    2567   429.147  2.59187e+16  0.428 
   8430.9043  2.25696e-17  5.08511e-16  5.37317e-18    2568   429.149  2.59216e+16  0.428 
   8432.1055  1.77624e-17  4.32444e-16  4.95325e-18    2569   429.150  2.59248e+16  0.428 
   8433.3057  2.25870e-17  3.05877e-16  4.24386e-18    2570   429.152  2.59278e+16  0.428 
   8434.5068  1.95911e-17  1.72757e-16  3.27359e-18    2571   429.154  2.59338e+16  0.428 
   8435.7070  1.86821e-17  8.06592e-17  2.39435e-18    2572   429.156  2.59441e+16  0.285 
   8436.9082  2.05840e-17  4.01739e-17  1.91448e-18    2573   429.158  2.59578e+16  0     
   8438.1084  2.04570e-17  3.04778e-17  1.77129e-18    2574   429.159  2.59738e+16  0     
   8439.3096  2.10362e-17  2.69652e-17  1.72564e-18    2575   429.161  2.59950e+16  0     
   8440.5098  2.51337e-17  2.47256e-17  1.75328e-18    2576   429.163  2.60183e+16  0     
   8441.7109  1.94363e-17  2.53714e-17  1.67368e-18    2577   429.165  2.60435e+16  0     
   8442.9121  2.19506e-17  2.61556e-17  1.72455e-18    2578   429.166  2.60669e+16  0     
   8444.1123  2.30310e-17  2.86602e-17  1.77830e-18    2579   429.168  2.60868e+16  0     
   8445.3135  2.37777e-17  3.03356e-17  1.81349e-18    2580   429.170  2.61049e+16  0     
   8446.5137  2.39017e-17  3.96415e-17  1.94633e-18    2581   429.172  2.61190e+16  0     
   8447.7148  2.42738e-17  6.32892e-17  2.25012e-18    2582   429.173  2.61305e+16  0     
   8448.9150  2.40840e-17  9.98103e-17  2.64399e-18    2583   429.175  2.61426e+16  0     
   8450.1162  2.27428e-17  1.37001e-16  2.98179e-18    2584   429.177  2.61546e+16  0     
   8451.3174  1.95640e-17  1.64084e-16  3.18669e-18    2585   429.179  2.61680e+16  0     
   8452.5176  2.14569e-17  1.66980e-16  3.22547e-18    2586   429.181  2.61814e+16  0     
   8453.7188  2.30771e-17  1.49561e-16  3.09204e-18    2587   429.182  2.61941e+16  0     
   8454.9189  2.07410e-17  1.16640e-16  2.77272e-18    2588   429.184  2.62047e+16  0     
   8456.1201  1.94019e-17  7.92313e-17  2.37320e-18    2589   429.186  2.62144e+16  0     
   8457.3203  2.54124e-17  4.64048e-17  2.05180e-18    2590   429.188  2.62224e+16  0     
   8458.5215  2.41686e-17  3.41906e-17  1.86981e-18    2591   429.189  2.62285e+16  0     
   8459.7227  2.13159e-17  5.41086e-17  2.09719e-18    2592   429.191  2.62373e+16  0     
   8460.9229  2.65204e-17  1.15496e-16  2.81434e-18    2593   429.193  2.62461e+16  0     
   8462.1240  2.25747e-17  2.09091e-16  3.55839e-18    2594   429.195  2.62509e+16  0     
   8463.3242  2.99082e-17  3.00568e-16  4.22934e-18    2595   429.197  2.62549e+16  0     
   8464.5254  1.77590e-17  3.62363e-16  4.52897e-18    2596   429.198  2.62574e+16  0     
   8465.7266  1.67874e-17  3.70018e-16  4.56776e-18    2597   429.200  2.62581e+16  0     
   8466.9268  2.57252e-17  3.25767e-16  4.35875e-18    2598   429.202  2.62553e+16  0     
   8468.1279  2.12643e-17  2.44350e-16  3.80250e-18    2599   429.204  2.62498e+16  0     
   8469.3281  1.61367e-17  1.50946e-16  3.04104e-18    2600   429.206  2.62435e+16  0     
   8470.5293  2.08683e-17  7.45070e-17  2.33552e-18    2601   429.207  2.62358e+16  0     
   8471.7305  2.23351e-17  4.03343e-17  1.92986e-18    2602   429.209  2.62287e+16  0     
   8472.9307  2.21060e-17  3.34264e-17  1.82942e-18    2603   429.211  2.62265e+16  0     
   8474.1318  2.08724e-17  3.33146e-17  1.80984e-18    2604   429.213  2.62264e+16  0     
   8475.3320  2.39944e-17  3.25765e-17  1.84454e-18    2605   429.214  2.62226e+16  0     
   8476.5332  2.18880e-17  3.03459e-17  1.78138e-18    2606   429.216  2.62174e+16  0     
   8477.7344  2.07098e-17  2.74998e-17  1.72071e-18    2607   429.218  2.62120e+16  0     
   8478.9346  2.10922e-17  2.52008e-17  1.69115e-18    2608   429.220  2.62063e+16  0     
   8480.1357  2.04342e-17  2.28311e-17  1.64323e-18    2609   429.222  2.62006e+16  0     
   8481.3359  2.07336e-17  2.23529e-17  1.64054e-18    2610   429.223  2.61951e+16  0     
   8482.5371  1.98836e-17  2.14894e-17  1.61282e-18    2611   429.225  2.61894e+16  0     
   8483.7383  2.28275e-17  2.24316e-17  1.67571e-18    2612   429.227  2.61833e+16  0     
   8484.9385  2.20341e-17  2.20179e-17  1.65678e-18    2613   429.229  2.61754e+16  0     
   8486.1396  2.28820e-17  2.37619e-17  1.69813e-18    2614   429.231  2.61660e+16  0     
   8487.3408  2.14298e-17  2.76508e-17  1.73620e-18    2615   429.232  2.61552e+16  0     
   8488.5410  2.20457e-17  3.87009e-17  1.90670e-18    2616   429.234  2.61447e+16  0     
   8489.7422  2.15173e-17  6.07157e-17  2.18603e-18    2617   429.236  2.61356e+16  0     
   8490.9424  2.15320e-17  8.88953e-17  2.50568e-18    2618   429.238  2.61302e+16  0     
   8492.1436  2.21005e-17  1.09415e-16  2.72050e-18    2619   429.240  2.61241e+16  0     
   8493.3447  2.08191e-17  1.16794e-16  2.77970e-18    2620   429.241  2.61195e+16  0     
   8494.5449  1.88383e-17  1.13376e-16  2.72776e-18    2621   429.243  2.61161e+16  0     
   8495.7461  1.72957e-17  9.61151e-17  2.53800e-18    2622   429.245  2.61133e+16  0.125 
   8496.9473  2.18071e-17  6.98331e-17  2.29879e-18    2623   429.247  2.61091e+16  0.25  
   8498.1475  2.09995e-17  5.01340e-17  2.04800e-18    2624   429.249  2.61048e+16  0.25  
   8499.3486  2.43812e-17  4.98240e-17  2.08777e-18    2625   429.250  2.60991e+16  0.25  
   8500.5488  2.51055e-17  8.35886e-17  2.48914e-18    2626   429.252  2.60925e+16  0.25  
   8501.7500  3.93533e-17  1.35087e-16  3.11417e-18    2627   429.254  2.60857e+16  0     
   8502.9512  2.65535e-17  1.85151e-16  3.41834e-18    2628   429.256  2.60794e+16  0     
   8504.1514  1.97195e-17  2.11395e-16  3.56666e-18    2629   429.258  2.60748e+16  0     
   8505.3525  2.24649e-17  2.14985e-16  3.61383e-18    2630   429.259  2.60724e+16  0     
   8506.5537  1.71968e-17  1.89927e-16  3.38284e-18    2631   429.261  2.60739e+16  0     
   8507.7539  2.28254e-17  1.40837e-16  3.02112e-18    2632   429.263  2.60777e+16  0     
   8508.9551  2.12819e-17  8.65259e-17  2.48018e-18    2633   429.265  2.60820e+16  0     
   8510.1562  1.77316e-17  4.61004e-17  1.95175e-18    2634   429.267  2.60832e+16  0     
   8511.3564  2.09737e-17  2.73430e-17  1.72721e-18    2635   429.269  2.60826e+16  0     
   8512.5576  2.19350e-17  2.48161e-17  1.70297e-18    2636   429.270  2.60809e+16  0     
   8513.7578  1.83034e-17  2.29389e-17  1.61455e-18    2637   429.272  2.60805e+16  0     
   8514.9590  2.27428e-17  2.28844e-17  1.68517e-18    2638   429.274  2.60845e+16  0     
   8516.1602  2.37014e-17  2.29932e-17  1.70172e-18    2639   429.276  2.60906e+16  0     
   8517.3604  2.13341e-17  2.37797e-17  1.67657e-18    2640   429.278  2.60971e+16  0     
   8518.5615  2.39425e-17  2.56239e-17  1.74558e-18    2641   429.279  2.61033e+16  0     
   8519.7627  2.13457e-17  2.56316e-17  1.70540e-18    2642   429.281  2.61103e+16  0     
   8520.9629  2.31547e-17  2.63587e-17  1.74423e-18    2643   429.283  2.61175e+16  0     
   8522.1641  2.58961e-17  2.53857e-17  1.77072e-18    2644   429.285  2.61244e+16  0     
   8523.3652  2.31220e-17  2.55296e-17  1.73052e-18    2645   429.287  2.61314e+16  0     
   8524.5654  2.49083e-17  2.35351e-17  1.72703e-18    2646   429.289  2.61393e+16  0     
   8525.7666  2.34820e-17  2.28167e-17  1.69340e-18    2647   429.290  2.61478e+16  0     
   8526.9678  2.18382e-17  2.15483e-17  1.64671e-18    2648   429.292  2.61580e+16  0     
   8528.1680  2.16203e-17  2.13401e-17  1.63934e-18    2649   429.294  2.61717e+16  0     
   8529.3691  2.02100e-17  2.16465e-17  1.62094e-18    2650   429.296  2.61840e+16  0     
   8530.5693  2.10755e-17  2.18804e-17  1.63839e-18    2651   429.298  2.61960e+16  0     
   8531.7705  2.06488e-17  2.16316e-17  1.62700e-18    2652   429.299  2.62079e+16  0     
   8532.9717  2.37548e-17  2.36518e-17  1.70789e-18    2653   429.301  2.62229e+16  0     
   8534.1719  1.89256e-17  3.01501e-17  1.73286e-18    2654   429.303  2.62420e+16  0     
   8535.3730  2.04966e-17  4.11531e-17  1.91422e-18    2655   429.305  2.62681e+16  0     
   8536.5742  2.35294e-17  5.34379e-17  2.11371e-18    2656   429.307  2.63026e+16  0     
   8537.7744  1.63649e-17  6.21189e-17  2.13092e-18    2657   429.309  2.63401e+16  0     
   8538.9756  2.36564e-17  6.25141e-17  2.22233e-18    2658   429.310  2.63763e+16  0     
   8540.1768  2.00683e-17  5.97512e-17  2.14434e-18    2659   429.312  2.64086e+16  0     
   8541.3770  2.34528e-17  5.11353e-17  2.07791e-18    2660   429.314  2.64389e+16  0     
   8542.5781  2.20922e-17  4.13141e-17  1.93019e-18    2661   429.316  2.64687e+16  0     
   8543.7783  2.24832e-17  4.06625e-17  1.92550e-18    2662   429.318  2.64971e+16  0     
   8544.9795  2.38682e-17  5.65094e-17  2.14607e-18    2663   429.320  2.65244e+16  0     
   8546.1807  1.92159e-17  7.85616e-17  2.34767e-18    2664   429.321  2.65475e+16  0     
   8547.3809  2.16828e-17  9.65806e-17  2.56535e-18    2665   429.323  2.65562e+16  0     
   8548.5820  1.90416e-17  1.07415e-16  2.64717e-18    2666   429.325  2.65636e+16  0     
   8549.7832  2.20340e-17  1.01711e-16  2.61986e-18    2667   429.327  2.65712e+16  0     
   8550.9834  2.12832e-17  8.83069e-17  2.47421e-18    2668   429.329  2.65796e+16  0     
   8552.1846  2.42994e-17  6.42849e-17  2.24097e-18    2669   429.331  2.65900e+16  0     
   8553.3857  2.28894e-17  4.32503e-17  1.96145e-18    2670   429.332  2.66045e+16  0     
   8554.5859  2.20399e-17  3.02416e-17  1.76676e-18    2671   429.334  2.66225e+16  0     
   8555.7871  2.54080e-17  2.44185e-17  1.72939e-18    2672   429.336  2.66427e+16  0     
   8556.9883  2.05260e-17  2.26711e-17  1.62571e-18    2673   429.338  2.66627e+16  0     
   8558.1885  2.03266e-17  2.25319e-17  1.61958e-18    2674   429.340  2.66825e+16  0     
   8559.3896  2.16951e-17  2.04725e-17  1.60764e-18    2675   429.342  2.67054e+16  0     
   8560.5898  2.30957e-17  2.11675e-17  1.64035e-18    2676   429.343  2.67295e+16  0     
   8561.7910  2.11502e-17  2.16930e-17  1.61693e-18    2677   429.345  2.67515e+16  0     
   8562.9922  2.29851e-17  2.08421e-17  1.63188e-18    2678   429.347  2.67738e+16  0     
   8564.1924  2.41341e-17  2.07142e-17  1.64728e-18    2679   429.349  2.67950e+16  0     
   8565.3936  2.24068e-17  2.08228e-17  1.62092e-18    2680   429.351  2.68150e+16  0     
   8566.5947  1.98744e-17  2.22802e-17  1.60294e-18    2681   429.353  2.68358e+16  0     
   8567.7949  2.25204e-17  2.16904e-17  1.63497e-18    2682   429.355  2.68595e+16  0     
   8568.9961  2.06587e-17  2.25907e-17  1.61886e-18    2683   429.356  2.68835e+16  0     
   8570.1973  2.38695e-17  2.30473e-17  1.67561e-18    2684   429.358  2.69047e+16  0     
   8571.3975  2.38660e-17  2.37347e-17  1.68542e-18    2685   429.360  2.69242e+16  0     
   8572.5986  2.31519e-17  2.51943e-17  1.69613e-18    2686   429.362  2.69428e+16  0     
   8573.7998  2.12862e-17  2.59397e-17  1.67839e-18    2687   429.364  2.69605e+16  0     
   8575.0000  1.99480e-17  2.65795e-17  1.66706e-18    2688   429.366  2.69767e+16  0     
   8576.2012  2.19192e-17  2.61599e-17  1.69029e-18    2689   429.367  2.69927e+16  0     
   8577.4014  1.91836e-17  2.59577e-17  1.64437e-18    2690   429.369  2.70096e+16  0     
   8578.6025  1.84850e-17  2.48372e-17  1.61517e-18    2691   429.371  2.70244e+16  0     
   8579.8037  2.26048e-17  2.25378e-17  1.64336e-18    2692   429.373  2.70393e+16  0     
   8581.0039  2.21833e-17  2.20580e-17  1.62871e-18    2693   429.375  2.70540e+16  0     
   8582.2051  2.08955e-17  2.24145e-17  1.61345e-18    2694   429.377  2.70692e+16  0     
   8583.4062  2.21419e-17  2.43102e-17  1.66214e-18    2695   429.379  2.70840e+16  0     
   8584.6064  2.28041e-17  2.97604e-17  1.75345e-18    2696   429.380  2.70963e+16  0     
   8585.8076  2.30201e-17  3.66642e-17  1.85413e-18    2697   429.382  2.71087e+16  0     
   8587.0078  2.17552e-17  4.22730e-17  1.91277e-18    2698   429.384  2.71197e+16  0     
   8588.2090  2.22537e-17  4.42342e-17  1.94504e-18    2699   429.386  2.71295e+16  0     
   8589.4102  2.19522e-17  4.31379e-17  1.92613e-18    2700   429.388  2.71404e+16  0     
   8590.6104  2.40265e-17  3.96680e-17  1.90711e-18    2701   429.390  2.71505e+16  0     
   8591.8115  2.15137e-17  3.60130e-17  1.82211e-18    2702   429.392  2.71610e+16  0     
   8593.0127  2.15550e-17  3.62065e-17  1.82505e-18    2703   429.393  2.71705e+16  0     
   8594.2129  2.04240e-17  4.27014e-17  1.89838e-18    2704   429.395  2.71784e+16  0     
   8595.4141  1.94067e-17  5.04884e-17  1.98709e-18    2705   429.397  2.71863e+16  0     
   8596.6152  1.85224e-17  5.39252e-17  2.01932e-18    2706   429.399  2.71942e+16  0     
   8597.8154  2.24339e-17  5.27321e-17  2.05301e-18    2707   429.401  2.72039e+16  0     
   8599.0166  2.08970e-17  4.94297e-17  1.99149e-18    2708   429.403  2.72149e+16  0     
   8600.2168  2.32779e-17  4.06021e-17  1.90688e-18    2709   429.405  2.72206e+16  0     
   8601.4180  2.00559e-17  3.28368e-17  1.75348e-18    2710   429.407  2.72275e+16  0     
   8602.6191  2.07245e-17  2.54027e-17  1.65166e-18    2711   429.408  2.72415e+16  0     
   8603.8193  2.09792e-17  2.42960e-17  1.63780e-18    2712   429.410  2.72608e+16  0     
   8605.0205  2.02589e-17  2.37789e-17  1.61768e-18    2713   429.412  2.72830e+16  0     
   8606.2217  2.07738e-17  2.54469e-17  1.65094e-18    2714   429.414  2.73045e+16  0     
   8607.4219  2.12145e-17  2.55614e-17  1.65878e-18    2715   429.416  2.73245e+16  0     
   8608.6230  2.37330e-17  2.72013e-17  1.72066e-18    2716   429.418  2.73428e+16  0     
   8609.8232  2.15675e-17  2.93705e-17  1.72007e-18    2717   429.420  2.73611e+16  0     
   8611.0244  1.82063e-17  3.37308e-17  1.73400e-18    2718   429.422  2.73821e+16  0     
   8612.2256  2.15428e-17  3.72610e-17  1.83092e-18    2719   429.423  2.74027e+16  0     
   8613.4258  2.24889e-17  4.26851e-17  1.91627e-18    2720   429.425  2.74233e+16  0     
   8614.6270  2.14268e-17  4.80576e-17  1.97167e-18    2721   429.427  2.74420e+16  0     
   8615.8271  2.38902e-17  5.38027e-17  2.07360e-18    2722   429.429  2.74604e+16  0     
   8617.0283  2.29532e-17  6.28947e-17  2.16992e-18    2723   429.431  2.74803e+16  0     
   8618.2295  2.36565e-17  6.98923e-17  2.25686e-18    2724   429.433  2.75023e+16  0     
   8619.4297  2.04893e-17  7.89018e-17  2.32032e-18    2725   429.435  2.75241e+16  0     
   8620.6309  2.21634e-17  8.78463e-17  2.43206e-18    2726   429.437  2.75451e+16  0     
   8621.8311  2.41758e-17  9.68617e-17  2.54274e-18    2727   429.438  2.75670e+16  0     
   8623.0322  1.99730e-17  1.05407e-16  2.58418e-18    2728   429.440  2.75917e+16  0     
   8624.2334  2.05875e-17  1.12169e-16  2.65382e-18    2729   429.442  2.76160e+16  0     
   8625.4336  2.18174e-17  1.18355e-16  2.72204e-18    2730   429.444  2.76384e+16  0     
   8626.6348  2.56954e-17  1.25284e-16  2.81906e-18    2731   429.446  2.76566e+16  0     
   8627.8350  1.74075e-17  1.29502e-16  2.78171e-18    2732   429.448  2.76730e+16  0     
   8629.0361  1.98416e-17  1.32223e-16  2.82706e-18    2733   429.450  2.76873e+16  0     
   8630.2363  2.17815e-17  1.30001e-16  2.82388e-18    2734   429.452  2.77000e+16  0     
   8631.4375  2.14803e-17  1.29558e-16  2.81671e-18    2735   429.453  2.77105e+16  0     
   8632.6387  2.85587e-17  1.25422e-16  2.84227e-18    2736   429.455  2.77199e+16  0     
   8633.8389  2.00067e-17  1.20781e-16  2.72304e-18    2737   429.457  2.77285e+16  0.25  
   8635.0400  2.30516e-17  1.10875e-16  2.65870e-18    2738   429.459  2.77384e+16  0     
   8636.2402  1.98674e-17  1.03116e-16  2.55311e-18    2739   429.461  2.77481e+16  0     
   8637.4414  2.12216e-17  9.47578e-17  2.48301e-18    2740   429.463  2.77585e+16  0.125 
   8638.6426  2.01019e-17  8.62993e-17  2.38402e-18    2741   429.465  2.77702e+16  0.25  
   8639.8428  2.61463e-17  7.70915e-17  2.35005e-18    2742   429.467  2.77826e+16  0.375 
   8641.0439  2.24974e-17  6.78689e-17  2.20843e-18    2743   429.469  2.77935e+16  0.375 
   8642.2441  2.42992e-17  5.94381e-17  2.13177e-18    2744   429.470  2.78017e+16  0.5   
   8643.4453  2.05691e-17  5.49386e-17  2.03285e-18    2745   429.472  2.78071e+16  0.625 
   8644.6455  2.14514e-17  5.38639e-17  2.03038e-18    2746   429.474  2.78098e+16  0.75  
   8647.0479  2.01568e-17  7.26398e-17  2.23511e-18    2748   429.478  2.78087e+16  0.75  
   8648.2480  2.43378e-17  8.60164e-17  2.42348e-18    2749   429.480  2.78057e+16  0.75  
   8649.4492  2.25879e-17  1.02643e-16  2.57239e-18    2750   429.482  2.78024e+16  0.625 
   8650.6494  1.73147e-17  1.12511e-16  2.61662e-18    2751   429.484  2.78024e+16  0.5   
   8651.8506  2.01357e-17  1.22242e-16  2.73368e-18    2752   429.486  2.78052e+16  0.375 
   8653.0508  2.43399e-17  1.25773e-16  2.80336e-18    2753   429.488  2.78070e+16  0.375 
   8654.2520  1.96450e-17  1.26259e-16  2.76535e-18    2754   429.489  2.78121e+16  0.25  
   8655.4521  2.39562e-17  1.25354e-16  2.79565e-18    2755   429.491  2.78175e+16  0.125 
   8656.6533  1.88288e-17  1.28925e-16  2.78140e-18    2756   429.493  2.78235e+16  0.125 
   8657.8535  1.56904e-17  1.32314e-16  2.78341e-18    2757   429.495  2.78281e+16  0     
   8659.0547  2.25276e-17  1.28243e-16  2.80787e-18    2758   429.497  2.78325e+16  0     
   8660.2559  2.12455e-17  1.24495e-16  2.76259e-18    2759   429.499  2.78365e+16  0     
   8661.4561  2.26942e-17  1.23456e-16  2.76595e-18    2760   429.501  2.78431e+16  0     
   8662.6572  2.11188e-17  1.22152e-16  2.73942e-18    2761   429.503  2.78516e+16  0     
   8663.8574  2.15921e-17  1.16233e-16  2.68901e-18    2762   429.505  2.78594e+16  0     
   8665.0586  2.45779e-17  1.12310e-16  2.67991e-18    2763   429.507  2.78673e+16  0     
   8666.2588  2.21436e-17  1.07405e-16  2.61037e-18    2764   429.508  2.78755e+16  0     
   8667.4600  2.37544e-17  1.09694e-16  2.64691e-18    2765   429.510  2.78839e+16  0.04  
   8668.6602  1.87923e-17  1.04044e-16  2.54458e-18    2766   429.512  2.78946e+16  0.05  
   8669.8613  2.36351e-17  9.49615e-17  2.50226e-18    2767   429.514  2.79052e+16  0.091 
   8671.0615  2.23469e-17  8.88733e-17  2.42723e-18    2768   429.516  2.79173e+16  0.101 
   8672.2627  1.88851e-17  8.81413e-17  2.38336e-18    2769   429.518  2.79283e+16  0.101 
   8673.4629  2.20223e-17  8.25787e-17  2.35741e-18    2770   429.520  2.79398e+16  0.101 
   8674.6641  2.58353e-17  7.46082e-17  2.31272e-18    2771   429.522  2.79498e+16  0.142 
   8675.8643  2.13326e-17  6.97709e-17  2.20979e-18    2772   429.524  2.79570e+16  0.111 
   8677.0654  2.29178e-17  6.78407e-17  2.20581e-18    2773   429.526  2.79594e+16  0.101 
   8678.2656  1.93634e-17  6.40999e-17  2.12197e-18    2774   429.528  2.79621e+16  0.101 
   8679.4668  2.06296e-17  6.01348e-17  2.08994e-18    2775   429.529  2.79672e+16  0.142 
   8680.6680  1.90774e-17  5.50217e-17  2.00907e-18    2776   429.531  2.79700e+16  0.152 
   8681.8682  2.24496e-17  5.11870e-17  2.00326e-18    2777   429.533  2.79721e+16  0.152 
   8683.0684  2.13496e-17  5.08062e-17  1.98491e-18    2778   429.535  2.79701e+16  0.111 
   8684.2695  1.92864e-17  4.77320e-17  1.91968e-18    2779   429.537  2.79672e+16  0.101 
   8685.4697  2.26310e-17  4.27761e-17  1.89877e-18    2780   429.539  2.79660e+16  0.101 
   8686.6709  2.19333e-17  3.93923e-17  1.84446e-18    2781   429.541  2.79704e+16  0.101 
   8687.8711  2.15951e-17  3.80194e-17  1.82113e-18    2782   429.543  2.79746e+16  0.061 
   8689.0723  2.25145e-17  3.76666e-17  1.82868e-18    2783   429.545  2.79790e+16  0.01  
   8690.2725  2.28705e-17  3.63141e-17  1.81495e-18    2784   429.547  2.79832e+16  0     
   8691.4736  2.26747e-17  3.52616e-17  1.79763e-18    2785   429.549  2.79880e+16  0     
   8692.6738  2.10839e-17  3.31528e-17  1.74573e-18    2786   429.551  2.79907e+16  0     
   8693.8750  2.08799e-17  3.32925e-17  1.74478e-18    2787   429.553  2.79916e+16  0     
   8695.0752  1.95744e-17  3.40714e-17  1.73722e-18    2788   429.554  2.79933e+16  0     
   8696.2764  2.16820e-17  3.37801e-17  1.76275e-18    2789   429.556  2.79994e+16  0     
   8697.4766  2.33730e-17  3.53905e-17  1.80833e-18    2790   429.558  2.80070e+16  0     
   8698.6777  2.30240e-17  3.58661e-17  1.80980e-18    2791   429.560  2.80145e+16  0     
   8699.8779  2.16928e-17  3.70018e-17  1.80690e-18    2792   429.562  2.80205e+16  0     
   8701.0791  2.18766e-17  3.76364e-17  1.81797e-18    2793   429.564  2.80240e+16  0     
   8702.2793  2.30926e-17  3.62583e-17  1.81567e-18    2794   429.566  2.80264e+16  0     
   8703.4805  2.29518e-17  3.48898e-17  1.79481e-18    2795   429.568  2.80306e+16  0     
   8704.6807  2.01262e-17  3.54872e-17  1.76366e-18    2796   429.570  2.80342e+16  0     
   8705.8809  2.40511e-17  3.64435e-17  1.83074e-18    2797   429.572  2.80395e+16  0     
   8707.0820  2.03067e-17  3.87489e-17  1.81098e-18    2798   429.574  2.80448e+16  0     
   8708.2822  2.21683e-17  3.80811e-17  1.82705e-18    2799   429.576  2.80496e+16  0     
   8709.4834  1.92474e-17  3.61642e-17  1.76010e-18    2800   429.578  2.80549e+16  0     
   8710.6836  2.04207e-17  3.29407e-17  1.73077e-18    2801   429.580  2.80623e+16  0     
   8711.8848  2.29452e-17  2.80114e-17  1.69569e-18    2802   429.581  2.80726e+16  0     
   8713.0850  2.42035e-17  2.70278e-17  1.69933e-18    2803   429.583  2.80832e+16  0     
   8714.2852  2.12386e-17  2.56597e-17  1.63475e-18    2804   429.585  2.80927e+16  0     
   8715.4863  2.19408e-17  2.52119e-17  1.63836e-18    2805   429.587  2.80997e+16  0     
   8716.6865  2.20926e-17  2.49349e-17  1.63623e-18    2806   429.589  2.81070e+16  0     
   8717.8877  2.52649e-17  2.46310e-17  1.67872e-18    2807   429.591  2.81149e+16  0     
   8719.0879  2.42814e-17  2.54464e-17  1.67590e-18    2808   429.593  2.81252e+16  0     
   8720.2891  2.17345e-17  2.42384e-17  1.61928e-18    2809   429.595  2.81360e+16  0     
   8721.4893  2.30012e-17  2.44806e-17  1.64178e-18    2810   429.597  2.81460e+16  0     
   8722.6895  2.30638e-17  2.61706e-17  1.66759e-18    2811   429.599  2.81558e+16  0     
   8723.8906  2.23391e-17  2.73739e-17  1.67441e-18    2812   429.601  2.81632e+16  0     
   8725.0908  2.38843e-17  2.75932e-17  1.69997e-18    2813   429.603  2.81699e+16  0     
   8726.2910  2.24638e-17  2.82786e-17  1.68921e-18    2814   429.605  2.81717e+16  0     
   8727.4922  2.23067e-17  2.83568e-17  1.68801e-18    2815   429.607  2.81731e+16  0     
   8728.6924  2.12833e-17  2.74278e-17  1.65910e-18    2816   429.609  2.81778e+16  0     
   8729.8936  2.05535e-17  2.62156e-17  1.62970e-18    2817   429.611  2.81871e+16  0     
   8731.0938  2.08675e-17  2.55836e-17  1.62450e-18    2818   429.613  2.81987e+16  0     
   8732.2939  2.49097e-17  2.43770e-17  1.66673e-18    2819   429.614  2.82047e+16  0     
   8733.4951  2.21319e-17  2.50115e-17  1.63463e-18    2820   429.616  2.82090e+16  0     
   8734.6953  2.09806e-17  2.62418e-17  1.63575e-18    2821   429.618  2.82109e+16  0     
   8735.8965  2.12482e-17  2.70115e-17  1.65121e-18    2822   429.620  2.82131e+16  0     
   8737.0967  2.01521e-17  2.80577e-17  1.65038e-18    2823   429.622  2.82158e+16  0     
   8738.2969  1.92704e-17  2.86956e-17  1.64659e-18    2824   429.624  2.82204e+16  0     
   8739.4980  2.40042e-17  2.91697e-17  1.72250e-18    2825   429.626  2.82251e+16  0     
   8740.6982  2.01277e-17  2.93871e-17  1.66916e-18    2826   429.628  2.82329e+16  0     
   8741.8984  2.53819e-17  2.98723e-17  1.75146e-18    2827   429.630  2.82396e+16  0     
   8743.0996  2.50053e-17  2.82939e-17  1.72355e-18    2828   429.632  2.82467e+16  0     
   8744.2998  2.32915e-17  2.72809e-17  1.68398e-18    2829   429.634  2.82537e+16  0     
   8745.5000  2.28363e-17  2.82434e-17  1.69120e-18    2830   429.636  2.82587e+16  0     
   8746.7012  2.18803e-17  2.76942e-17  1.66903e-18    2831   429.638  2.82634e+16  0     
   8747.9014  2.08378e-17  2.87307e-17  1.66875e-18    2832   429.640  2.82691e+16  0     
   8749.1016  2.11464e-17  2.99576e-17  1.69104e-18    2833   429.642  2.82737e+16  0     
   8750.3027  2.29717e-17  2.87898e-17  1.70052e-18    2834   429.644  2.82752e+16  0     
   8751.5029  2.22939e-17  3.03125e-17  1.71250e-18    2835   429.646  2.82804e+16  0     
   8752.7031  2.20100e-17  3.06696e-17  1.71331e-18    2836   429.648  2.82877e+16  0     
   8753.9033  2.26882e-17  3.82096e-17  1.82699e-18    2837   429.650  2.82955e+16  0     
   8755.1045  2.52019e-17  6.03281e-17  2.13212e-18    2838   429.652  2.83014e+16  0     
   8756.3047  2.24997e-17  1.07255e-16  2.59138e-18    2839   429.654  2.83055e+16  0     
   8757.5049  2.70489e-17  1.80313e-16  3.24381e-18    2840   429.656  2.83080e+16  0     
   8758.7061  2.57043e-17  2.66039e-16  3.82901e-18    2841   429.657  2.83099e+16  0     
   8759.9062  2.02012e-17  3.33942e-16  4.20960e-18    2842   429.659  2.83130e+16  0     
   8761.1064  2.48926e-17  3.52514e-16  4.34251e-18    2843   429.661  2.83196e+16  0     
   8762.3066  2.14237e-17  3.57945e-16  4.35280e-18    2844   429.663  2.83296e+16  0     
   8763.5078  2.46231e-17  3.68094e-16  4.42636e-18    2845   429.665  2.83418e+16  0     
   8764.7080  2.15555e-17  3.98478e-16  4.57425e-18    2846   429.667  2.83519e+16  0     
   8765.9082  2.00018e-17  4.29040e-16  4.72626e-18    2847   429.669  2.83610e+16  0     
   8767.1094  2.21184e-17  4.38054e-16  4.78224e-18    2848   429.671  2.83766e+16  0     
   8768.3096  3.05031e-17  4.19865e-16  4.73015e-18    2849   429.673  2.83962e+16  0     
   8769.5098  2.46228e-17  3.72985e-16  4.44752e-18    2850   429.675  2.84149e+16  0     
   8770.7100  1.70726e-17  2.78420e-16  3.84424e-18    2851   429.677  2.84356e+16  0     
   8771.9111  2.09455e-17  1.88381e-16  3.24953e-18    2852   429.679  2.84617e+16  0     
   8773.1113  2.23957e-17  1.68722e-16  3.10815e-18    2853   429.681  2.84911e+16  0     
   8774.3115  2.49601e-17  2.38011e-16  3.62616e-18    2854   429.683  2.85211e+16  0     
   8775.5117  2.01779e-17  3.55054e-16  4.31216e-18    2855   429.685  2.85529e+16  0     
   8776.7129  2.04559e-17  4.50929e-16  4.82174e-18    2856   429.687  2.85804e+16  0     
   8777.9131  1.99167e-17  4.80244e-16  4.96305e-18    2857   429.689  2.85983e+16  0     
   8779.1133  1.63778e-17  4.47931e-16  4.78325e-18    2858   429.691  2.86121e+16  0     
   8780.3135  2.21628e-17  3.61714e-16  4.35519e-18    2859   429.693  2.86233e+16  0     
   8781.5137  1.69276e-17  2.43537e-16  3.60204e-18    2860   429.695  2.86332e+16  0     
   8782.7148  2.16209e-17  1.27690e-16  2.75331e-18    2861   429.697  2.86418e+16  0     
   8783.9150  1.98945e-17  5.81847e-17  2.03114e-18    2862   429.699  2.86482e+16  0     
   8785.1152  1.97063e-17  3.88928e-17  1.78344e-18    2863   429.701  2.86520e+16  0     
   8786.3154  1.86183e-17  4.64900e-17  1.86976e-18    2864   429.703  2.86532e+16  0     
   8787.5156  2.36432e-17  7.71344e-17  2.28583e-18    2865   429.705  2.86530e+16  0     
   8788.7168  2.34379e-17  1.17220e-16  2.67490e-18    2866   429.707  2.86646e+16  0     
   8789.9170  2.40106e-17  1.49708e-16  2.95838e-18    2867   429.709  2.86803e+16  0     
   8791.1172  2.22467e-17  1.58767e-16  3.01650e-18    2868   429.711  2.86986e+16  0     
   8792.3174  2.41773e-17  1.53920e-16  2.99195e-18    2869   429.713  2.87183e+16  0     
   8793.5176  1.59624e-17  1.30195e-16  2.72049e-18    2870   429.715  2.87403e+16  0     
   8794.7188  2.01674e-17  9.37494e-17  2.41638e-18    2871   429.717  2.87598e+16  0     
   8795.9189  2.04647e-17  5.36811e-17  1.97887e-18    2872   429.719  2.87754e+16  0     
   8797.1191  2.10630e-17  3.37523e-17  1.72659e-18    2873   429.721  2.87912e+16  0     
   8798.3193  1.86685e-17  2.89924e-17  1.62305e-18    2874   429.723  2.88074e+16  0     
   8799.5195  1.78953e-17  2.81796e-17  1.59876e-18    2875   429.725  2.88253e+16  0     
   8800.7197  1.80085e-17  2.75528e-17  1.59053e-18    2876   429.727  2.88403e+16  0     
   8801.9199  1.93393e-17  2.79088e-17  1.61548e-18    2877   429.729  2.88526e+16  0     
   8803.1201  1.88358e-17  2.70809e-17  1.59507e-18    2878   429.731  2.88671e+16  0     
   8804.3213  2.09505e-17  2.77774e-17  1.63644e-18    2879   429.733  2.88822e+16  0     
   8805.5215  1.81771e-17  2.88239e-17  1.61047e-18    2880   429.735  2.88947e+16  0     
   8806.7217  2.22760e-17  3.18526e-17  1.71323e-18    2881   429.737  2.89043e+16  0     
   8807.9219  2.12698e-17  3.58371e-17  1.75422e-18    2882   429.739  2.89124e+16  0     
   8809.1221  2.28178e-17  3.74850e-17  1.79729e-18    2883   429.741  2.89170e+16  0     
   8810.3223  2.21558e-17  3.81858e-17  1.79774e-18    2884   429.743  2.89189e+16  0     
   8811.5225  2.28324e-17  3.73197e-17  1.79514e-18    2885   429.745  2.89209e+16  0     
   8812.7227  2.07870e-17  3.62568e-17  1.75303e-18    2886   429.747  2.89222e+16  0     
   8813.9229  2.08161e-17  3.06886e-17  1.67537e-18    2887   429.749  2.89245e+16  0     
   8815.1240  2.27350e-17  2.73369e-17  1.65469e-18    2888   429.751  2.89251e+16  0     
   8816.3242  2.09303e-17  2.64316e-17  1.61489e-18    2889   429.753  2.89251e+16  0     
   8817.5244  2.02757e-17  2.61137e-17  1.60040e-18    2890   429.755  2.89240e+16  0     
   8818.7246  2.19384e-17  2.71275e-17  1.64015e-18    2891   429.757  2.89212e+16  0     
   8819.9248  2.11560e-17  3.29519e-17  1.71247e-18    2892   429.759  2.89185e+16  0     
   8821.1250  2.07604e-17  6.24497e-17  2.08104e-18    2893   429.761  2.89155e+16  0     
   8822.3252  2.86983e-17  1.69722e-16  3.14099e-18    2894   429.763  2.89119e+16  0     
   8823.5254  2.32274e-17  3.93439e-16  4.51144e-18    2895   429.765  2.89077e+16  0     
   8824.7256  3.04036e-17  6.77560e-16  5.86127e-18    2896   429.767  2.89027e+16  0     
   8825.9258  3.20054e-17  8.81598e-16  6.65155e-18    2897   429.769  2.88983e+16  0     
   8827.1260  2.80001e-17  9.34604e-16  6.82701e-18    2898   429.771  2.88921e+16  0     
   8828.3262  2.54973e-17  8.88841e-16  6.65566e-18    2899   429.773  2.88859e+16  0     
   8829.5264  2.01153e-17  7.29248e-16  6.03103e-18    2900   429.775  2.88795e+16  0     
   8830.7266  9.83519e-18  4.82466e-16  4.90057e-18    2901   429.777  2.88739e+16  0     
   8831.9268  1.96064e-17  2.85506e-16  3.87474e-18    2902   429.779  2.88698e+16  0     
   8833.1270  1.73846e-17  2.50846e-16  3.63884e-18    2903   429.781  2.88657e+16  0     
   8834.3271  2.34996e-17  3.16471e-16  4.08598e-18    2904   429.783  2.88619e+16  0     
   8835.5273  2.15407e-17  3.58584e-16  4.31613e-18    2905   429.785  2.88596e+16  0     
   8836.7275  1.96895e-17  3.59467e-16  4.31082e-18    2906   429.787  2.88584e+16  0     
   8837.9277  1.93904e-17  3.25688e-16  4.11621e-18    2907   429.789  2.88583e+16  0     
   8839.1279  1.78374e-17  2.56693e-16  3.68064e-18    2908   429.791  2.88599e+16  0     
   8840.3281  2.12432e-17  1.57750e-16  2.99144e-18    2909   429.793  2.88617e+16  0     
   8841.5283  2.30574e-17  7.60240e-17  2.25876e-18    2910   429.795  2.88681e+16  0     
   8842.7285  2.26595e-17  4.50327e-17  1.89496e-18    2911   429.797  2.88749e+16  0     
   8843.9287  2.30433e-17  4.17357e-17  1.85743e-18    2912   429.799  2.88804e+16  0     
   8845.1289  2.18508e-17  5.09729e-17  1.95874e-18    2913   429.801  2.88820e+16  0     
   8846.3291  2.14825e-17  7.61943e-17  2.24326e-18    2914   429.803  2.88799e+16  0     
   8847.5293  2.13946e-17  1.07012e-16  2.55158e-18    2915   429.805  2.88777e+16  0     
   8848.7295  2.22380e-17  1.26623e-16  2.73760e-18    2916   429.807  2.88772e+16  0     
   8849.9297  2.37717e-17  1.31200e-16  2.79064e-18    2917   429.809  2.88797e+16  0     
   8851.1299  2.10879e-17  1.23501e-16  2.69951e-18    2918   429.811  2.88834e+16  0     
   8852.3301  2.00318e-17  1.03503e-16  2.50486e-18    2919   429.813  2.88863e+16  0     
   8853.5303  2.20351e-17  7.44883e-17  2.23051e-18    2920   429.815  2.88884e+16  0     
   8854.7295  1.90570e-17  4.59200e-17  1.85962e-18    2921   429.817  2.88908e+16  0     
   8855.9297  2.30157e-17  3.28839e-17  1.73819e-18    2922   429.819  2.88948e+16  0     
   8857.1299  2.03844e-17  3.01665e-17  1.66244e-18    2923   429.821  2.88998e+16  0     
   8858.3301  2.21105e-17  3.23644e-17  1.71803e-18    2924   429.823  2.89054e+16  0     
   8859.5303  2.09735e-17  3.44114e-17  1.73050e-18    2925   429.825  2.89118e+16  0     
   8860.7305  2.04556e-17  3.73166e-17  1.76309e-18    2926   429.827  2.89189e+16  0     
   8861.9307  2.22990e-17  4.72847e-17  1.91696e-18    2927   429.829  2.89262e+16  0     
   8863.1309  2.04022e-17  7.65384e-17  2.23317e-18    2928   429.831  2.89330e+16  0     
   8864.3301  2.22361e-17  1.34628e-16  2.80395e-18    2929   429.833  2.89381e+16  0     
   8865.5303  2.04261e-17  2.00932e-16  3.31001e-18    2930   429.835  2.89417e+16  0     
   8866.7305  2.49679e-17  2.38395e-16  3.60144e-18    2931   429.837  2.89450e+16  0     
   8867.9307  1.92900e-17  2.45940e-16  3.61342e-18    2932   429.839  2.89519e+16  0     
   8869.1309  2.18113e-17  2.29563e-16  3.51970e-18    2933   429.841  2.89605e+16  0     
   8870.3311  1.90200e-17  1.82860e-16  3.16396e-18    2934   429.843  2.89717e+16  0     
   8871.5312  1.86775e-17  1.13123e-16  2.57834e-18    2935   429.845  2.89849e+16  0     
   8872.7305  1.87292e-17  5.75347e-17  1.99612e-18    2936   429.847  2.89999e+16  0     
   8873.9307  2.01632e-17  3.43880e-17  1.71546e-18    2937   429.849  2.90157e+16  0     
   8875.1309  2.30277e-17  2.92176e-17  1.68243e-18    2938   429.851  2.90327e+16  0     
   8876.3311  2.13451e-17  2.65549e-17  1.61896e-18    2939   429.853  2.90493e+16  0     
   8877.5312  2.32077e-17  2.62718e-17  1.64158e-18    2940   429.855  2.90663e+16  0.285 
   8878.7305  2.34272e-17  2.79941e-17  1.66910e-18    2941   429.858  2.90818e+16  0.285 
   8879.9307  2.39611e-17  3.92868e-17  1.82998e-18    2942   429.860  2.90968e+16  0.428 
   8881.1309  2.41825e-17  1.01069e-16  2.51104e-18    2943   429.862  2.91106e+16  0.428 
   8882.3311  2.52234e-17  2.57523e-16  3.71656e-18    2944   429.864  2.91244e+16  0.428 
   8883.5303  3.27568e-17  4.71908e-16  4.93801e-18    2945   429.866  2.91382e+16  0.428 
   8884.7305  2.37024e-17  6.23019e-16  5.58031e-18    2946   429.868  2.91524e+16  0.571 
   8885.9307  2.04923e-17  6.74036e-16  5.77930e-18    2947   429.870  2.91676e+16  0.571 
   8887.1309  2.14095e-17  6.49905e-16  5.68125e-18    2948   429.872  2.91835e+16  0.571 
   8888.3301  2.03993e-17  5.34854e-16  5.17092e-18    2949   429.874  2.91995e+16  0.571 
   8889.5303  1.49124e-17  3.42589e-16  4.16191e-18    2950   429.876  2.92172e+16  0.428 
   8890.7305  1.60830e-17  1.56036e-16  2.91612e-18    2951   429.878  2.92347e+16  0.571 
   8891.9307  1.83039e-17  6.81606e-17  2.10531e-18    2952   429.880  2.92478e+16  0.571 
   8893.1299  2.22981e-17  4.37730e-17  1.86076e-18    2953   429.882  2.92591e+16  0.428 
   8894.3301  1.78560e-17  3.78646e-17  1.72330e-18    2954   429.884  2.92712e+16  0.285 
   8895.5303  2.11199e-17  3.62963e-17  1.74611e-18    2955   429.886  2.92824e+16  0     
   8896.7295  1.92674e-17  3.60104e-17  1.71646e-18    2956   429.888  2.92935e+16  0     
   8897.9297  1.90293e-17  4.93220e-17  1.88806e-18    2957   429.890  2.93034e+16  0     
   8899.1299  1.77811e-17  9.57526e-17  2.38831e-18    2958   429.892  2.93144e+16  0     
   8900.3301  1.99041e-17  1.74955e-16  3.09085e-18    2959   429.894  2.93257e+16  0     
   8901.5293  2.01162e-17  2.48290e-16  3.60986e-18    2960   429.896  2.93378e+16  0     
   8902.7295  2.02616e-17  2.80728e-16  3.81690e-18    2961   429.898  2.93474e+16  0     
   8903.9297  2.27726e-17  2.85581e-16  3.86167e-18    2962   429.900  2.93564e+16  0     
   8905.1289  1.81642e-17  2.57364e-16  3.65450e-18    2963   429.903  2.93654e+16  0     
   8906.3291  2.28168e-17  1.93021e-16  3.24481e-18    2964   429.905  2.93745e+16  0     
   8907.5283  1.81149e-17  1.11402e-16  2.53886e-18    2965   429.907  2.93814e+16  0     
   8908.7285  1.94592e-17  5.98059e-17  2.01731e-18    2966   429.909  2.93870e+16  0     
   8909.9287  1.95599e-17  4.30727e-17  1.81193e-18    2967   429.911  2.93899e+16  0     
   8911.1279  1.99550e-17  3.69917e-17  1.73615e-18    2968   429.913  2.93915e+16  0     
   8912.3281  1.95768e-17  3.55174e-17  1.71076e-18    2969   429.915  2.93912e+16  0     
   8913.5273  1.95304e-17  4.19522e-17  1.79684e-18    2970   429.917  2.93908e+16  0     
   8914.7275  2.17581e-17  9.26341e-17  2.39357e-18    2971   429.919  2.93896e+16  0     
   8915.9277  1.96968e-17  2.51167e-16  3.62261e-18    2972   429.921  2.93905e+16  0     
   8917.1270  1.98222e-17  4.95686e-16  4.96824e-18    2973   429.923  2.93915e+16  0     
   8918.3271  2.84277e-17  6.89326e-16  5.85120e-18    2974   429.925  2.93951e+16  0     
   8919.5264  1.97651e-17  7.56628e-16  6.08293e-18    2975   429.927  2.93987e+16  0     
   8920.7266  2.13492e-17  7.47059e-16  6.05180e-18    2976   429.929  2.93995e+16  0     
   8921.9268  2.00912e-17  6.36295e-16  5.59741e-18    2977   429.931  2.94004e+16  0     
   8923.1260  2.48056e-17  4.23352e-16  4.63612e-18    2978   429.933  2.94011e+16  0     
   8924.3262  2.14610e-17  2.01363e-16  3.29363e-18    2979   429.935  2.94039e+16  0     
   8925.5254  2.01347e-17  8.79150e-17  2.32931e-18    2980   429.938  2.94087e+16  0     
   8926.7256  2.07344e-17  5.67743e-17  1.99563e-18    2981   429.940  2.94141e+16  0     
   8927.9248  1.97333e-17  4.79310e-17  1.87551e-18    2982   429.942  2.94154e+16  0     
   8929.1250  1.86304e-17  4.39745e-17  1.81065e-18    2983   429.944  2.94170e+16  0     
   8930.3242  1.90167e-17  4.11294e-17  1.77824e-18    2984   429.946  2.94190e+16  0     
   8931.5244  2.16816e-17  3.73702e-17  1.76382e-18    2985   429.948  2.94138e+16  0     
   8932.7236  2.01437e-17  3.42444e-17  1.70001e-18    2986   429.950  2.94213e+16  0.142 
   8933.9238  2.03559e-17  3.27754e-17  1.68256e-18    2987   429.952  2.94183e+16  0.285 
   8935.1230  2.08969e-17  3.32594e-17  1.69872e-18    2988   429.954  2.93610e+16  0.285 
   8936.3232  2.02364e-17  3.32037e-17  1.68998e-18    2989   429.956  2.93218e+16  0.285 
   8937.5225  2.17536e-17  3.72146e-17  1.76364e-18    2990   429.958  2.93855e+16  0.285 
   8938.7227  2.02702e-17  5.54593e-17  1.97575e-18    2991   429.960  2.93788e+16  0.285 
   8939.9219  2.14530e-17  1.08228e-16  2.54423e-18    2992   429.962  2.92969e+16  0.285 
   8941.1221  2.75837e-17  1.82434e-16  3.21444e-18    2993   429.964  2.91568e+16  0.142 
   8942.3213  2.02104e-17  2.32811e-16  3.51694e-18    2994   429.967  2.91849e+16  0     
   8943.5205  2.54728e-17  2.47258e-16  3.64234e-18    2995   429.969  2.92712e+16  0     
   8944.7207  2.46468e-17  2.37563e-16  3.56944e-18    2996   429.971  2.93307e+16  0     
   8945.9199  1.79397e-17  1.98854e-16  3.25901e-18    2997   429.973  2.92481e+16  0     
   8947.1201  1.97664e-17  1.30620e-16  2.73398e-18    2998   429.975  2.92220e+16  0     
   8948.3193  1.88822e-17  6.60121e-17  2.09095e-18    2999   429.977  2.91588e+16  0     
   8949.5186  2.13558e-17  3.78572e-17  1.77831e-18    3000   429.979  2.90453e+16  0     
   8950.7188  2.03942e-17  2.95864e-17  1.65661e-18    3001   429.981  2.88242e+16  0     
   8951.9180  2.21974e-17  3.50343e-17  1.76233e-18    3002   429.983  2.87231e+16  0     
   8953.1182  2.16953e-17  6.98245e-17  2.19036e-18    3003   429.985  2.85337e+16  0     
   8954.3174  2.25723e-17  1.88142e-16  3.26123e-18    3004   429.987  2.84399e+16  0     
   8955.5166  2.23975e-17  3.74954e-16  4.44094e-18    3005   429.989  2.84799e+16  0     
   8956.7168  3.02220e-17  5.19911e-16  5.18103e-18    3006   429.992  2.88253e+16  0     
   8957.9160  1.52158e-17  5.75971e-16  5.35439e-18    3007   429.994  2.89760e+16  0     
   8959.1152  2.11716e-17  5.65503e-16  5.34287e-18    3008   429.996  2.88827e+16  0     
   8960.3154  2.31732e-17  4.97343e-16  5.06297e-18    3009   429.998  2.85837e+16  0     
   8961.5146  2.24105e-17  3.38913e-16  4.24921e-18    3010   430.000  2.83394e+16  0     
   8962.7139  1.75690e-17  1.60598e-16  3.03203e-18    3011   430.002  2.80017e+16  0     
   8963.9141  1.79282e-17  6.75178e-17  2.15282e-18    3012   430.004  2.77749e+16  0     
   8965.1133  1.94757e-17  3.97033e-17  1.82143e-18    3013   430.006  2.78016e+16  0     
   8966.3125  2.01038e-17  3.39063e-17  1.73925e-18    3014   430.008  2.80847e+16  0     
   8967.5117  1.88768e-17  3.29553e-17  1.70034e-18    3015   430.010  2.83106e+16  0     
   8968.7119  2.06948e-17  3.48329e-17  1.74925e-18    3016   430.012  2.84153e+16  0     
   8969.9111  1.80832e-17  3.81819e-17  1.76163e-18    3017   430.015  2.83541e+16  0     
   8971.1104  1.96186e-17  3.89709e-17  1.80429e-18    3018   430.017  2.80532e+16  0     
   8972.3105  1.88281e-17  3.90594e-17  1.80661e-18    3019   430.019  2.77195e+16  0     
   8973.5098  1.98812e-17  3.68306e-17  1.79084e-18    3020   430.021  2.77026e+16  0     
   8974.7090  2.39976e-17  3.33095e-17  1.78626e-18    3021   430.023  2.80632e+16  0     
   8975.9082  1.79476e-17  3.14911e-17  1.66076e-18    3022   430.025  2.84532e+16  0     
   8977.1074  1.89591e-17  3.05554e-17  1.65714e-18    3023   430.027  2.85979e+16  0     
   8978.3076  1.90179e-17  3.22615e-17  1.68476e-18    3024   430.029  2.85387e+16  0     
   8979.5068  1.81566e-17  3.48269e-17  1.71476e-18    3025   430.031  2.83729e+16  0     
   8980.7061  1.77497e-17  3.59718e-17  1.72693e-18    3026   430.033  2.83240e+16  0     
   8981.9053  1.85066e-17  3.87531e-17  1.77529e-18    3027   430.035  2.83574e+16  0     
   8983.1045  2.02833e-17  4.49205e-17  1.88522e-18    3028   430.038  2.82606e+16  0     
   8984.3047  2.16883e-17  6.90778e-17  2.20824e-18    3029   430.040  2.79040e+16  0     
   8985.5039  2.33024e-17  1.15819e-16  2.72402e-18    3030   430.042  2.74126e+16  0     
   8986.7031  2.07918e-17  1.61708e-16  3.14062e-18    3031   430.044  2.67559e+16  0     
   8987.9023  2.07907e-17  1.89606e-16  3.40744e-18    3032   430.046  2.60898e+16  0     
   8989.1016  1.81754e-17  1.95866e-16  3.45951e-18    3033   430.048  2.57451e+16  0     
   8990.3008  2.26809e-17  1.78868e-16  3.35158e-18    3034   430.050  2.58804e+16  0     
   8991.5010  1.79361e-17  1.38256e-16  2.94366e-18    3035   430.052  2.62622e+16  0     
   8992.7002  1.83027e-17  8.20313e-17  2.35653e-18    3036   430.054  2.69588e+16  0     
   8993.8994  1.85153e-17  4.89718e-17  1.93112e-18    3037   430.057  2.78251e+16  0     
   8995.0986  2.14604e-17  3.92855e-17  1.81678e-18    3038   430.059  2.85262e+16  0     
   8996.2979  2.09871e-17  5.12972e-17  1.95782e-18    3039   430.061  2.87273e+16  0     
   8997.4971  1.98637e-17  1.11789e-16  2.59604e-18    3040   430.063  2.85812e+16  0     
   8998.6963  2.79711e-17  2.17881e-16  3.53347e-18    3041   430.065  2.81434e+16  0     
   8999.8955  1.76940e-17  3.12777e-16  4.11561e-18    3042   430.067  2.76929e+16  0     
   9001.0947  2.20244e-17  3.51515e-16  4.39749e-18    3043   430.069  2.73561e+16  0     
   9002.2939  1.42410e-17  3.50700e-16  4.35394e-18    3044   430.071  2.72777e+16  0     
   9003.4932  2.04169e-17  3.05585e-16  4.11105e-18    3045   430.073  2.73936e+16  0     
   9004.6924  1.85268e-17  2.10790e-16  3.44952e-18    3046   430.076  2.76159e+16  0     
   9005.8916  2.24530e-17  1.03094e-16  2.57004e-18    3047   430.078  2.79136e+16  0     
   9007.0908  1.68000e-17  4.78055e-17  1.88052e-18    3048   430.080  2.81757e+16  0     
   9008.2900  1.74966e-17  2.97403e-17  1.63310e-18    3049   430.082  2.82986e+16  0     
   9009.4893  2.00732e-17  2.48166e-17  1.59611e-18    3050   430.084  2.83402e+16  0     
   9010.6885  2.04655e-17  2.38512e-17  1.58805e-18    3051   430.086  2.83161e+16  0     
   9011.8877  1.85770e-17  2.27867e-17  1.54273e-18    3052   430.088  2.82855e+16  0     
   9013.0869  2.10950e-17  2.19936e-17  1.57269e-18    3053   430.090  2.81988e+16  0     
   9014.2861  1.80752e-17  2.20436e-17  1.52884e-18    3054   430.092  2.80912e+16  0     
   9015.4854  2.19614e-17  2.13169e-17  1.58560e-18    3055   430.095  2.78902e+16  0     
   9016.6846  1.74472e-17  2.39851e-17  1.56164e-18    3056   430.097  2.77256e+16  0     
   9017.8838  1.84484e-17  2.67939e-17  1.62027e-18    3057   430.099  2.77656e+16  0     
   9019.0830  1.80234e-17  2.85753e-17  1.63564e-18    3058   430.101  2.79286e+16  0     
   9020.2822  2.20578e-17  2.95892e-17  1.69568e-18    3059   430.103  2.83700e+16  0     
   9021.4814  1.80480e-17  2.93495e-17  1.62749e-18    3060   430.105  2.85459e+16  0     
   9022.6807  1.87499e-17  2.86777e-17  1.63589e-18    3061   430.107  2.83008e+16  0     
   9023.8799  1.77836e-17  2.95715e-17  1.64646e-18    3062   430.109  2.79476e+16  0     
   9025.0791  2.11024e-17  2.69355e-17  1.65662e-18    3063   430.112  2.79509e+16  0     
   9026.2783  1.84674e-17  2.72655e-17  1.61681e-18    3064   430.114  2.80995e+16  0     
   9027.4766  1.80725e-17  2.81444e-17  1.61671e-18    3065   430.116  2.83292e+16  0     
   9028.6758  1.98356e-17  2.80739e-17  1.62804e-18    3066   430.118  2.87666e+16  0     
   9029.8750  1.89209e-17  2.87614e-17  1.61256e-18    3067   430.120  2.91511e+16  0     
   9031.0742  1.89244e-17  2.74137e-17  1.58815e-18    3068   430.122  2.92951e+16  0     
   9032.2734  1.89410e-17  2.67881e-17  1.58028e-18    3069   430.124  2.92541e+16  0     
   9033.4727  1.80835e-17  3.24355e-17  1.64543e-18    3070   430.127  2.94206e+16  0     
   9034.6719  1.95009e-17  5.30402e-17  1.93053e-18    3071   430.129  2.95670e+16  0     
   9035.8701  2.04763e-17  7.76212e-17  2.21866e-18    3072   430.131  2.95950e+16  0     
   9037.0693  1.50727e-17  9.21339e-17  2.31282e-18    3073   430.133  2.95995e+16  0     
   9038.2686  2.03442e-17  9.70618e-17  2.41561e-18    3074   430.135  2.95633e+16  0     
   9039.4678  1.84481e-17  9.49980e-17  2.37784e-18    3075   430.137  2.95387e+16  0     
   9040.6660  2.02936e-17  8.27695e-17  2.27372e-18    3076   430.139  2.95177e+16  0     
   9041.8652  1.83791e-17  5.80957e-17  1.97865e-18    3077   430.142  2.95438e+16  0     
   9043.0645  2.00273e-17  3.87962e-17  1.75745e-18    3078   430.144  2.95145e+16  0     
   9044.2637  1.82482e-17  3.80730e-17  1.72414e-18    3079   430.146  2.94984e+16  0     
   9045.4619  1.95643e-17  6.03028e-17  2.01890e-18    3080   430.148  2.95340e+16  0     
   9046.6611  1.64437e-17  1.07731e-16  2.47928e-18    3081   430.150  2.95923e+16  0     
   9047.8604  1.79900e-17  1.50364e-16  2.86646e-18    3082   430.152  2.96053e+16  0     
   9049.0596  2.10007e-17  1.66807e-16  3.02141e-18    3083   430.154  2.96065e+16  0     
   9050.2578  2.17979e-17  1.69698e-16  3.05388e-18    3084   430.156  2.95320e+16  0     
   9051.4570  1.71626e-17  1.56575e-16  2.91838e-18    3085   430.159  2.94452e+16  0     
   9052.6562  1.85151e-17  1.16403e-16  2.58593e-18    3086   430.161  2.94404e+16  0     
   9053.8545  1.90287e-17  6.86223e-17  2.11038e-18    3087   430.163  2.94618e+16  0     
   9055.0537  1.87690e-17  3.99878e-17  1.75526e-18    3088   430.165  2.95538e+16  0     
   9056.2529  1.91658e-17  3.16006e-17  1.64486e-18    3089   430.167  2.95526e+16  0     
   9057.4512  1.77022e-17  2.81524e-17  1.57245e-18    3090   430.169  2.95748e+16  0     
   9058.6504  1.83981e-17  2.72398e-17  1.57554e-18    3091   430.172  2.93651e+16  0     
   9059.8496  1.97246e-17  2.63058e-17  1.58695e-18    3092   430.174  2.91842e+16  0     
   9061.0479  1.82655e-17  2.56752e-17  1.56106e-18    3093   430.176  2.89948e+16  0     
   9062.2471  1.97290e-17  2.74830e-17  1.60892e-18    3094   430.178  2.90443e+16  0     
   9063.4453  1.92723e-17  2.90121e-17  1.62536e-18    3095   430.180  2.90259e+16  0     
   9064.6445  1.86770e-17  3.03293e-17  1.63536e-18    3096   430.182  2.90446e+16  0     
   9065.8438  1.86511e-17  3.14295e-17  1.65535e-18    3097   430.184  2.89083e+16  0     
   9067.0420  2.02240e-17  3.34380e-17  1.71363e-18    3098   430.187  2.86941e+16  0     
   9068.2412  1.93847e-17  3.42635e-17  1.72387e-18    3099   430.189  2.83836e+16  0     
   9069.4395  1.88973e-17  3.34279e-17  1.72004e-18    3100   430.191  2.79414e+16  0     
   9070.6387  1.98810e-17  3.27967e-17  1.73385e-18    3101   430.193  2.76909e+16  0     
   9071.8369  1.95339e-17  2.99087e-17  1.68138e-18    3102   430.195  2.78382e+16  0     
   9073.0361  2.05600e-17  2.72830e-17  1.64620e-18    3103   430.197  2.81764e+16  0     
   9074.2354  2.05383e-17  2.48168e-17  1.59828e-18    3104   430.200  2.84953e+16  0     
   9075.4336  1.65755e-17  2.33569e-17  1.50513e-18    3105   430.202  2.87661e+16  0     
   9076.6328  2.06439e-17  2.24021e-17  1.55094e-18    3106   430.204  2.88744e+16  0     
   9077.8311  2.10757e-17  2.26031e-17  1.56647e-18    3107   430.206  2.86884e+16  0     
   9079.0303  1.96496e-17  2.31412e-17  1.55833e-18    3108   430.208  2.85068e+16  0     
   9080.2285  1.94763e-17  2.29809e-17  1.55923e-18    3109   430.210  2.83111e+16  0     
   9081.4277  1.79982e-17  2.36883e-17  1.54732e-18    3110   430.212  2.83027e+16  0     
   9082.6260  1.76810e-17  2.49544e-17  1.55865e-18    3111   430.215  2.84189e+16  0     
   9083.8242  1.93829e-17  2.51976e-17  1.58274e-18    3112   430.217  2.86122e+16  0     
   9085.0234  1.97284e-17  2.46154e-17  1.57641e-18    3113   430.219  2.86984e+16  0     
   9086.2217  1.82052e-17  2.42743e-17  1.54690e-18    3114   430.221  2.87187e+16  0     
   9087.4209  1.55326e-17  2.67203e-17  1.54755e-18    3115   430.223  2.85825e+16  0     
   9088.6191  1.74808e-17  3.33784e-17  1.67775e-18    3116   430.225  2.85669e+16  0     
   9089.8184  1.89948e-17  4.67670e-17  1.87589e-18    3117   430.228  2.87179e+16  0     
   9091.0166  2.08232e-17  5.97470e-17  2.05201e-18    3118   430.230  2.88720e+16  0     
   9092.2148  2.32951e-17  6.42773e-17  2.13288e-18    3119   430.232  2.88627e+16  0     
   9093.4141  1.93861e-17  6.44446e-17  2.08860e-18    3120   430.234  2.89049e+16  0     
   9094.6123  1.87586e-17  6.07346e-17  2.03314e-18    3121   430.236  2.90356e+16  0     
   9095.8105  1.94140e-17  4.95822e-17  1.90425e-18    3122   430.239  2.90749e+16  0     
   9097.0098  1.94275e-17  3.68629e-17  1.74138e-18    3123   430.241  2.89610e+16  0     
   9098.2080  2.16882e-17  3.69526e-17  1.78595e-18    3124   430.243  2.85955e+16  0     
   9099.4062  2.08966e-17  5.22922e-17  1.97979e-18    3125   430.245  2.84389e+16  0     
   9100.6055  2.21941e-17  7.55393e-17  2.26476e-18    3126   430.247  2.83823e+16  0     
   9101.8037  1.53063e-17  8.91663e-17  2.32881e-18    3127   430.249  2.85575e+16  0     
   9103.0020  2.29341e-17  8.87590e-17  2.39828e-18    3128   430.252  2.86643e+16  0     
   9104.2012  1.87829e-17  8.51797e-17  2.30797e-18    3129   430.254  2.89197e+16  0     
   9105.3994  1.78778e-17  7.25053e-17  2.16254e-18    3130   430.256  2.89078e+16  0     
   9106.5977  1.94288e-17  4.93753e-17  1.91421e-18    3131   430.258  2.87317e+16  0     
   9107.7959  1.96781e-17  3.15846e-17  1.67922e-18    3132   430.260  2.86997e+16  0     
   9108.9951  2.03656e-17  2.38469e-17  1.56412e-18    3133   430.262  2.90309e+16  0     
   9110.1934  2.07519e-17  2.16611e-17  1.52427e-18    3134   430.265  2.94359e+16  0     
   9111.3916  1.60063e-17  2.19624e-17  1.44593e-18    3135   430.267  2.97169e+16  0     
   9112.5898  1.81008e-17  2.14772e-17  1.47028e-18    3136   430.269  2.97674e+16  0     
   9113.7881  1.89436e-17  2.08133e-17  1.47510e-18    3137   430.271  2.96976e+16  0     
   9114.9873  1.98407e-17  2.06244e-17  1.49758e-18    3138   430.273  2.93068e+16  0     
   9116.1855  1.89401e-17  2.14872e-17  1.50676e-18    3139   430.276  2.89757e+16  0     
   9117.3838  1.98021e-17  2.06756e-17  1.51470e-18    3140   430.278  2.87380e+16  0     
   9118.5820  1.93771e-17  2.10271e-17  1.51728e-18    3141   430.280  2.86143e+16  0     
   9119.7803  1.94809e-17  2.11142e-17  1.51862e-18    3142   430.282  2.86705e+16  0     
   9120.9785  2.03278e-17  2.10288e-17  1.51988e-18    3143   430.284  2.90287e+16  0     
   9122.1777  1.88893e-17  2.03384e-17  1.46844e-18    3144   430.286  2.96356e+16  0     
   9123.3760  2.04124e-17  2.04972e-17  1.49127e-18    3145   430.289  2.97671e+16  0     
   9124.5742  2.12440e-17  2.09508e-17  1.51300e-18    3146   430.291  2.97062e+16  0     
   9125.7725  1.79224e-17  2.01319e-17  1.45747e-18    3147   430.293  2.93584e+16  0     
   9126.9707  2.07628e-17  2.07355e-17  1.52371e-18    3148   430.295  2.89756e+16  0     
   9128.1689  1.95848e-17  2.04382e-17  1.51145e-18    3149   430.297  2.86052e+16  0     
   9129.3672  1.96494e-17  2.05941e-17  1.52294e-18    3150   430.300  2.83456e+16  0     
   9130.5654  1.70008e-17  2.13731e-17  1.49663e-18    3151   430.302  2.82123e+16  0     
   9131.7637  1.82832e-17  2.25728e-17  1.54170e-18    3152   430.304  2.80600e+16  0     
   9132.9619  1.68362e-17  2.35382e-17  1.53733e-18    3153   430.306  2.79530e+16  0     
   9134.1602  2.06788e-17  2.31760e-17  1.59215e-18    3154   430.308  2.79661e+16  0     
   9135.3584  1.82015e-17  2.44906e-17  1.57822e-18    3155   430.311  2.78330e+16  0     
   9136.5566  2.03229e-17  2.37825e-17  1.59952e-18    3156   430.313  2.78599e+16  0     
   9137.7549  2.03444e-17  2.35188e-17  1.58354e-18    3157   430.315  2.82375e+16  0     
   9138.9531  2.12088e-17  2.29569e-17  1.56779e-18    3158   430.317  2.88879e+16  0     
   9140.1514  1.96019e-17  2.22167e-17  1.51536e-18    3159   430.319  2.94253e+16  0     
   9141.3496  1.84677e-17  2.15696e-17  1.47743e-18    3160   430.322  2.97713e+16  0     
   9142.5479  2.05917e-17  2.20840e-17  1.51662e-18    3161   430.324  2.98368e+16  0     
   9143.7461  1.86812e-17  2.20707e-17  1.48664e-18    3162   430.326  2.98425e+16  0     
   9144.9443  1.70071e-17  2.26803e-17  1.46964e-18    3163   430.328  2.98515e+16  0     
   9146.1426  2.17912e-17  2.32766e-17  1.55220e-18    3164   430.330  2.98607e+16  0     
   9147.3408  1.85050e-17  2.47463e-17  1.52569e-18    3165   430.333  2.98280e+16  0     
   9148.5391  1.93807e-17  3.26211e-17  1.66362e-18    3166   430.335  2.95143e+16  0     
   9149.7373  1.82557e-17  4.30432e-17  1.80462e-18    3167   430.337  2.90896e+16  0     
   9150.9355  1.86013e-17  4.94527e-17  1.91497e-18    3168   430.339  2.84509e+16  0     
   9152.1328  1.73462e-17  5.51185e-17  1.99279e-18    3169   430.341  2.78667e+16  0     
   9153.3311  1.83883e-17  5.56253e-17  2.03129e-18    3170   430.344  2.73844e+16  0     
   9154.5293  2.46301e-17  5.23702e-17  2.06495e-18    3171   430.346  2.74646e+16  0     
   9155.7275  1.84026e-17  4.49414e-17  1.87689e-18    3172   430.348  2.78228e+16  0     
   9156.9258  2.33208e-17  4.09203e-17  1.87286e-18    3173   430.350  2.82545e+16  0     
   9158.1240  2.08856e-17  4.97438e-17  1.93715e-18    3174   430.353  2.87308e+16  0     
   9159.3213  1.85310e-17  5.68077e-17  1.97204e-18    3175   430.355  2.93522e+16  0     
   9160.5195  2.05163e-17  5.92644e-17  2.01285e-18    3176   430.357  2.96715e+16  0     
   9161.7178  1.84662e-17  5.69582e-17  1.95459e-18    3177   430.359  2.98667e+16  0     
   9162.9160  1.91026e-17  5.34939e-17  1.91838e-18    3178   430.361  2.99323e+16  0     
   9164.1143  1.83624e-17  4.36330e-17  1.78526e-18    3179   430.364  2.99418e+16  0     
   9165.3115  1.76061e-17  3.18079e-17  1.61347e-18    3180   430.366  2.99446e+16  0     
   9166.5098  1.88064e-17  2.44819e-17  1.52280e-18    3181   430.368  2.99472e+16  0     
   9167.7080  1.83626e-17  2.24322e-17  1.48428e-18    3182   430.370  2.99497e+16  0     
   9168.9053  1.78760e-17  2.15227e-17  1.46633e-18    3183   430.372  2.98064e+16  0     
   9170.1035  1.66538e-17  2.17672e-17  1.46222e-18    3184   430.375  2.93995e+16  0     
   9171.3018  1.92773e-17  2.23885e-17  1.52587e-18    3185   430.377  2.89912e+16  0     
   9172.4990  1.83038e-17  2.27333e-17  1.52982e-18    3186   430.379  2.85345e+16  0     
   9173.6973  1.89518e-17  2.28439e-17  1.55880e-18    3187   430.381  2.79945e+16  0     
   9174.8955  1.97088e-17  2.21768e-17  1.56579e-18    3188   430.384  2.78215e+16  0     
   9176.0938  2.09938e-17  2.19593e-17  1.57219e-18    3189   430.386  2.81480e+16  0     
   9177.2910  1.67790e-17  2.24587e-17  1.49011e-18    3190   430.388  2.88950e+16  0     
   9178.4893  1.82716e-17  2.20912e-17  1.48769e-18    3191   430.390  2.95922e+16  0     
   9179.6865  1.68320e-17  2.19106e-17  1.45431e-18    3192   430.392  2.98618e+16  0     
   9180.8848  1.83270e-17  2.21891e-17  1.48643e-18    3193   430.395  2.97203e+16  0     
   9182.0830  1.75031e-17  2.24936e-17  1.48114e-18    3194   430.397  2.96189e+16  0     
   9183.2803  1.80533e-17  2.18220e-17  1.48056e-18    3195   430.399  2.95719e+16  0     
   9184.4785  1.86927e-17  2.14474e-17  1.48384e-18    3196   430.401  2.96040e+16  0     
   9185.6758  2.09379e-17  2.05038e-17  1.50146e-18    3197   430.404  2.97015e+16  0     
   9186.8740  1.77131e-17  2.10554e-17  1.45357e-18    3198   430.406  2.99033e+16  0     
   9188.0713  2.09158e-17  2.04672e-17  1.49237e-18    3199   430.408  2.99874e+16  0     
   9189.2695  1.96647e-17  2.10579e-17  1.48172e-18    3200   430.410  3.00002e+16  0     
   9190.4668  1.92434e-17  2.04920e-17  1.46611e-18    3201   430.413  3.00042e+16  0     
   9191.6650  1.69413e-17  1.99812e-17  1.42089e-18    3202   430.415  3.00084e+16  0     
   9192.8623  1.85489e-17  2.02726e-17  1.45138e-18    3203   430.417  3.00127e+16  0     
   9194.0605  2.05550e-17  1.99714e-17  1.47818e-18    3204   430.419  3.00171e+16  0     
   9195.2578  1.92879e-17  1.95263e-17  1.45100e-18    3205   430.421  3.00217e+16  0     
   9196.4561  1.82911e-17  2.00843e-17  1.44387e-18    3206   430.424  3.00264e+16  0     
   9197.6533  1.92685e-17  2.07137e-17  1.46925e-18    3207   430.426  3.00312e+16  0     
   9198.8516  1.90635e-17  2.06771e-17  1.46530e-18    3208   430.428  3.00361e+16  0     
   9200.0488  1.88708e-17  2.10731e-17  1.46836e-18    3209   430.430  3.00413e+16  0     
   9201.2471  1.87880e-17  2.14214e-17  1.47238e-18    3210   430.433  3.00467e+16  0     
   9202.4443  1.77858e-17  2.11936e-17  1.45278e-18    3211   430.435  3.00524e+16  0     
   9203.6416  1.91205e-17  2.16571e-17  1.48095e-18    3212   430.437  3.00584e+16  0     
   9204.8398  1.85562e-17  2.13191e-17  1.46662e-18    3213   430.439  3.00646e+16  0     
   9206.0371  1.77209e-17  2.21569e-17  1.46648e-18    3214   430.442  3.00711e+16  0     
   9207.2354  1.91185e-17  2.13369e-17  1.47537e-18    3215   430.444  3.00779e+16  0     
   9208.4326  2.03321e-17  2.19063e-17  1.50281e-18    3216   430.446  3.00848e+16  0     
   9209.6299  1.76389e-17  2.14196e-17  1.45295e-18    3217   430.448  3.00918e+16  0     
   9210.8271  1.97977e-17  2.20479e-17  1.49636e-18    3218   430.451  3.00991e+16  0     
   9212.0254  1.83800e-17  2.44543e-17  1.51132e-18    3219   430.453  3.01064e+16  0     
   9213.2227  1.93326e-17  3.00727e-17  1.60826e-18    3220   430.455  3.01139e+16  0     
   9214.4199  1.84406e-17  3.66836e-17  1.68803e-18    3221   430.457  3.01215e+16  0     
   9215.6182  2.01539e-17  3.93210e-17  1.74621e-18    3222   430.460  3.01291e+16  0     
   9216.8154  1.90679e-17  4.09917e-17  1.75366e-18    3223   430.462  3.01367e+16  0     
   9218.0127  1.90732e-17  3.98862e-17  1.73890e-18    3224   430.464  3.01443e+16  0     
   9219.2100  1.74117e-17  3.72090e-17  1.68020e-18    3225   430.466  3.01520e+16  0     
   9220.4082  1.97773e-17  3.22814e-17  1.64447e-18    3226   430.469  3.01598e+16  0     
   9221.6055  2.15305e-17  3.57880e-17  1.71629e-18    3227   430.471  3.01677e+16  0     
   9222.8027  2.06771e-17  4.35395e-17  1.80618e-18    3228   430.473  3.01757e+16  0     
   9224.0000  1.68088e-17  4.65666e-17  1.79517e-18    3229   430.475  3.01838e+16  0     
   9225.1973  2.18213e-17  4.89960e-17  1.88786e-18    3230   430.478  3.01920e+16  0     
   9226.3955  1.88841e-17  4.68388e-17  1.82446e-18    3231   430.480  3.02003e+16  0     
   9227.5928  2.17454e-17  4.07722e-17  1.78334e-18    3232   430.482  3.02086e+16  0     
   9228.7900  1.78343e-17  3.33561e-17  1.63055e-18    3233   430.484  3.02169e+16  0     
   9229.9873  2.18630e-17  2.61325e-17  1.58464e-18    3234   430.487  3.02252e+16  0     
   9231.1846  1.90379e-17  2.32171e-17  1.49886e-18    3235   430.489  3.02336e+16  0     
   9232.3818  1.95060e-17  2.33076e-17  1.50716e-18    3236   430.491  3.02420e+16  0     
   9233.5791  1.96450e-17  2.24710e-17  1.49626e-18    3237   430.493  3.02503e+16  0     
   9234.7773  1.88368e-17  2.11512e-17  1.46302e-18    3238   430.496  3.02586e+16  0     
   9235.9746  2.01166e-17  2.19651e-17  1.49527e-18    3239   430.498  3.02668e+16  0     
   9237.1719  1.88131e-17  2.10551e-17  1.46068e-18    3240   430.500  3.02749e+16  0     
   9238.3691  1.82364e-17  2.07520e-17  1.44658e-18    3241   430.502  3.02829e+16  0     
   9239.5664  2.10216e-17  2.06114e-17  1.48770e-18    3242   430.505  3.02908e+16  0     
   9240.7637  1.95856e-17  2.06683e-17  1.46608e-18    3243   430.507  3.02985e+16  0     
   9241.9609  1.95758e-17  2.12305e-17  1.47447e-18    3244   430.509  3.03062e+16  0     
   9243.1582  2.01420e-17  2.17105e-17  1.49043e-18    3245   430.512  3.03138e+16  0     
   9244.3555  1.70194e-17  2.34751e-17  1.46920e-18    3246   430.514  3.03212e+16  0     
   9245.5527  1.92904e-17  2.43008e-17  1.51650e-18    3247   430.516  3.03284e+16  0     
   9246.7500  1.93791e-17  2.70745e-17  1.55892e-18    3248   430.518  3.03355e+16  0     
   9247.9473  2.12769e-17  2.99746e-17  1.62764e-18    3249   430.521  3.03424e+16  0     
   9249.1445  1.90370e-17  3.16705e-17  1.61977e-18    3250   430.523  3.03492e+16  0     
   9250.3418  1.96628e-17  3.16869e-17  1.62863e-18    3251   430.525  3.03558e+16  0     
   9251.5381  2.20103e-17  3.19339e-17  1.66447e-18    3252   430.527  3.03622e+16  0     
   9252.7354  1.98165e-17  3.14849e-17  1.62757e-18    3253   430.530  3.03685e+16  0     
   9253.9326  2.23400e-17  2.81216e-17  1.61554e-18    3254   430.532  3.03747e+16  0     
   9255.1299  1.93110e-17  2.58049e-17  1.53787e-18    3255   430.534  3.03806e+16  0     
   9256.3271  2.06811e-17  2.35016e-17  1.52377e-18    3256   430.536  3.03865e+16  0     
   9257.5244  1.96828e-17  2.23341e-17  1.49077e-18    3257   430.539  3.03921e+16  0     
   9258.7217  2.15498e-17  2.32737e-17  1.53302e-18    3258   430.541  3.03977e+16  0     
   9259.9189  2.10021e-17  2.68038e-17  1.57669e-18    3259   430.543  3.04030e+16  0     
   9261.1152  1.93305e-17  2.81598e-17  1.57196e-18    3260   430.546  3.04081e+16  0     
   9262.3125  1.96888e-17  2.99021e-17  1.60204e-18    3261   430.548  3.04129e+16  0     
   9263.5098  2.07490e-17  3.13004e-17  1.63657e-18    3262   430.550  3.04175e+16  0     
   9264.7070  1.88739e-17  2.93871e-17  1.58272e-18    3263   430.552  3.04219e+16  0     
   9265.9033  1.77506e-17  2.73250e-17  1.53596e-18    3264   430.555  3.04262e+16  0     
   9267.1006  1.91684e-17  2.52217e-17  1.52563e-18    3265   430.557  3.04303e+16  0     
   9268.2979  1.93491e-17  2.33089e-17  1.49939e-18    3266   430.559  3.04342e+16  0     
   9269.4951  1.98293e-17  2.26809e-17  1.49703e-18    3267   430.562  3.04379e+16  0     
   9270.6924  1.82305e-17  2.14050e-17  1.45445e-18    3268   430.564  3.03688e+16  0     
   9271.8887  1.94389e-17  2.14819e-17  1.47742e-18    3269   430.566  3.02639e+16  0     
   9273.0859  1.84053e-17  2.13080e-17  1.46257e-18    3270   430.568  3.01187e+16  0     
   9274.2832  1.93725e-17  2.15907e-17  1.48709e-18    3271   430.571  2.99433e+16  0     
   9275.4795  1.98572e-17  2.21236e-17  1.51536e-18    3272   430.573  2.95112e+16  0     
   9276.6768  2.03530e-17  2.21872e-17  1.53480e-18    3273   430.575  2.91484e+16  0     
   9277.8740  2.02510e-17  2.24913e-17  1.54484e-18    3274   430.578  2.89198e+16  0     
   9279.0703  2.08497e-17  2.19081e-17  1.54836e-18    3275   430.580  2.88126e+16  0     
   9280.2676  1.95226e-17  2.15425e-17  1.52391e-18    3276   430.582  2.87425e+16  0     
   9281.4639  2.15228e-17  2.35768e-17  1.58158e-18    3277   430.584  2.89031e+16  0     
   9282.6611  1.94288e-17  2.68321e-17  1.59310e-18    3278   430.587  2.90968e+16  0     
   9283.8584  2.13051e-17  3.37121e-17  1.72427e-18    3279   430.589  2.89455e+16  0     
   9285.0547  1.95442e-17  3.92292e-17  1.78330e-18    3280   430.591  2.87247e+16  0     
   9286.2520  1.73113e-17  4.28540e-17  1.79932e-18    3281   430.594  2.88044e+16  0     
   9287.4482  1.72070e-17  4.37504e-17  1.80044e-18    3282   430.596  2.90798e+16  0     
   9288.6455  1.80005e-17  4.39594e-17  1.80811e-18    3283   430.598  2.92431e+16  0     
   9289.8418  1.92880e-17  4.18702e-17  1.79989e-18    3284   430.600  2.91740e+16  0     
   9291.0391  2.25116e-17  4.41665e-17  1.87852e-18    3285   430.603  2.89738e+16  0     
   9292.2354  1.76874e-17  4.64279e-17  1.85503e-18    3286   430.605  2.87044e+16  0     
   9293.4326  2.18017e-17  4.65816e-17  1.92066e-18    3287   430.607  2.84104e+16  0     
   9294.6289  1.88607e-17  4.75096e-17  1.90711e-18    3288   430.610  2.80787e+16  0     
   9295.8262  1.75076e-17  4.44066e-17  1.85588e-18    3289   430.612  2.78744e+16  0     
   9297.0225  1.95022e-17  3.73981e-17  1.79727e-18    3290   430.614  2.75974e+16  0     
   9298.2197  2.09002e-17  3.13952e-17  1.73914e-18    3291   430.617  2.73845e+16  0     
   9299.4160  2.08663e-17  2.80303e-17  1.69469e-18    3292   430.619  2.72182e+16  0     
   9300.6133  2.09895e-17  3.24339e-17  1.76494e-18    3293   430.621  2.71242e+16  0     
   9301.8096  2.13981e-17  6.31849e-17  2.17247e-18    3294   430.623  2.70758e+16  0     
   9303.0059  1.59062e-17  1.61470e-16  3.06725e-18    3295   430.626  2.72738e+16  0     
   9304.2031  2.48976e-17  3.22259e-16  4.23775e-18    3296   430.628  2.74157e+16  0     
   9305.3994  1.81982e-17  4.79170e-16  5.07742e-18    3297   430.630  2.71936e+16  0     
   9306.5957  2.62061e-17  5.81926e-16  5.66050e-18    3298   430.633  2.66871e+16  0     
   9307.7930  2.00711e-17  6.49938e-16  6.01941e-18    3299   430.635  2.59794e+16  0     
   9308.9893  1.47027e-17  7.19640e-16  6.35031e-18    3300   430.637  2.55626e+16  0     
   9310.1855  2.11941e-17  8.25848e-16  6.78734e-18    3301   430.640  2.57725e+16  0     
   9311.3828  1.65249e-17  8.84332e-16  6.93717e-18    3302   430.642  2.62204e+16  0     
   9312.5791  1.59802e-17  8.59158e-16  6.84808e-18    3303   430.644  2.61458e+16  0     
   9313.7754  2.54708e-17  8.44763e-16  6.94057e-18    3304   430.647  2.53197e+16  0     
   9314.9717  1.80092e-17  8.36474e-16  7.06416e-18    3305   430.649  2.40149e+16  0     
   9316.1689  2.16085e-17  6.70371e-16  6.50655e-18    3306   430.651  2.29886e+16  0     
   9317.3652  1.37877e-17  3.70409e-16  4.89721e-18    3307   430.653  2.27612e+16  0     
   9318.5615  1.65501e-17  2.43722e-16  4.00390e-18    3308   430.656  2.32967e+16  0     
   9319.7578  1.66190e-17  3.52002e-16  4.66868e-18    3309   430.658  2.40219e+16  0     
   9320.9541  1.93428e-17  5.96292e-16  5.97746e-18    3310   430.660  2.42530e+16  0     
   9322.1514  2.26976e-17  7.78689e-16  6.89079e-18    3311   430.663  2.36889e+16  0     
   9323.3477  3.00825e-17  8.58436e-16  7.40214e-18    3312   430.665  2.27468e+16  0     
   9324.5439  2.47963e-17  8.73105e-16  7.54186e-18    3313   430.667  2.21466e+16  0     
   9325.7402  2.91233e-17  7.43872e-16  6.96345e-18    3314   430.670  2.23980e+16  0     
   9326.9365  2.39705e-17  4.57406e-16  5.39564e-18    3315   430.672  2.33753e+16  0     
   9328.1328  1.62966e-17  2.01167e-16  3.58062e-18    3316   430.674  2.44486e+16  0     
   9329.3291  2.06825e-17  1.08599e-16  2.76871e-18    3317   430.677  2.48868e+16  0     
   9330.5254  2.42015e-17  8.41304e-17  2.55874e-18    3318   430.679  2.47071e+16  0     
   9331.7217  1.87910e-17  7.74242e-17  2.46399e-18    3319   430.681  2.39322e+16  0     
   9332.9189  1.81055e-17  8.52430e-17  2.61456e-18    3320   430.684  2.27900e+16  0     
   9334.1152  2.10640e-17  1.26901e-16  3.16705e-18    3321   430.686  2.17674e+16  0     
   9335.3115  2.44375e-17  2.09414e-16  3.97677e-18    3322   430.688  2.13638e+16  0     
   9336.5078  2.02427e-17  2.57493e-16  4.31397e-18    3323   430.691  2.14275e+16  0     
   9337.7041  1.81671e-17  2.71531e-16  4.40010e-18    3324   430.693  2.14542e+16  0     
   9338.9004  2.20997e-17  2.69343e-16  4.45498e-18    3325   430.695  2.10632e+16  0     
   9340.0967  1.90453e-17  2.46603e-16  4.34571e-18    3326   430.698  2.02663e+16  0     
   9341.2930  1.70251e-17  1.69414e-16  3.77128e-18    3327   430.700  1.92274e+16  0     
   9342.4883  2.59649e-17  8.50730e-17  3.05285e-18    3328   430.702  1.81939e+16  0     
   9343.6846  1.81084e-17  5.70944e-17  2.61728e-18    3329   430.704  1.75677e+16  0     
   9344.8809  1.85904e-17  5.63127e-17  2.54757e-18    3330   430.707  1.83709e+16  0     
   9346.0771  2.37324e-17  6.07386e-17  2.52845e-18    3331   430.709  2.04833e+16  0     
   9347.2734  2.26883e-17  6.48769e-17  2.41397e-18    3332   430.711  2.29575e+16  0     
   9348.4697  2.15421e-17  7.05126e-17  2.37753e-18    3333   430.714  2.46242e+16  0     
   9349.6660  2.01569e-17  7.01423e-17  2.33368e-18    3334   430.716  2.50733e+16  0     
   9350.8623  2.11172e-17  7.08875e-17  2.39150e-18    3335   430.719  2.43475e+16  0     
   9352.0576  1.61332e-17  6.36570e-17  2.31570e-18    3336   430.721  2.29357e+16  0     
   9353.2539  2.33007e-17  5.34481e-17  2.37296e-18    3337   430.723  2.12622e+16  0     
   9354.4502  2.15145e-17  4.59328e-17  2.33048e-18    3338   430.725  1.98393e+16  0     
   9355.6465  1.73633e-17  4.16238e-17  2.23346e-18    3339   430.728  1.93205e+16  0     
   9356.8428  2.23728e-17  3.89970e-17  2.24890e-18    3340   430.730  1.96610e+16  0     
   9358.0391  2.28196e-17  4.06165e-17  2.22357e-18    3341   430.733  2.05656e+16  0     
   9359.2344  2.23729e-17  4.58259e-17  2.21829e-18    3342   430.735  2.18461e+16  0     
   9360.4307  2.22810e-17  4.54223e-17  2.11874e-18    3343   430.737  2.35840e+16  0     
   9361.6270  1.99959e-17  4.64779e-17  2.04460e-18    3344   430.740  2.47804e+16  0     
   9362.8223  1.99794e-17  4.61778e-17  2.02363e-18    3345   430.742  2.51489e+16  0     
   9364.0186  1.97508e-17  4.78649e-17  2.06928e-18    3346   430.744  2.45842e+16  0     
   9365.2148  1.97707e-17  4.87450e-17  2.12689e-18    3347   430.747  2.36462e+16  0     
   9366.4102  1.98302e-17  4.95680e-17  2.19757e-18    3348   430.749  2.25252e+16  0     
   9367.6064  2.19508e-17  5.16827e-17  2.30233e-18    3349   430.751  2.17185e+16  0     
   9368.8027  1.78781e-17  6.22428e-17  2.41963e-18    3350   430.754  2.12512e+16  0     
   9369.9980  2.00639e-17  1.06274e-16  2.98799e-18    3351   430.756  2.11334e+16  0     
   9371.1943  1.98334e-17  2.95121e-16  4.59084e-18    3352   430.758  2.13751e+16  0     
   9372.3906  2.23928e-17  7.88302e-16  7.14592e-18    3353   430.761  2.22952e+16  0     
   9373.5859  3.32572e-17  1.40571e-15  9.23942e-18    3354   430.763  2.35502e+16  0     
   9374.7822  2.05254e-17  1.67443e-15  9.86692e-18    3355   430.765  2.42982e+16  0     
   9375.9775  1.83182e-18  1.75329e-15  1.01137e-17    3356   430.768  2.39455e+16  0     
   9377.1738  1.71948e-17  1.75331e-15  1.03966e-17    3357   430.770  2.28628e+16  0     
   9378.3691  8.30659e-18  1.51702e-15  9.87795e-18    3358   430.772  2.18431e+16  0     
   9379.5654  1.86057e-17  8.66802e-16  7.61520e-18    3359   430.775  2.14301e+16  0     
   9380.7607  1.57470e-17  3.32683e-16  4.77839e-18    3360   430.777  2.17563e+16  0     
   9381.9570  2.34736e-17  1.69984e-16  3.53014e-18    3361   430.779  2.25544e+16  0     
   9383.1523  2.21802e-17  1.61681e-16  3.37247e-18    3362   430.782  2.34970e+16  0     
   9384.3486  2.33529e-17  1.94999e-16  3.59186e-18    3363   430.784  2.43935e+16  0     
   9385.5439  2.46091e-17  2.06080e-16  3.65065e-18    3364   430.787  2.48830e+16  0     
   9386.7402  2.33541e-17  1.90194e-16  3.51320e-18    3365   430.789  2.49374e+16  0     
   9387.9355  2.08059e-17  1.73077e-16  3.32880e-18    3366   430.791  2.52974e+16  0     
   9389.1318  1.99560e-17  1.43372e-16  3.00092e-18    3367   430.794  2.63654e+16  0     
   9390.3271  1.67940e-17  9.03629e-17  2.39638e-18    3368   430.796  2.76732e+16  0     
   9391.5225  1.90299e-17  5.14934e-17  1.95209e-18    3369   430.798  2.82935e+16  0     
   9392.7188  1.94892e-17  4.01056e-17  1.80419e-18    3370   430.801  2.84435e+16  0     
   9393.9141  1.83235e-17  4.39210e-17  1.83966e-18    3371   430.803  2.84443e+16  0     
   9395.1104  1.95984e-17  4.77938e-17  1.90738e-18    3372   430.805  2.84273e+16  0     
   9396.3057  1.88271e-17  5.09302e-17  1.95141e-18    3373   430.808  2.80558e+16  0     
   9397.5010  1.94394e-17  6.85527e-17  2.19755e-18    3374   430.810  2.74154e+16  0     
   9398.6963  2.46028e-17  1.24520e-16  2.85203e-18    3375   430.812  2.67461e+16  0     
   9399.8926  2.06302e-17  1.97772e-16  3.45500e-18    3376   430.815  2.63006e+16  0     
   9401.0879  1.99706e-17  2.26756e-16  3.66765e-18    3377   430.817  2.62649e+16  0     
   9402.2832  2.40858e-17  2.29972e-16  3.69718e-18    3378   430.820  2.65826e+16  0     
   9403.4785  1.44592e-17  2.19074e-16  3.51964e-18    3379   430.822  2.70172e+16  0     
   9404.6748  1.98092e-17  1.80678e-16  3.26066e-18    3380   430.824  2.71575e+16  0     
   9405.8701  1.93900e-17  1.05481e-16  2.60478e-18    3381   430.827  2.70809e+16  0     
   9407.0654  1.80010e-17  5.45186e-17  2.03909e-18    3382   430.829  2.67357e+16  0     
   9408.2607  2.07277e-17  3.65197e-17  1.85465e-18    3383   430.831  2.62120e+16  0     
   9409.4561  2.00089e-17  3.31916e-17  1.82185e-18    3384   430.834  2.55534e+16  0     
   9410.6523  1.89453e-17  3.25819e-17  1.80317e-18    3385   430.836  2.53922e+16  0     
   9411.8477  1.99989e-17  3.07272e-17  1.77169e-18    3386   430.839  2.58817e+16  0     
   9413.0430  2.09566e-17  3.16216e-17  1.77248e-18    3387   430.841  2.65864e+16  0     
   9414.2383  1.49414e-17  3.98330e-17  1.79177e-18    3388   430.843  2.69260e+16  0     
   9415.4336  1.85536e-17  8.17738e-17  2.36068e-18    3389   430.846  2.68688e+16  0     
   9416.6289  1.62189e-17  2.02097e-16  3.43009e-18    3390   430.848  2.66617e+16  0     
   9417.8242  2.47544e-17  3.20717e-16  4.30728e-18    3391   430.850  2.64320e+16  0     
   9419.0195  2.93114e-17  3.66836e-16  4.60751e-18    3392   430.853  2.64152e+16  0     
   9420.2148  2.26856e-17  3.84002e-16  4.65873e-18    3393   430.855  2.65104e+16  0     
   9421.4102  2.59846e-17  3.67435e-16  4.58366e-18    3394   430.858  2.65088e+16  0     
   9422.6055  2.45951e-17  2.87149e-16  4.12775e-18    3395   430.860  2.60413e+16  0     
   9423.8008  1.66984e-17  1.61676e-16  3.21021e-18    3396   430.862  2.51186e+16  0     
   9424.9961  1.69447e-17  9.09861e-17  2.60713e-18    3397   430.865  2.37811e+16  0     
   9426.1914  2.19802e-17  6.32795e-17  2.42942e-18    3398   430.867  2.21947e+16  0     
   9427.3867  1.85636e-17  4.77664e-17  2.25601e-18    3399   430.869  2.07449e+16  0     
   9428.5820  1.92885e-17  3.86821e-17  2.13603e-18    3400   430.872  2.06149e+16  0     
   9429.7773  1.90767e-17  3.53762e-17  1.99957e-18    3401   430.874  2.20782e+16  0     
   9430.9727  1.90469e-17  3.31372e-17  1.86250e-18    3402   430.877  2.42171e+16  0     
   9432.1680  1.83086e-17  3.26057e-17  1.77169e-18    3403   430.879  2.59555e+16  0     
   9433.3633  1.96257e-17  3.91556e-17  1.84933e-18    3404   430.881  2.69056e+16  0     
   9434.5586  2.03622e-17  7.99801e-17  2.36328e-18    3405   430.884  2.68171e+16  0     
   9435.7539  1.76928e-17  2.91633e-16  4.13975e-18    3406   430.886  2.57027e+16  0     
   9436.9482  2.55412e-17  7.70719e-16  6.80359e-18    3407   430.889  2.41415e+16  0     
   9438.1436  1.58987e-17  1.16636e-15  8.58502e-18    3408   430.891  2.24476e+16  0     
   9439.3389  2.43708e-17  1.35245e-15  9.58536e-18    3409   430.893  2.09578e+16  0     
   9440.5342  9.90067e-18  1.42298e-15  1.00003e-17    3410   430.896  2.00392e+16  0     
   9441.7295  1.59295e-17  1.26647e-15  9.43814e-18    3411   430.898  2.01505e+16  0     
   9442.9238  1.80428e-17  7.58051e-16  7.15392e-18    3412   430.901  2.13176e+16  0     
   9444.1191  2.21151e-17  2.76978e-16  4.31715e-18    3413   430.903  2.29414e+16  0     
   9445.3145  1.39375e-17  1.23670e-16  2.87435e-18    3414   430.905  2.45115e+16  0     
   9446.5098  2.33941e-17  8.73346e-17  2.52462e-18    3415   430.908  2.58250e+16  0     
   9447.7041  1.85763e-17  7.65248e-17  2.31054e-18    3416   430.910  2.67003e+16  0     
   9448.8994  2.12737e-17  7.12739e-17  2.26690e-18    3417   430.913  2.70237e+16  0     
   9450.0947  2.15945e-17  6.58817e-17  2.22091e-18    3418   430.915  2.67479e+16  0     
   9451.2891  1.65732e-17  5.71547e-17  2.07838e-18    3419   430.917  2.61747e+16  0     
   9452.4844  1.71865e-17  5.34594e-17  2.07711e-18    3420   430.920  2.53001e+16  0     
   9453.6797  2.03388e-17  7.64854e-17  2.44911e-18    3421   430.922  2.43328e+16  0     
   9454.8740  1.74551e-17  2.01710e-16  3.68159e-18    3422   430.924  2.33404e+16  0     
   9456.0693  2.05623e-17  4.28061e-16  5.28905e-18    3423   430.927  2.27131e+16  0     
   9457.2637  1.97424e-17  5.37291e-16  5.91036e-18    3424   430.929  2.25025e+16  0     
   9458.4590  1.79795e-17  5.72258e-16  6.09012e-18    3425   430.932  2.24381e+16  0     
   9459.6543  1.75470e-17  5.66741e-16  6.07203e-18    3426   430.934  2.23492e+16  0     
   9460.8486  1.70672e-17  4.90993e-16  5.66442e-18    3427   430.936  2.23811e+16  0     
   9462.0439  1.46261e-17  2.76072e-16  4.23791e-18    3428   430.939  2.31520e+16  0     
   9463.2383  2.21415e-17  1.04460e-16  2.76811e-18    3429   430.941  2.44387e+16  0     
   9464.4336  2.07935e-17  5.47792e-17  2.13308e-18    3430   430.944  2.54768e+16  0     
   9465.6279  2.09213e-17  4.09191e-17  1.94105e-18    3431   430.946  2.56819e+16  0     
   9466.8232  1.85814e-17  3.74374e-17  1.87270e-18    3432   430.949  2.53286e+16  0     
   9468.0176  1.82649e-17  3.52835e-17  1.84461e-18    3433   430.951  2.51239e+16  0     
   9469.2119  1.66795e-17  3.52334e-17  1.81773e-18    3434   430.953  2.51774e+16  0     
   9470.4072  1.62832e-17  3.94657e-17  1.86388e-18    3435   430.956  2.54460e+16  0     
   9471.6016  1.72302e-17  7.04391e-17  2.27323e-18    3436   430.958  2.56678e+16  0     
   9472.7969  1.81308e-17  2.47959e-16  3.84060e-18    3437   430.961  2.57891e+16  0     
   9473.9912  3.22107e-17  6.82631e-16  6.24390e-18    3438   430.963  2.57445e+16  0     
   9475.1855  6.91883e-18  1.02769e-15  7.54736e-18    3439   430.965  2.54193e+16  0     
   9476.3809  1.66768e-17  1.14481e-15  8.06102e-18    3440   430.968  2.49977e+16  0     
   9477.5752  2.74311e-17  1.18043e-15  8.31766e-18    3441   430.970  2.44139e+16  0     
   9478.7695  2.36493e-17  1.12826e-15  8.24932e-18    3442   430.973  2.36832e+16  0     
   9479.9648  1.98766e-17  8.08969e-16  7.15529e-18    3443   430.975  2.27246e+16  0     
   9481.1592  8.74741e-18  3.36789e-16  4.72838e-18    3444   430.978  2.20321e+16  0     
   9482.3535  1.88215e-17  1.31002e-16  3.13176e-18    3445   430.980  2.24825e+16  0     
   9483.5488  1.86728e-17  7.38900e-17  2.41503e-18    3446   430.982  2.40342e+16  0     
   9484.7432  1.74604e-17  5.34554e-17  2.05918e-18    3447   430.985  2.57823e+16  0     
   9485.9375  1.97542e-17  4.42536e-17  1.92083e-18    3448   430.987  2.69071e+16  0     
   9487.1318  1.82439e-17  4.31963e-17  1.86678e-18    3449   430.990  2.74098e+16  0     
   9488.3262  1.64470e-17  4.51019e-17  1.85654e-18    3450   430.992  2.77233e+16  0     
   9489.5215  1.74153e-17  4.69536e-17  1.90006e-18    3451   430.994  2.75684e+16  0     
   9490.7158  1.66367e-17  4.96986e-17  1.95945e-18    3452   430.997  2.67181e+16  0     
   9491.9102  1.80828e-17  5.24667e-17  2.07944e-18    3453   430.999  2.52206e+16  0     
   9493.1045  1.86655e-17  5.12634e-17  2.14656e-18    3454   431.002  2.36415e+16  0     
   9494.2988  1.72093e-17  4.55050e-17  2.09980e-18    3455   431.004  2.25616e+16  0     
   9495.4932  1.66988e-17  4.05264e-17  2.04301e-18    3456   431.007  2.20725e+16  0     
   9496.6875  1.61042e-17  4.22263e-17  2.05913e-18    3457   431.009  2.20882e+16  0     
   9497.8818  1.88241e-17  6.37584e-17  2.41876e-18    3458   431.011  2.17948e+16  0     
   9499.0771  2.03139e-17  1.73135e-16  3.62262e-18    3459   431.014  2.14645e+16  0     
   9500.2715  2.18885e-17  3.81818e-16  5.20041e-18    3460   431.016  2.12193e+16  0     
   9501.4658  2.31162e-17  4.81289e-16  5.72310e-18    3461   431.019  2.17801e+16  0     
   9502.6602  2.34577e-17  4.75996e-16  5.50493e-18    3462   431.021  2.32863e+16  0     
   9503.8545  1.70612e-17  4.31256e-16  4.98851e-18    3463   431.024  2.54620e+16  0     
   9505.0488  2.15376e-17  3.53944e-16  4.42339e-18    3464   431.026  2.71780e+16  0     
   9506.2432  1.92044e-17  2.06827e-16  3.40861e-18    3465   431.028  2.78817e+16  0     
   9507.4375  1.74489e-17  8.55791e-17  2.32703e-18    3466   431.031  2.82503e+16  0     
   9508.6309  1.45825e-17  4.86781e-17  1.85418e-18    3467   431.033  2.84143e+16  0     
   9509.8252  1.41958e-17  4.05488e-17  1.73950e-18    3468   431.036  2.83794e+16  0     
   9511.0195  1.52477e-17  3.58086e-17  1.69807e-18    3469   431.038  2.80450e+16  0     
   9512.2139  1.63906e-17  3.53225e-17  1.72585e-18    3470   431.041  2.75198e+16  0     
   9513.4082  1.85596e-17  4.16111e-17  1.88143e-18    3471   431.043  2.65768e+16  0     
   9514.6025  1.42510e-17  9.13602e-17  2.48827e-18    3472   431.046  2.54620e+16  0     
   9515.7969  1.39215e-17  3.10686e-16  4.33971e-18    3473   431.048  2.45430e+16  0     
   9516.9912  1.62751e-17  6.65908e-16  6.38732e-18    3474   431.050  2.35147e+16  0     
   9518.1846  1.16022e-17  8.40616e-16  7.24399e-18    3475   431.053  2.27894e+16  0     
   9519.3789  2.38144e-17  8.89152e-16  7.52212e-18    3476   431.055  2.26279e+16  0     
   9520.5732  2.44048e-17  8.66774e-16  7.39242e-18    3477   431.058  2.28728e+16  0     
   9521.7676  1.11510e-17  7.18720e-16  6.66068e-18    3478   431.060  2.31216e+16  0     
   9522.9619  1.16150e-17  3.83823e-16  4.89772e-18    3479   431.063  2.33934e+16  0     
   9524.1553  1.40333e-17  1.36732e-16  3.04543e-18    3480   431.065  2.38401e+16  0     
   9525.3496  1.39090e-17  7.15047e-17  2.31213e-18    3481   431.068  2.43366e+16  0     
   9526.5439  1.58740e-17  5.58609e-17  2.11573e-18    3482   431.070  2.47750e+16  0     
   9527.7373  1.97623e-17  5.30239e-17  2.12193e-18    3483   431.072  2.49384e+16  0     
   9528.9316  2.01698e-17  5.14351e-17  2.09651e-18    3484   431.075  2.51519e+16  0     
   9530.1260  1.56148e-17  5.03414e-17  1.99670e-18    3485   431.077  2.57020e+16  0     
   9531.3193  1.83833e-17  5.03940e-17  2.00419e-18    3486   431.080  2.64129e+16  0     
   9532.5137  1.51946e-17  5.28655e-17  1.98057e-18    3487   431.082  2.67578e+16  0     
   9533.7080  1.65985e-17  5.93792e-17  2.08575e-18    3488   431.085  2.66634e+16  0     
   9534.9014  1.60946e-17  6.93664e-17  2.21583e-18    3489   431.087  2.63341e+16  0     
   9536.0957  1.92607e-17  7.18265e-17  2.29657e-18    3490   431.090  2.60208e+16  0     
   9537.2891  1.59923e-17  7.01033e-17  2.24654e-18    3491   431.092  2.58343e+16  0     
   9538.4834  1.98296e-17  6.32962e-17  2.21004e-18    3492   431.094  2.58489e+16  0     
   9539.6768  1.60790e-17  5.42562e-17  2.05269e-18    3493   431.097  2.57567e+16  0     
   9540.8711  1.79534e-17  4.07240e-17  1.91127e-18    3494   431.099  2.53274e+16  0     
   9542.0645  1.81748e-17  3.44980e-17  1.84888e-18    3495   431.102  2.47069e+16  0     
   9543.2588  1.73743e-17  3.28387e-17  1.83653e-18    3496   431.104  2.41104e+16  0     
   9544.4521  1.74200e-17  3.23377e-17  1.84353e-18    3497   431.107  2.37876e+16  0     
   9545.6465  1.53833e-17  3.25100e-17  1.79545e-18    3498   431.109  2.42116e+16  0     
   9546.8398  1.63801e-17  3.40162e-17  1.78800e-18    3499   431.112  2.53405e+16  0     
   9548.0342  1.93193e-17  5.83472e-17  2.11951e-18    3500   431.114  2.63690e+16  0     
   9549.2275  2.20754e-17  1.47054e-16  3.03829e-18    3501   431.117  2.65843e+16  0     
   9550.4219  1.42819e-17  2.50810e-16  3.79373e-18    3502   431.119  2.63188e+16  0     
   9551.6152  1.64761e-17  2.93656e-16  4.14546e-18    3503   431.122  2.56973e+16  0     
   9552.8086  1.51911e-17  3.15239e-16  4.36692e-18    3504   431.124  2.46593e+16  0     
   9554.0029  1.99171e-17  3.19750e-16  4.53401e-18    3505   431.126  2.35259e+16  0     
   9555.1963  1.58212e-17  2.60472e-16  4.12538e-18    3506   431.129  2.32535e+16  0     
   9556.3896  1.95891e-17  1.32083e-16  3.04647e-18    3507   431.131  2.39535e+16  0     
   9557.5840  1.58026e-17  7.10081e-17  2.29822e-18    3508   431.134  2.49464e+16  0     
   9558.7773  1.71343e-17  5.88150e-17  2.12652e-18    3509   431.136  2.57264e+16  0     
   9559.9707  1.50890e-17  5.51486e-17  2.02992e-18    3510   431.139  2.62553e+16  0     
   9561.1641  1.73894e-17  5.57002e-17  2.06744e-18    3511   431.141  2.62389e+16  0     
   9562.3584  1.30190e-17  8.18634e-17  2.36516e-18    3512   431.144  2.55138e+16  0     
   9563.5518  2.07397e-17  2.16349e-16  3.73227e-18    3513   431.146  2.44587e+16  0     
   9564.7451  2.52916e-17  4.81820e-16  5.47481e-18    3514   431.149  2.38881e+16  0     
   9565.9385  1.95197e-17  6.34259e-16  6.19474e-18    3515   431.151  2.39656e+16  0     
   9567.1318  1.03595e-17  6.57567e-16  6.20511e-18    3516   431.154  2.43906e+16  0     
   9568.3262  1.91049e-17  6.39991e-16  6.10144e-18    3517   431.156  2.48909e+16  0     
   9569.5195  1.47299e-17  5.51047e-16  5.57642e-18    3518   431.159  2.56203e+16  0     
   9570.7129  1.44508e-17  3.24676e-16  4.28175e-18    3519   431.161  2.62710e+16  0     
   9571.9062  1.68015e-17  1.24361e-16  2.76949e-18    3520   431.164  2.69140e+16  0     
   9573.0996  1.27585e-17  6.43562e-17  2.05997e-18    3521   431.166  2.76218e+16  0     
   9574.2930  1.76110e-17  4.63454e-17  1.87063e-18    3522   431.168  2.82130e+16  0     
   9575.4863  1.96254e-17  3.86132e-17  1.79472e-18    3523   431.171  2.81873e+16  0     
   9576.6797  1.75816e-17  3.42844e-17  1.72822e-18    3524   431.173  2.75159e+16  0     
   9577.8730  1.85412e-17  3.33413e-17  1.76253e-18    3525   431.176  2.65777e+16  0     
   9579.0664  1.60876e-17  3.34347e-17  1.75865e-18    3526   431.178  2.57450e+16  0     
   9580.2598  1.86069e-17  3.11363e-17  1.78141e-18    3527   431.181  2.52544e+16  0     
   9581.4531  1.77199e-17  3.05480e-17  1.76062e-18    3528   431.183  2.52010e+16  0     
   9582.6465  1.66622e-17  3.03619e-17  1.71986e-18    3529   431.186  2.57462e+16  0     
   9583.8398  1.50942e-17  2.93043e-17  1.64762e-18    3530   431.188  2.65843e+16  0     
   9585.0332  1.65954e-17  3.00376e-17  1.67009e-18    3531   431.191  2.69370e+16  0     
   9586.2266  1.68571e-17  2.91129e-17  1.67814e-18    3532   431.193  2.64236e+16  0     
   9587.4199  1.72269e-17  3.09012e-17  1.75042e-18    3533   431.196  2.54034e+16  0     
   9588.6133  1.76580e-17  3.55376e-17  1.87030e-18    3534   431.198  2.43933e+16  0     
   9589.8066  1.57191e-17  4.09098e-17  1.94997e-18    3535   431.201  2.37734e+16  0     
   9591.0000  1.72272e-17  4.27477e-17  1.99772e-18    3536   431.203  2.38102e+16  0     
   9592.1924  1.85068e-17  4.18740e-17  1.98016e-18    3537   431.206  2.43159e+16  0     
   9593.3857  1.75732e-17  4.07600e-17  1.91455e-18    3538   431.208  2.51334e+16  0     
   9594.5791  1.57085e-17  3.81226e-17  1.81977e-18    3539   431.211  2.58399e+16  0     
   9595.7725  1.50123e-17  3.30566e-17  1.71160e-18    3540   431.213  2.63991e+16  0     
   9596.9658  1.79939e-17  3.07076e-17  1.71686e-18    3541   431.216  2.65193e+16  0     
   9598.1582  1.81831e-17  2.92352e-17  1.69335e-18    3542   431.218  2.66248e+16  0     
   9599.3516  1.76360e-17  3.00574e-17  1.68651e-18    3543   431.221  2.69334e+16  0     
   9600.5449  1.88047e-17  2.88568e-17  1.66886e-18    3544   431.223  2.74238e+16  0     
   9601.7383  1.44900e-17  3.13837e-17  1.64185e-18    3545   431.226  2.74134e+16  0     
   9602.9307  1.59964e-17  3.84851e-17  1.78234e-18    3546   431.228  2.70666e+16  0     
   9604.1240  1.98761e-17  8.02134e-17  2.37122e-18    3547   431.231  2.65910e+16  0     
   9605.3174  1.81318e-17  1.43705e-16  2.99638e-18    3548   431.233  2.62211e+16  0     
   9606.5098  1.71415e-17  1.70580e-16  3.22514e-18    3549   431.236  2.60946e+16  0     
   9607.7031  1.88045e-17  1.73865e-16  3.24508e-18    3550   431.238  2.64152e+16  0     
   9608.8955  1.80397e-17  1.70209e-16  3.17460e-18    3551   431.241  2.69703e+16  0     
   9610.0889  1.58204e-17  1.44508e-16  2.91070e-18    3552   431.243  2.74825e+16  0     
   9611.2822  1.46109e-17  8.86400e-17  2.34933e-18    3553   431.246  2.78016e+16  0     
   9612.4746  2.09430e-17  5.04828e-17  1.98308e-18    3554   431.248  2.77812e+16  0     
   9613.6680  1.71869e-17  4.25554e-17  1.83685e-18    3555   431.251  2.75914e+16  0     
   9614.8604  1.76752e-17  4.21190e-17  1.85079e-18    3556   431.253  2.72368e+16  0     
   9616.0537  1.54650e-17  5.65666e-17  2.02380e-18    3557   431.256  2.69551e+16  0     
   9617.2461  1.39027e-17  1.15427e-16  2.66790e-18    3558   431.258  2.67051e+16  0     
   9618.4395  1.13570e-17  2.03890e-16  3.42426e-18    3559   431.261  2.63979e+16  0     
   9619.6318  1.46972e-17  2.54320e-16  3.85231e-18    3560   431.263  2.59033e+16  0     
   9620.8252  2.28837e-17  2.67567e-16  4.02384e-18    3561   431.266  2.55888e+16  0     
   9622.0176  2.37157e-17  2.68424e-16  4.03666e-18    3562   431.268  2.55708e+16  0     
   9623.2109  1.31075e-17  2.29906e-16  3.66875e-18    3563   431.271  2.58777e+16  0     
   9624.4033  1.67204e-17  1.39846e-16  2.95092e-18    3564   431.273  2.61958e+16  0     
   9625.5957  1.61896e-17  7.56895e-17  2.28236e-18    3565   431.276  2.65182e+16  0     
   9626.7891  1.76778e-17  5.69503e-17  2.06396e-18    3566   431.278  2.67789e+16  0     
   9627.9814  1.47285e-17  5.28259e-17  1.95019e-18    3567   431.281  2.73535e+16  0     
   9629.1738  1.79922e-17  4.86083e-17  1.90875e-18    3568   431.283  2.81147e+16  0     
   9630.3672  1.43099e-17  4.66700e-17  1.81224e-18    3569   431.286  2.87457e+16  0     
   9631.5596  1.68561e-17  4.35236e-17  1.79555e-18    3570   431.288  2.89979e+16  0     
   9632.7520  1.45829e-17  4.13803e-17  1.74647e-18    3571   431.291  2.86749e+16  0     
   9633.9443  1.53200e-17  3.71459e-17  1.71791e-18    3572   431.293  2.80627e+16  0     
   9635.1377  1.37528e-17  3.59754e-17  1.71078e-18    3573   431.296  2.71161e+16  0     
   9636.3301  1.76938e-17  3.41659e-17  1.77479e-18    3574   431.298  2.62442e+16  0     
   9637.5225  1.73538e-17  3.41357e-17  1.78720e-18    3575   431.301  2.57797e+16  0     
   9638.7148  1.77660e-17  3.37921e-17  1.77718e-18    3576   431.303  2.60641e+16  0     
   9639.9082  1.39043e-17  3.23922e-17  1.67085e-18    3577   431.306  2.67684e+16  0     
   9641.1006  1.87056e-17  3.07676e-17  1.70367e-18    3578   431.308  2.72092e+16  0     
   9642.2930  1.32566e-17  3.05035e-17  1.61603e-18    3579   431.311  2.72027e+16  0     
   9643.4854  1.66814e-17  2.96606e-17  1.66400e-18    3580   431.314  2.69823e+16  0     
   9644.6777  1.67787e-17  2.96112e-17  1.67318e-18    3581   431.316  2.67438e+16  0     
   9645.8701  1.69894e-17  3.03409e-17  1.69857e-18    3582   431.319  2.64439e+16  0     
   9647.0625  1.60250e-17  2.97225e-17  1.66715e-18    3583   431.321  2.66323e+16  0     
   9648.2549  1.71671e-17  3.15997e-17  1.68670e-18    3584   431.324  2.73906e+16  0     
   9649.4482  1.68032e-17  3.54688e-17  1.70647e-18    3585   431.326  2.83168e+16  0     
   9650.6406  1.61415e-17  4.26258e-17  1.79276e-18    3586   431.329  2.84492e+16  0     
   9651.8330  1.82401e-17  4.85654e-17  1.90730e-18    3587   431.331  2.82250e+16  0     
   9653.0254  1.67099e-17  5.39059e-17  1.96615e-18    3588   431.334  2.79544e+16  0     
   9654.2178  1.77198e-17  5.49604e-17  1.98632e-18    3589   431.336  2.81030e+16  0     
   9655.4102  1.67119e-17  5.74610e-17  1.99574e-18    3590   431.339  2.83381e+16  0     
   9656.6016  1.49119e-17  6.12649e-17  2.01604e-18    3591   431.341  2.84459e+16  0     
   9657.7939  1.63979e-17  6.30611e-17  2.06259e-18    3592   431.344  2.82628e+16  0     
   9658.9863  1.69143e-17  6.36421e-17  2.09549e-18    3593   431.346  2.77694e+16  0     
   9660.1787  1.56736e-17  6.96876e-17  2.18034e-18    3594   431.349  2.71057e+16  0     
   9661.3711  1.54670e-17  6.86606e-17  2.19023e-18    3595   431.351  2.65494e+16  0     
   9662.5635  1.55024e-17  5.94542e-17  2.08394e-18    3596   431.354  2.64067e+16  0     
   9663.7559  1.94950e-17  5.81811e-17  2.10612e-18    3597   431.357  2.66804e+16  0     
   9664.9482  1.90201e-17  9.12620e-17  2.45566e-18    3598   431.359  2.71080e+16  0     
   9666.1406  1.82680e-17  1.54470e-16  3.01324e-18    3599   431.362  2.75399e+16  0     
   9667.3320  1.52528e-17  1.88221e-16  3.24192e-18    3600   431.364  2.78429e+16  0     
   9668.5244  1.56160e-17  2.00609e-16  3.33891e-18    3601   431.367  2.78375e+16  0     
   9669.7168  1.89191e-17  2.05898e-16  3.40412e-18    3602   431.369  2.78119e+16  0     
   9670.9092  2.13687e-17  1.97232e-16  3.35533e-18    3603   431.372  2.78581e+16  0     
   9672.1006  1.88907e-17  1.47454e-16  2.91733e-18    3604   431.374  2.83049e+16  0     
   9673.2930  1.56128e-17  9.77340e-17  2.40830e-18    3605   431.377  2.88134e+16  0     
   9674.4854  1.35498e-17  8.09541e-17  2.20672e-18    3606   431.379  2.89355e+16  0     
   9675.6777  1.38678e-17  8.43799e-17  2.24749e-18    3607   431.382  2.89253e+16  0     
   9676.8691  1.88333e-17  1.14601e-16  2.60055e-18    3608   431.384  2.88351e+16  0     
   9678.0615  1.39311e-17  1.78419e-16  3.11696e-18    3609   431.387  2.85060e+16  0     
   9679.2529  1.54053e-17  2.82382e-16  3.89253e-18    3610   431.390  2.79558e+16  0     
   9680.4453  1.73797e-17  3.53162e-16  4.35522e-18    3611   431.392  2.76643e+16  0     
   9681.6377  1.77121e-17  3.65296e-16  4.42460e-18    3612   431.395  2.76874e+16  0     
   9682.8291  1.83617e-17  3.39890e-16  4.25288e-18    3613   431.397  2.80601e+16  0     
   9684.0215  1.27430e-17  2.78807e-16  3.81859e-18    3614   431.400  2.84431e+16  0     
   9685.2129  1.35553e-17  1.81408e-16  3.12717e-18    3615   431.402  2.86849e+16  0     
   9686.4053  1.38824e-17  1.05688e-16  2.47423e-18    3616   431.405  2.87157e+16  0     
   9687.5977  1.73281e-17  1.11526e-16  2.56388e-18    3617   431.407  2.87048e+16  0     
   9688.7891  1.58623e-17  1.31563e-16  2.73574e-18    3618   431.410  2.86600e+16  0     
   9689.9805  1.81242e-17  1.32571e-16  2.76478e-18    3619   431.413  2.86554e+16  0     
   9691.1729  1.35914e-17  1.33461e-16  2.73265e-18    3620   431.415  2.86556e+16  0     
   9692.3643  1.59138e-17  1.26395e-16  2.69119e-18    3621   431.418  2.86365e+16  0     
   9693.5566  1.42559e-17  9.99368e-17  2.42569e-18    3622   431.420  2.86131e+16  0     
   9694.7480  1.65310e-17  9.67214e-17  2.41736e-18    3623   431.423  2.85885e+16  0     
   9695.9404  1.58756e-17  2.28441e-16  3.49596e-18    3624   431.425  2.85642e+16  0     
   9697.1318  1.99115e-17  3.91544e-16  4.51292e-18    3625   431.428  2.85395e+16  0     
   9698.3232  2.12750e-17  4.49365e-16  4.82371e-18    3626   431.430  2.85136e+16  0     
   9699.5156  1.14112e-17  4.65327e-16  4.85699e-18    3627   431.433  2.84836e+16  0     
   9700.7070  1.07964e-17  4.51979e-16  4.78950e-18    3628   431.436  2.84471e+16  0     
   9701.8984  1.79222e-17  3.64149e-16  4.36178e-18    3629   431.438  2.84089e+16  0     
   9703.0908  1.30047e-17  1.80156e-16  3.13089e-18    3630   431.441  2.83721e+16  0     
   9704.2822  1.27913e-17  7.64554e-17  2.17304e-18    3631   431.443  2.83363e+16  0     
   9705.4736  1.35150e-17  5.22116e-17  1.89063e-18    3632   431.446  2.82986e+16  0     
   9706.6660  1.58195e-17  5.09995e-17  1.90609e-18    3633   431.448  2.82625e+16  0     
   9707.8574  1.68732e-17  8.43797e-17  2.30914e-18    3634   431.451  2.82287e+16  0     
   9709.0488  1.89129e-17  1.58051e-16  3.01128e-18    3635   431.453  2.81970e+16  0     
   9710.2402  1.52727e-17  2.00919e-16  3.31847e-18    3636   431.456  2.81668e+16  0     
   9711.4316  1.57030e-17  2.09520e-16  3.38668e-18    3637   431.459  2.81382e+16  0     
   9712.6240  1.58291e-17  2.06604e-16  3.36804e-18    3638   431.461  2.81097e+16  0     
   9713.8154  1.81304e-17  1.94524e-16  3.29726e-18    3639   431.464  2.80811e+16  0     
   9715.0068  1.13467e-17  1.54740e-16  2.92871e-18    3640   431.466  2.80540e+16  0     
   9716.1982  2.03518e-17  2.47831e-16  3.69393e-18    3641   431.469  2.80275e+16  0     
   9717.3896  1.85708e-17  4.69814e-16  4.95781e-18    3642   431.471  2.80019e+16  0     
   9718.5811  1.07105e-17  5.70440e-16  5.40474e-18    3643   431.474  2.79733e+16  0     
   9719.7725  2.10756e-17  5.85031e-16  5.52110e-18    3644   431.477  2.79441e+16  0     
   9720.9639  2.97622e-17  5.81438e-16  5.54706e-18    3645   431.479  2.79134e+16  0     
   9722.1553  1.73425e-17  5.08465e-16  5.15303e-18    3646   431.482  2.78795e+16  0     
   9723.3467  8.56787e-18  2.77654e-16  3.82574e-18    3647   431.484  2.78457e+16  0     
   9724.5381  1.49289e-17  1.15355e-16  2.62037e-18    3648   431.487  2.78151e+16  0     
   9725.7295  1.74101e-17  7.43054e-17  2.22397e-18    3649   431.489  2.77860e+16  0     
   9726.9209  1.70076e-17  6.14707e-17  2.07107e-18    3650   431.492  2.77563e+16  0     
   9728.1123  1.63103e-17  5.49488e-17  1.98309e-18    3651   431.495  2.77270e+16  0     
   9729.3037  1.88835e-17  5.08224e-17  1.96454e-18    3652   431.497  2.76969e+16  0     
   9730.4951  1.61581e-17  5.34123e-17  1.96400e-18    3653   431.500  2.76663e+16  0     
   9731.6865  1.47784e-17  6.60774e-17  2.10438e-18    3654   431.502  2.76398e+16  0     
   9732.8779  1.55612e-17  8.28973e-17  2.30601e-18    3655   431.505  2.76169e+16  0     
   9734.0693  1.85055e-17  1.23639e-16  2.74238e-18    3656   431.508  2.75960e+16  0     
   9735.2607  1.36212e-17  2.11822e-16  3.42390e-18    3657   431.510  2.75731e+16  0     
   9736.4512  1.50935e-17  2.59780e-16  3.77163e-18    3658   431.513  2.75499e+16  0     
   9737.6426  2.07613e-17  2.61111e-16  3.81958e-18    3659   431.515  2.75294e+16  0     
   9738.8340  1.83542e-17  2.43083e-16  3.68351e-18    3660   431.518  2.75095e+16  0     
   9740.0254  1.69552e-17  2.17753e-16  3.49680e-18    3661   431.520  2.74903e+16  0     
   9741.2168  1.42384e-17  1.54999e-16  2.98773e-18    3662   431.523  2.74704e+16  0     
   9742.4072  1.38568e-17  9.85018e-17  2.46078e-18    3663   431.526  2.74504e+16  0     
   9743.5986  1.60681e-17  9.69546e-17  2.46862e-18    3664   431.528  2.74290e+16  0     
   9744.7900  1.73126e-17  9.97411e-17  2.51079e-18    3665   431.531  2.74048e+16  0     
   9745.9814  1.90026e-17  1.01830e-16  2.55001e-18    3666   431.533  2.73773e+16  0     
   9747.1719  1.51300e-17  9.72707e-17  2.46599e-18    3667   431.536  2.73503e+16  0     
   9748.3633  1.82125e-17  8.03700e-17  2.32049e-18    3668   431.539  2.73253e+16  0     
   9749.5547  1.62135e-17  5.53363e-17  2.00349e-18    3669   431.541  2.73046e+16  0     
   9750.7451  1.63775e-17  3.84090e-17  1.77869e-18    3670   431.544  2.72856e+16  0     
   9751.9365  1.51959e-17  3.43943e-17  1.70342e-18    3671   431.546  2.72655e+16  0     
   9753.1270  1.50928e-17  3.39245e-17  1.69558e-18    3672   431.549  2.72444e+16  0     
   9754.3184  1.34907e-17  3.34679e-17  1.66507e-18    3673   431.552  2.72233e+16  0     
   9755.5088  1.74813e-17  3.27169e-17  1.71469e-18    3674   431.554  2.72037e+16  0     
   9756.7002  1.44894e-17  3.23176e-17  1.66402e-18    3675   431.557  2.71869e+16  0     
   9757.8906  1.86559e-17  3.11287e-17  1.70952e-18    3676   431.559  2.71753e+16  0     
   9759.0820  1.40604e-17  3.06665e-17  1.63252e-18    3677   431.562  2.71652e+16  0     
   9760.2734  1.57724e-17  2.99619e-17  1.64858e-18    3678   431.565  2.71547e+16  0     
   9761.4639  1.56122e-17  2.88417e-17  1.62901e-18    3679   431.567  2.71426e+16  0     
   9762.6543  1.71875e-17  2.88337e-17  1.65390e-18    3680   431.570  2.71295e+16  0     
   9763.8457  1.73238e-17  2.83500e-17  1.64882e-18    3681   431.572  2.71204e+16  0     
   9765.0361  1.87374e-17  2.86341e-17  1.67524e-18    3682   431.575  2.71131e+16  0     
   9766.2275  1.62841e-17  3.00438e-17  1.65951e-18    3683   431.578  2.71044e+16  0     
   9767.4180  1.60514e-17  2.88527e-17  1.63766e-18    3684   431.580  2.70963e+16  0     
   9768.6094  1.78019e-17  2.89927e-17  1.66722e-18    3685   431.583  2.70896e+16  0     
   9769.7998  1.79572e-17  2.90711e-17  1.67096e-18    3686   431.585  2.70853e+16  0     
   9770.9902  1.93732e-17  3.01115e-17  1.70823e-18    3687   431.588  2.70855e+16  0     
   9772.1816  1.69627e-17  2.97873e-17  1.66664e-18    3688   431.591  2.70865e+16  0     
   9773.3721  1.69800e-17  2.97251e-17  1.66607e-18    3689   431.593  2.70831e+16  0     
   9774.5625  1.49366e-17  3.01783e-17  1.64160e-18    3690   431.596  2.70776e+16  0     
   9775.7529  1.74051e-17  3.11694e-17  1.69504e-18    3691   431.598  2.70706e+16  0     
   9776.9443  1.60030e-17  3.32938e-17  1.70615e-18    3692   431.601  2.70648e+16  0     
   9778.1348  1.57636e-17  3.38502e-17  1.71105e-18    3693   431.604  2.70608e+16  0     
   9779.3252  1.64183e-17  3.41290e-17  1.72517e-18    3694   431.606  2.70559e+16  0     
   9780.5156  1.51148e-17  3.52659e-17  1.72283e-18    3695   431.609  2.70518e+16  0     
   9781.7061  1.39239e-17  3.48547e-17  1.69887e-18    3696   431.611  2.70496e+16  0     
   9782.8975  1.83425e-17  3.61045e-17  1.78247e-18    3697   431.614  2.70497e+16  0     
   9784.0879  1.67554e-17  4.23902e-17  1.84882e-18    3698   431.617  2.70518e+16  0     
   9785.2783  1.60325e-17  8.11980e-17  2.31784e-18    3699   431.619  2.70571e+16  0     
   9786.4688  1.64821e-17  2.45371e-16  3.71743e-18    3700   431.622  2.70638e+16  0     
   9787.6592  2.06204e-17  7.07492e-16  6.14355e-18    3701   431.625  2.70665e+16  0     
   9788.8496  1.74154e-17  1.23143e-15  8.02850e-18    3702   431.627  2.70694e+16  0     
   9790.0400  1.48221e-17  1.41577e-15  8.58864e-18    3703   431.630  2.70759e+16  0     
   9791.2305  2.03486e-17  1.44475e-15  8.69011e-18    3704   431.632  2.70817e+16  0     
   9792.4209  2.57614e-17  1.37980e-15  8.51171e-18    3705   431.635  2.70876e+16  0     
   9793.6113  1.29318e-17  1.08877e-15  7.53987e-18    3706   431.638  2.70968e+16  0     
   9794.8018  7.48719e-18  5.52390e-16  5.39110e-18    3707   431.640  2.71094e+16  0     
   9795.9922  1.99226e-17  3.48468e-16  4.38689e-18    3708   431.643  2.71215e+16  0     
   9797.1826  2.92397e-17  4.36475e-16  4.92143e-18    3709   431.646  2.71307e+16  0     
   9798.3730  1.33155e-17  4.78197e-16  5.05315e-18    3710   431.648  2.71378e+16  0     
   9799.5635  1.25590e-17  4.68706e-16  5.00049e-18    3711   431.651  2.71430e+16  0     
   9800.7539  1.92158e-17  4.47586e-16  4.92532e-18    3712   431.653  2.71497e+16  0     
   9801.9443  2.00385e-17  3.82021e-16  4.57628e-18    3713   431.656  2.71554e+16  0     
   9803.1348  1.28544e-17  2.21991e-16  3.51968e-18    3714   431.659  2.71593e+16  0     
   9804.3252  1.39600e-17  1.13491e-16  2.62590e-18    3715   431.661  2.71623e+16  0     
   9805.5156  1.91400e-17  9.65462e-17  2.50859e-18    3716   431.664  2.71654e+16  0     
   9806.7051  1.58630e-17  9.67192e-17  2.47665e-18    3717   431.667  2.71676e+16  0     
   9807.8955  1.67459e-17  1.15804e-16  2.67484e-18    3718   431.669  2.71671e+16  0     
   9809.0859  2.05428e-17  1.69346e-16  3.17608e-18    3719   431.672  2.71636e+16  0     
   9810.2764  1.46752e-17  1.95547e-16  3.33591e-18    3720   431.674  2.71608e+16  0     
   9811.4668  1.31884e-17  1.91081e-16  3.28981e-18    3721   431.677  2.71634e+16  0     
   9812.6562  1.15603e-17  1.88770e-16  3.25877e-18    3722   431.680  2.71680e+16  0     
   9813.8467  1.67786e-17  1.83681e-16  3.25961e-18    3723   431.682  2.71710e+16  0     
   9815.0371  1.35237e-17  1.51380e-16  2.96793e-18    3724   431.685  2.71677e+16  0     
   9816.2266  1.60205e-17  1.03879e-16  2.55134e-18    3725   431.688  2.71621e+16  0     
   9817.4170  1.60059e-17  8.93169e-17  2.40078e-18    3726   431.690  2.71630e+16  0     
   9818.6074  1.82902e-17  8.19200e-17  2.34552e-18    3727   431.693  2.71670e+16  0     
   9819.7969  1.76116e-17  6.99266e-17  2.20294e-18    3728   431.695  2.71704e+16  0     
   9820.9873  1.64716e-17  5.55842e-17  2.01490e-18    3729   431.698  2.71809e+16  0     
   9822.1777  1.84145e-17  4.62471e-17  1.91841e-18    3730   431.701  2.71923e+16  0     
   9823.3672  1.49485e-17  4.71637e-17  1.88404e-18    3731   431.703  2.71954e+16  0     
   9824.5576  1.50329e-17  5.70018e-17  2.01407e-18    3732   431.706  2.71947e+16  0     
   9825.7471  1.52209e-17  6.69413e-17  2.13888e-18    3733   431.709  2.71887e+16  0     
   9826.9375  1.70624e-17  7.67664e-17  2.27431e-18    3734   431.711  2.71803e+16  0     
   9828.1270  1.54840e-17  7.71395e-17  2.26118e-18    3735   431.714  2.71703e+16  0     
   9829.3174  1.78894e-17  7.53876e-17  2.26890e-18    3736   431.717  2.71625e+16  0     
   9830.5068  1.60175e-17  6.88500e-17  2.17258e-18    3737   431.719  2.71508e+16  0     
   9831.6973  1.39843e-17  5.61832e-17  1.99246e-18    3738   431.722  2.71397e+16  0     
   9832.8867  1.78094e-17  4.42623e-17  1.88588e-18    3739   431.725  2.71334e+16  0     
   9834.0771  1.68523e-17  4.05852e-17  1.82196e-18    3740   431.727  2.71316e+16  0     
   9835.2666  1.55326e-17  3.67474e-17  1.74784e-18    3741   431.730  2.71361e+16  0     
   9836.4570  1.86746e-17  3.52605e-17  1.77190e-18    3742   431.733  2.71365e+16  0     
   9837.6465  1.69906e-17  3.43024e-17  1.73375e-18    3743   431.735  2.71247e+16  0     
   9838.8359  1.54088e-17  3.35776e-17  1.70002e-18    3744   431.738  2.71056e+16  0     
   9840.0264  1.54418e-17  3.20639e-17  1.67831e-18    3745   431.740  2.70840e+16  0     
   9841.2158  1.80561e-17  3.15168e-17  1.71030e-18    3746   431.743  2.70644e+16  0     
   9842.4053  1.98810e-17  3.64580e-17  1.80950e-18    3747   431.746  2.70502e+16  0     
   9843.5957  1.64749e-17  5.46101e-17  2.00835e-18    3748   431.748  2.70377e+16  0     
   9844.7852  1.10502e-17  1.49629e-16  2.93952e-18    3749   431.751  2.70228e+16  0     
   9845.9746  2.62056e-17  2.88943e-16  4.07317e-18    3750   431.754  2.70056e+16  0     
   9847.1641  1.57510e-17  3.50541e-16  4.38574e-18    3751   431.756  2.69868e+16  0     
   9848.3545  1.36622e-17  3.67186e-16  4.47246e-18    3752   431.759  2.69617e+16  0     
   9849.5439  2.00403e-17  3.67727e-16  4.51458e-18    3753   431.762  2.69330e+16  0     
   9850.7334  1.44718e-17  3.16133e-16  4.17792e-18    3754   431.764  2.69008e+16  0     
   9851.9229  1.50857e-17  1.80806e-16  3.24252e-18    3755   431.767  2.68656e+16  0     
   9853.1123  1.93580e-17  8.00502e-17  2.35208e-18    3756   431.770  2.68371e+16  0     
   9854.3018  1.96423e-17  5.15469e-17  2.01849e-18    3757   431.772  2.68225e+16  0     
   9855.4922  1.59762e-17  4.29225e-17  1.85446e-18    3758   431.775  2.68146e+16  0     
   9856.6816  1.58400e-17  3.85308e-17  1.79046e-18    3759   431.778  2.68053e+16  0     
   9857.8711  1.74798e-17  3.59515e-17  1.77713e-18    3760   431.780  2.67968e+16  0     
   9859.0605  1.69795e-17  3.53212e-17  1.76122e-18    3761   431.783  2.67788e+16  0     
   9860.2500  1.71246e-17  3.39970e-17  1.74459e-18    3762   431.786  2.67568e+16  0     
   9861.4395  1.61828e-17  3.59395e-17  1.76031e-18    3763   431.788  2.67325e+16  0     
   9862.6289  1.72741e-17  3.52277e-17  1.76665e-18    3764   431.791  2.67123e+16  0     
   9863.8184  1.59191e-17  3.77986e-17  1.78507e-18    3765   431.794  2.66959e+16  0     
   9865.0078  1.62305e-17  4.04850e-17  1.82885e-18    3766   431.796  2.66798e+16  0     
   9866.1973  1.73507e-17  5.05348e-17  1.98227e-18    3767   431.799  2.66601e+16  0     
   9867.3867  2.02602e-17  1.28620e-16  2.85581e-18    3768   431.802  2.66391e+16  0     
   9868.5762  3.02436e-17  4.79362e-16  5.19461e-18    3769   431.804  2.66185e+16  0     
   9869.7656  3.43497e-17  9.26916e-16  7.11230e-18    3770   431.807  2.66004e+16  0     
   9870.9551  7.76033e-18  1.09808e-15  7.62789e-18    3771   431.810  2.65775e+16  0     
   9872.1445  2.00981e-17  1.13897e-15  7.81157e-18    3772   431.812  2.65538e+16  0     
   9873.3330  9.49893e-18  1.12336e-15  7.72672e-18    3773   431.815  2.65309e+16  0     
   9874.5225  1.13260e-17  9.33313e-16  7.06282e-18    3774   431.818  2.65125e+16  0     
   9875.7119  1.28996e-17  4.58716e-16  5.01162e-18    3775   431.820  2.64990e+16  0     
   9876.9014  1.45943e-17  1.71858e-16  3.18987e-18    3776   431.823  2.64861e+16  0     
   9878.0908  1.41832e-17  9.40091e-17  2.46452e-18    3777   431.826  2.64760e+16  0     
   9879.2803  1.73637e-17  6.54591e-17  2.17847e-18    3778   431.828  2.64623e+16  0     
   9880.4688  1.76986e-17  5.31209e-17  2.02924e-18    3779   431.831  2.64499e+16  0     
   9881.6582  1.71702e-17  5.13082e-17  1.99916e-18    3780   431.834  2.64394e+16  0     
   9882.8477  1.70535e-17  5.65281e-17  2.06545e-18    3781   431.836  2.64317e+16  0     
   9884.0361  1.76028e-17  6.48001e-17  2.17526e-18    3782   431.839  2.64207e+16  0     
   9885.2256  1.64468e-17  6.67239e-17  2.18537e-18    3783   431.842  2.64016e+16  0     
   9886.4150  1.59196e-17  6.44598e-17  2.15262e-18    3784   431.845  2.63766e+16  0     
   9887.6035  1.66743e-17  6.16946e-17  2.12916e-18    3785   431.847  2.63478e+16  0     
   9888.7930  1.31401e-17  5.80018e-17  2.03911e-18    3786   431.850  2.63152e+16  0     
   9889.9824  1.57785e-17  8.02302e-17  2.34071e-18    3787   431.853  2.62771e+16  0     
   9891.1709  1.59325e-17  2.08280e-16  3.50378e-18    3788   431.855  2.62331e+16  0     
   9892.3604  2.04938e-17  3.83648e-16  4.67325e-18    3789   431.858  2.61899e+16  0     
   9893.5498  1.80787e-17  4.52300e-16  5.03903e-18    3790   431.861  2.61494e+16  0     
   9894.7383  1.59477e-17  4.75204e-16  5.15127e-18    3791   431.863  2.61102e+16  0     
   9895.9277  1.63353e-17  4.70274e-16  5.13158e-18    3792   431.866  2.60719e+16  0     
   9897.1162  1.74945e-17  3.98698e-16  4.75575e-18    3793   431.869  2.60320e+16  0     
   9898.3057  1.65056e-17  2.22177e-16  3.62848e-18    3794   431.871  2.59948e+16  0     
   9899.4941  1.86914e-17  1.10147e-16  2.70305e-18    3795   431.874  2.59626e+16  0     
   9900.6836  1.88802e-17  7.40658e-17  2.32234e-18    3796   431.877  2.59319e+16  0     
   9901.8721  1.53221e-17  6.15592e-17  2.13048e-18    3797   431.879  2.59000e+16  0     
   9903.0615  1.93557e-17  5.37003e-17  2.08316e-18    3798   431.882  2.58690e+16  0     
   9904.2500  1.54872e-17  4.72330e-17  1.94666e-18    3799   431.885  2.58390e+16  0     
   9905.4385  1.44611e-17  4.27474e-17  1.87038e-18    3800   431.888  2.58055e+16  0     
   9906.6279  1.48961e-17  4.34017e-17  1.88762e-18    3801   431.890  2.57654e+16  0     
   9907.8164  1.80690e-17  4.65143e-17  1.97722e-18    3802   431.893  2.57211e+16  0     
   9909.0059  1.38859e-17  6.66884e-17  2.18672e-18    3803   431.896  2.56771e+16  0     
   9910.1943  1.45090e-17  2.04809e-16  3.50786e-18    3804   431.898  2.56396e+16  0     
   9911.3828  3.39691e-17  6.44945e-16  6.10314e-18    3805   431.901  2.56076e+16  0     
   9912.5713  1.24234e-17  1.03853e-15  7.58208e-18    3806   431.904  2.55807e+16  0     
   9913.7607  2.25661e-17  1.16895e-15  8.07423e-18    3807   431.906  2.55521e+16  0     
   9914.9492  3.48056e-17  1.20778e-15  8.24965e-18    3808   431.909  2.55191e+16  0     
   9916.1377  1.93135e-17  1.16293e-15  8.05435e-18    3809   431.912  2.54802e+16  0     
   9917.3271  2.22650e-18  8.65297e-16  6.91310e-18    3810   431.915  2.54416e+16  0     
   9918.5156  8.81731e-18  3.83229e-16  4.67589e-18    3811   431.917  2.54070e+16  0     
   9919.7041  1.71134e-17  1.59751e-16  3.17987e-18    3812   431.920  2.53813e+16  0     
   9920.8926  1.78930e-17  9.48495e-17  2.57092e-18    3813   431.923  2.53565e+16  0     
   9922.0811  1.81979e-17  6.62359e-17  2.25031e-18    3814   431.925  2.53339e+16  0     
   9923.2695  1.95214e-17  5.16383e-17  2.08346e-18    3815   431.928  2.53097e+16  0     
   9924.4590  1.62344e-17  4.64775e-17  1.97031e-18    3816   431.931  2.52810e+16  0     
   9925.6475  1.54466e-17  4.56656e-17  1.94922e-18    3817   431.933  2.52496e+16  0     
   9926.8359  1.37422e-17  4.41180e-17  1.90438e-18    3818   431.936  2.52120e+16  0     
   9928.0244  1.70029e-17  4.41831e-17  1.95372e-18    3819   431.939  2.51697e+16  0     
   9929.2129  2.00305e-17  4.39989e-17  1.99530e-18    3820   431.942  2.51282e+16  0     
   9930.4014  1.93938e-17  4.45977e-17  1.99661e-18    3821   431.944  2.50867e+16  0     
   9931.5898  1.98205e-17  4.53922e-17  2.01529e-18    3822   431.947  2.50457e+16  0     
   9932.7783  1.95866e-17  4.59522e-17  2.02166e-18    3823   431.950  2.50035e+16  0     
   9933.9668  1.78050e-17  4.77547e-17  2.02374e-18    3824   431.952  2.49635e+16  0     
   9935.1553  1.34399e-17  4.94396e-17  1.98818e-18    3825   431.955  2.49271e+16  0     
   9936.3438  1.72588e-17  6.02985e-17  2.18595e-18    3826   431.958  2.48903e+16  0     
   9937.5322  1.69359e-17  1.30299e-16  2.94653e-18    3827   431.961  2.48478e+16  0     
   9938.7207  2.02855e-17  3.10520e-16  4.35596e-18    3828   431.963  2.48075e+16  0     
   9939.9092  1.03285e-17  4.60766e-16  5.18306e-18    3829   431.966  2.47753e+16  0     
   9941.0977  1.98539e-17  5.80509e-16  5.84317e-18    3830   431.969  2.47526e+16  0     
   9942.2861  2.64474e-17  8.30498e-16  6.97024e-18    3831   431.971  2.47301e+16  0     
   9943.4736  3.47095e-17  1.13596e-15  8.14040e-18    3832   431.974  2.47070e+16  0     
   9944.6621  1.51449e-17  1.24899e-15  8.46062e-18    3833   431.977  2.46856e+16  0     
   9945.8506  1.72873e-17  1.19482e-15  8.28978e-18    3834   431.980  2.46621e+16  0     
   9947.0391  1.57475e-17  1.14726e-15  8.12567e-18    3835   431.982  2.46357e+16  0     
   9948.2275  2.09515e-17  9.88892e-16  7.58041e-18    3836   431.985  2.46060e+16  0     
   9949.4150  2.36952e-17  6.74193e-16  6.31742e-18    3837   431.988  2.45718e+16  0     
   9950.6035  1.29793e-17  3.88360e-16  4.81489e-18    3838   431.991  2.45348e+16  0     
   9951.7920  1.31878e-17  2.62127e-16  4.00918e-18    3839   431.993  2.44985e+16  0     
   9952.9805  1.78181e-17  3.90032e-16  4.86021e-18    3840   431.996  2.44637e+16  0     
   9954.1680  1.45270e-17  6.22573e-16  6.05733e-18    3841   431.999  2.44279e+16  0     
   9955.3564  1.99853e-17  7.22322e-16  6.53753e-18    3842   432.001  2.43905e+16  0     
   9956.5449  2.87874e-17  7.77809e-16  6.81757e-18    3843   432.004  2.43494e+16  0     
   9957.7324  1.91815e-17  9.20536e-16  7.35987e-18    3844   432.007  2.43070e+16  0     
   9958.9209  2.03919e-17  1.10059e-15  8.04005e-18    3845   432.010  2.42629e+16  0     
   9960.1094  1.64226e-17  1.01872e-15  7.73454e-18    3846   432.012  2.42249e+16  0     
   9961.2969  1.82366e-17  9.06324e-16  7.31829e-18    3847   432.015  2.41917e+16  0     
   9962.4854  3.12495e-17  8.56238e-16  7.17634e-18    3848   432.018  2.41588e+16  0     
   9963.6729  2.50143e-17  7.69547e-16  6.79884e-18    3849   432.021  2.41244e+16  0     
   9964.8613  1.56668e-17  5.14636e-16  5.57335e-18    3850   432.023  2.40846e+16  0     
   9966.0498  1.73947e-17  2.28135e-16  3.82991e-18    3851   432.026  2.40402e+16  0     
   9967.2373  1.92461e-17  1.29300e-16  3.01376e-18    3852   432.029  2.39959e+16  0     
   9968.4258  1.99053e-17  1.42427e-16  3.14597e-18    3853   432.032  2.39578e+16  0     
   9969.6133  2.60701e-17  2.04168e-16  3.72200e-18    3854   432.034  2.39253e+16  0     
   9970.8018  2.83374e-17  2.40430e-16  4.01434e-18    3855   432.037  2.38894e+16  0     
   9971.9893  2.77262e-17  2.60458e-16  4.15623e-18    3856   432.040  2.38484e+16  0     
   9973.1768  2.16496e-17  2.64754e-16  4.14795e-18    3857   432.042  2.38013e+16  0     
   9974.3652  1.91533e-17  2.49789e-16  4.02734e-18    3858   432.045  2.37544e+16  0     
   9975.5527  1.62549e-17  1.91838e-16  3.56206e-18    3859   432.048  2.37066e+16  0     
   9976.7412  1.95654e-17  1.39981e-16  3.14122e-18    3860   432.051  2.36536e+16  0     
   9977.9287  1.49061e-17  1.14249e-16  2.84645e-18    3861   432.053  2.35998e+16  0     
   9979.1172  2.15805e-17  1.04609e-16  2.81901e-18    3862   432.056  2.35464e+16  0     
   9980.3047  2.54109e-17  9.24087e-17  2.73339e-18    3863   432.059  2.34926e+16  0     
   9981.4922  1.94622e-17  7.64241e-17  2.48808e-18    3864   432.062  2.34370e+16  0     
   9982.6797  2.02685e-17  6.08385e-17  2.30835e-18    3865   432.064  2.33818e+16  0     
   9983.8682  2.05551e-17  5.14907e-17  2.19136e-18    3866   432.067  2.33297e+16  0     
   9985.0557  2.07351e-17  4.64297e-17  2.12660e-18    3867   432.070  2.32790e+16  0     
   9986.2432  1.94602e-17  4.57940e-17  2.10229e-18    3868   432.073  2.32264e+16  0     
   9987.4307  2.04309e-17  4.50485e-17  2.10820e-18    3869   432.075  2.31729e+16  0     
   9988.6191  2.09873e-17  4.56894e-17  2.12797e-18    3870   432.078  2.31179e+16  0     
   9989.8066  2.15593e-17  4.46604e-17  2.12455e-18    3871   432.081  2.30586e+16  0     
   9990.9941  2.01866e-17  4.62246e-17  2.13026e-18    3872   432.084  2.30006e+16  0     
   9992.1816  2.24159e-17  4.50872e-17  2.14867e-18    3873   432.086  2.29431e+16  0     
   9993.3691  2.32756e-17  4.62522e-17  2.18011e-18    3874   432.089  2.28844e+16  0     
   9994.5576  2.35400e-17  4.90351e-17  2.22541e-18    3875   432.092  2.28234e+16  0     
   9995.7451  2.43232e-17  7.71013e-17  2.59376e-18    3876   432.095  2.27618e+16  0     
   9996.9326  2.56123e-17  1.49468e-16  3.35479e-18    3877   432.097  2.26989e+16  0     
   9998.1201  2.86702e-17  2.06310e-16  3.86829e-18    3878   432.100  2.26346e+16  0     
   9999.3076  2.68165e-17  2.31466e-16  4.05480e-18    3879   432.103  2.25708e+16  0     
   10000.495  2.54401e-17  2.36264e-16  4.08683e-18    3880   432.106  2.25050e+16  0     
   10001.683  2.30495e-17  2.32783e-16  4.04817e-18    3881   432.108  2.24415e+16  0     
   10002.870  2.26144e-17  1.78939e-16  3.61473e-18    3882   432.111  2.23792e+16  0     
   10004.058  2.23850e-17  1.08062e-16  2.94556e-18    3883   432.114  2.23232e+16  0     
   10005.245  2.30965e-17  7.89209e-17  2.63138e-18    3884   432.117  2.22736e+16  0     
   10006.433  2.57928e-17  8.14290e-17  2.69559e-18    3885   432.120  2.22239e+16  0     
   10007.620  2.72607e-17  1.58621e-16  3.49484e-18    3886   432.122  2.21684e+16  0     
   10008.808  2.68904e-17  4.82290e-16  5.70572e-18    3887   432.125  2.21108e+16  0     
   10009.995  4.20418e-17  1.06562e-15  8.38706e-18    3888   432.128  2.20502e+16  0     
   10011.182  2.33861e-17  1.47966e-15  9.77266e-18    3889   432.131  2.19911e+16  0     
   10012.370  1.92416e-17  1.63006e-15  1.02476e-17    3890   432.133  2.19346e+16  0     
   10013.557  3.34446e-17  1.66223e-15  1.04011e-17    3891   432.136  2.18876e+16  0     
   10014.745  2.66882e-17  1.50076e-15  9.88238e-18    3892   432.139  2.18535e+16  0     
   10015.932  3.36796e-17  9.99654e-16  8.14576e-18    3893   432.142  2.18224e+16  0     
   10017.119  2.27346e-17  4.78631e-16  5.70515e-18    3894   432.144  2.17875e+16  0     
   10018.307  1.94402e-17  2.42567e-16  4.16148e-18    3895   432.147  2.17539e+16  0     
   10019.494  2.65150e-17  1.63323e-16  3.56776e-18    3896   432.150  2.17236e+16  0     
   10020.681  2.81406e-17  1.63428e-16  3.58571e-18    3897   432.153  2.16947e+16  0     
   10021.868  3.07025e-17  2.91705e-16  4.61123e-18    3898   432.156  2.16651e+16  0     
   10023.056  3.15195e-17  4.49385e-16  5.60982e-18    3899   432.158  2.16341e+16  0     
   10024.243  3.13335e-17  5.00356e-16  5.89829e-18    3900   432.161  2.15978e+16  0     
   10025.430  2.60921e-17  5.05205e-16  5.90162e-18    3901   432.164  2.15586e+16  0     
   10026.617  2.46252e-17  4.98338e-16  5.86096e-18    3902   432.167  2.15223e+16  0     
   10027.805  3.73753e-17  4.12437e-16  5.44835e-18    3903   432.169  2.14837e+16  0     
   10028.992  3.16940e-17  2.25444e-16  4.15486e-18    3904   432.172  2.14423e+16  0     
   10030.179  2.65846e-17  1.18277e-16  3.16422e-18    3905   432.175  2.13980e+16  0     
   10031.366  2.62762e-17  8.07675e-17  2.75198e-18    3906   432.178  2.13570e+16  0     
   10032.553  2.94796e-17  6.93187e-17  2.65565e-18    3907   432.181  2.13142e+16  0     
   10033.740  2.95164e-17  6.78053e-17  2.64071e-18    3908   432.183  2.12664e+16  0     
   10034.927  2.56778e-17  6.90954e-17  2.61228e-18    3909   432.186  2.12174e+16  0     
   10036.114  2.85005e-17  7.03026e-17  2.66578e-18    3910   432.189  2.11665e+16  0     
   10037.301  3.05389e-17  6.88967e-17  2.67702e-18    3911   432.192  2.11161e+16  0     
   10038.488  2.31916e-17  7.86986e-17  2.71055e-18    3912   432.194  2.10652e+16  0     
   10039.676  2.57049e-17  1.17608e-16  3.17884e-18    3913   432.197  2.10126e+16  0     
   10040.863  2.74055e-17  1.72115e-16  3.72244e-18    3914   432.200  2.09600e+16  0     
   10042.050  2.37704e-17  1.99128e-16  3.93013e-18    3915   432.203  2.09075e+16  0     
   10043.236  2.72683e-17  2.09241e-16  4.04916e-18    3916   432.206  2.08514e+16  0     
   10044.423  2.04200e-17  2.08736e-16  3.99399e-18    3917   432.208  2.07937e+16  0     
   10045.610  2.49827e-17  1.83646e-16  3.82423e-18    3918   432.211  2.07339e+16  0     
   10046.797  2.49817e-17  1.21873e-16  3.24309e-18    3919   432.214  2.06767e+16  0     
   10047.984  2.40371e-17  7.17136e-17  2.66566e-18    3920   432.217  2.06209e+16  0     
   10049.171  2.44873e-17  5.53224e-17  2.45977e-18    3921   432.220  2.05643e+16  0     
   10050.358  2.31563e-17  4.90123e-17  2.35637e-18    3922   432.222  2.05043e+16  0     
   10051.545  2.69808e-17  4.53637e-17  2.36322e-18    3923   432.225  2.04375e+16  0     
   10052.732  2.51639e-17  4.40199e-17  2.32178e-18    3924   432.228  2.03679e+16  0     
   10053.919  3.15546e-17  4.89217e-17  2.48651e-18    3925   432.231  2.03024e+16  0     
   10055.105  2.69519e-17  6.99737e-17  2.70797e-18    3926   432.233  2.02389e+16  0     
   10056.292  3.00247e-17  1.34585e-16  3.46646e-18    3927   432.236  2.01776e+16  0     
   10057.479  3.20174e-17  2.50190e-16  4.49107e-18    3928   432.239  2.01207e+16  0     
   10058.666  3.03121e-17  3.41262e-16  5.13927e-18    3929   432.242  2.00661e+16  0     
   10059.853  2.95817e-17  3.76623e-16  5.37543e-18    3930   432.245  2.00077e+16  0     
   10061.039  2.23700e-17  3.82225e-16  5.37354e-18    3931   432.247  1.99459e+16  0     
   10062.226  2.69830e-17  3.52938e-16  5.21970e-18    3932   432.250  1.98827e+16  0     
   10063.413  3.34607e-17  2.81381e-16  4.77223e-18    3933   432.253  1.98192e+16  0     
   10064.599  2.07308e-17  1.92304e-16  3.96178e-18    3934   432.256  1.97516e+16  0     
   10065.786  2.56227e-17  1.57896e-16  3.69757e-18    3935   432.259  1.96805e+16  0     
   10066.973  1.84040e-17  1.78471e-16  3.83007e-18    3936   432.262  1.96104e+16  0     
   10068.159  2.80584e-17  2.19819e-16  4.28354e-18    3937   432.264  1.95415e+16  0     
   10069.346  2.97764e-17  2.38923e-16  4.46065e-18    3938   432.267  1.94764e+16  0     
   10070.533  2.30759e-17  2.26015e-16  4.30837e-18    3939   432.270  1.94128e+16  0     
   10071.719  3.71190e-17  2.08125e-16  4.28428e-18    3940   432.273  1.93435e+16  0     
   10072.906  3.48674e-17  1.84244e-16  4.06734e-18    3941   432.276  1.92713e+16  0     
   10074.092  3.55695e-17  1.35032e-16  3.61920e-18    3942   432.278  1.91996e+16  0     
   10075.279  3.07449e-17  9.26438e-17  3.11774e-18    3943   432.281  1.91319e+16  0     
   10076.466  3.04054e-17  8.90723e-17  3.07783e-18    3944   432.284  1.90634e+16  0     
   10077.652  3.09441e-17  1.49482e-16  3.73718e-18    3945   432.287  1.89947e+16  0     
   10078.839  2.49458e-17  4.18443e-16  5.77179e-18    3946   432.290  1.89283e+16  0     
   10080.025  3.75829e-17  7.44691e-16  7.64128e-18    3947   432.292  1.88613e+16  0     
   10081.212  3.03196e-17  8.80574e-16  8.25257e-18    3948   432.295  1.87943e+16  0     
   10082.398  3.22783e-17  9.30052e-16  8.49492e-18    3949   432.298  1.87280e+16  0     
   10083.584  2.81915e-17  9.16570e-16  8.43235e-18    3950   432.301  1.86645e+16  0     
   10084.771  3.35454e-17  7.66822e-16  7.78207e-18    3951   432.304  1.86034e+16  0     
   10085.957  2.71778e-17  4.09724e-16  5.79129e-18    3952   432.306  1.85416e+16  0     
   10087.144  2.79145e-17  1.91014e-16  4.15648e-18    3953   432.309  1.84750e+16  0     
   10088.330  2.77321e-17  1.15257e-16  3.40783e-18    3954   432.312  1.84067e+16  0     
   10089.516  3.62273e-17  8.33799e-17  3.14447e-18    3955   432.315  1.83404e+16  0     
   10090.703  2.82253e-17  7.01246e-17  2.88261e-18    3956   432.318  1.82771e+16  0     
   10091.889  3.07250e-17  6.65576e-17  2.87379e-18    3957   432.321  1.82161e+16  0     
   10093.075  3.04608e-17  6.82256e-17  2.89753e-18    3958   432.323  1.81571e+16  0     
   10094.262  3.11434e-17  7.05706e-17  2.94236e-18    3959   432.326  1.80994e+16  0     
   10095.448  3.09338e-17  7.70022e-17  3.02762e-18    3960   432.329  1.80423e+16  0     
   10096.634  3.02339e-17  8.10308e-17  3.07524e-18    3961   432.332  1.79823e+16  0     
   10097.821  3.04388e-17  8.78316e-17  3.16776e-18    3962   432.335  1.79221e+16  0     
   10099.007  3.28166e-17  1.24332e-16  3.61848e-18    3963   432.337  1.78634e+16  0     
   10100.193  3.01848e-17  2.45815e-16  4.73317e-18    3964   432.340  1.78106e+16  0     
   10101.379  3.52894e-17  3.63484e-16  5.66313e-18    3965   432.343  1.77597e+16  0     
   10102.565  2.73844e-17  4.06292e-16  5.90847e-18    3966   432.346  1.77055e+16  0     
   10103.752  3.34595e-17  4.21409e-16  6.05764e-18    3967   432.349  1.76477e+16  0     
   10104.938  3.36097e-17  4.12292e-16  6.00964e-18    3968   432.352  1.75874e+16  0     
   10106.124  2.97441e-17  3.25986e-16  5.39420e-18    3969   432.354  1.75273e+16  0     
   10107.310  3.09780e-17  1.78558e-16  4.19226e-18    3970   432.357  1.74681e+16  0     
   10108.496  3.13740e-17  1.01946e-16  3.39975e-18    3971   432.360  1.74078e+16  0     
   10109.682  3.21767e-17  7.61261e-17  3.09778e-18    3972   432.363  1.73517e+16  0     
   10110.868  3.24964e-17  6.46644e-17  2.95528e-18    3973   432.366  1.72991e+16  0     
   10112.055  2.91886e-17  6.20966e-17  2.87927e-18    3974   432.369  1.72461e+16  0     
   10113.241  3.30656e-17  5.81949e-17  2.88391e-18    3975   432.371  1.71926e+16  0     
   10114.427  3.14445e-17  5.87338e-17  2.87364e-18    3976   432.374  1.71398e+16  0     
   10115.613  3.50952e-17  6.17730e-17  2.97181e-18    3977   432.377  1.70842e+16  0     
   10116.799  3.05060e-17  6.40936e-17  2.94612e-18    3978   432.380  1.70267e+16  0     
   10117.985  2.84693e-17  8.01545e-17  3.14010e-18    3979   432.383  1.69691e+16  0     
   10119.171  3.47884e-17  1.65635e-16  4.17561e-18    3980   432.386  1.69121e+16  0     
   10120.357  3.63925e-17  4.82177e-16  6.61129e-18    3981   432.388  1.68568e+16  0     
   10121.543  4.15758e-17  8.85120e-16  8.80853e-18    3982   432.391  1.68023e+16  0     
   10122.729  3.36269e-17  1.06355e-15  9.59033e-18    3983   432.394  1.67495e+16  0     
   10123.914  3.67359e-17  1.12068e-15  9.86306e-18    3984   432.397  1.66966e+16  0     
   10125.100  4.41852e-17  1.11359e-15  9.88135e-18    3985   432.400  1.66406e+16  0     
   10126.286  2.45381e-17  9.40605e-16  9.04717e-18    3986   432.403  1.65827e+16  0     
   10127.472  2.28653e-17  5.33994e-16  6.91549e-18    3987   432.406  1.65254e+16  0     
   10128.658  2.25428e-17  2.52137e-16  4.91858e-18    3988   432.408  1.64701e+16  0     
   10129.844  2.50216e-17  1.72420e-16  4.21171e-18    3989   432.411  1.64179e+16  0     
   10131.030  3.26018e-17  1.39617e-16  3.95739e-18    3990   432.414  1.63627e+16  0     
   10132.216  3.62202e-17  1.24257e-16  3.83639e-18    3991   432.417  1.63070e+16  0     
   10133.401  3.31479e-17  1.15627e-16  3.71141e-18    3992   432.420  1.62484e+16  0     
   10134.587  3.13073e-17  1.07936e-16  3.60705e-18    3993   432.423  1.61895e+16  0     
   10135.773  3.19467e-17  9.42216e-17  3.45455e-18    3994   432.425  1.61338e+16  0     
   10136.959  3.27097e-17  8.24495e-17  3.32052e-18    3995   432.428  1.60808e+16  0     
   10138.144  3.42707e-17  7.70538e-17  3.27597e-18    3996   432.431  1.60301e+16  0     
   10139.330  3.25002e-17  8.36741e-17  3.34525e-18    3997   432.434  1.59798e+16  0     
   10140.516  3.25210e-17  1.00392e-16  3.56274e-18    3998   432.437  1.59247e+16  0     
   10141.702  2.98532e-17  1.17147e-16  3.73831e-18    3999   432.440  1.58685e+16  0     
   10142.887  3.40451e-17  1.35768e-16  4.00418e-18    4000   432.443  1.58112e+16  0     
   10144.073  2.89960e-17  1.52340e-16  4.13666e-18    4001   432.445  1.57539e+16  0     
   10145.259  2.78337e-17  1.68831e-16  4.30503e-18    4002   432.448  1.56978e+16  0     
   10146.444  3.17217e-17  1.78331e-16  4.44848e-18    4003   432.451  1.56443e+16  0     
   10147.630  3.56345e-17  1.81882e-16  4.53041e-18    4004   432.454  1.55917e+16  0     
   10148.816  2.54221e-17  2.38839e-16  4.97720e-18    4005   432.457  1.55412e+16  0     
   10150.001  3.83794e-17  3.67914e-16  6.13124e-18    4006   432.460  1.54905e+16  0     
   10151.187  4.55457e-17  4.54145e-16  6.79153e-18    4007   432.463  1.54385e+16  0     
   10152.372  3.24980e-17  4.76625e-16  6.86555e-18    4008   432.465  1.53866e+16  0     
   10153.558  3.89748e-17  4.81643e-16  6.95285e-18    4009   432.468  1.53342e+16  0     
   10154.743  2.14129e-17  4.98111e-16  6.95764e-18    4010   432.471  1.52830e+16  0     
   10155.929  3.00774e-17  4.35527e-16  6.60740e-18    4011   432.474  1.52322e+16  0     
   10157.114  4.49736e-17  3.34467e-16  5.99363e-18    4012   432.477  1.51820e+16  0     
   10158.300  3.23987e-17  2.97215e-16  5.61026e-18    4013   432.480  1.51310e+16  0     
   10159.485  3.52485e-17  2.79013e-16  5.49195e-18    4014   432.483  1.50848e+16  0     
   10160.671  3.33513e-17  2.70252e-16  5.41040e-18    4015   432.485  1.50393e+16  0     
   10161.856  3.42489e-17  2.39775e-16  5.16000e-18    4016   432.488  1.49935e+16  0     
   10163.042  2.80058e-17  2.10098e-16  4.83485e-18    4017   432.491  1.49462e+16  0     
   10164.227  2.67603e-17  2.03573e-16  4.76776e-18    4018   432.494  1.48977e+16  0     
   10165.413  3.34450e-17  2.12080e-16  4.92230e-18    4019   432.497  1.48502e+16  0     
   10166.598  3.72330e-17  2.47203e-16  5.28719e-18    4020   432.500  1.48065e+16  0     
   10167.783  2.44852e-17  4.82345e-16  6.99702e-18    4021   432.503  1.47644e+16  0     
   10168.969  2.07516e-17  9.33829e-16  9.55711e-18    4022   432.506  1.47229e+16  0     
   10170.154  5.30373e-17  1.22985e-15  1.10721e-17    4023   432.508  1.46896e+16  0     
   10171.340  2.59422e-17  1.31654e-15  1.13347e-17    4024   432.511  1.46612e+16  0     
   10172.525  3.30634e-17  1.34708e-15  1.15014e-17    4025   432.514  1.46348e+16  0     
   10173.710  1.57468e-17  1.22722e-15  1.09326e-17    4026   432.517  1.46035e+16  0     
   10174.895  3.06822e-17  8.15472e-16  9.05461e-18    4027   432.520  1.45681e+16  0     
   10176.081  2.29717e-17  4.04338e-16  6.49307e-18    4028   432.523  1.45326e+16  0     
   10177.266  3.32682e-17  2.83108e-16  5.62527e-18    4029   432.526  1.44950e+16  0     
   10178.451  2.74540e-17  2.98365e-16  5.71364e-18    4030   432.529  1.44534e+16  0     
   10179.637  3.41754e-17  3.09085e-16  5.86872e-18    4031   432.531  1.44049e+16  0     
   10180.822  3.02730e-17  3.11661e-16  5.86890e-18    4032   432.534  1.43526e+16  0     
   10182.007  3.41887e-17  3.17774e-16  5.96291e-18    4033   432.537  1.42974e+16  0     
   10183.192  3.00192e-17  3.00248e-16  5.79570e-18    4034   432.540  1.42396e+16  0     
   10184.377  2.61266e-17  2.51246e-16  5.34383e-18    4035   432.543  1.41800e+16  0     
   10185.563  2.00806e-17  3.52260e-16  6.16675e-18    4036   432.546  1.41187e+16  0     
   10186.748  4.41401e-17  6.53972e-16  8.39000e-18    4037   432.549  1.40565e+16  0     
   10187.933  3.43537e-17  8.58875e-16  9.49075e-18    4038   432.552  1.39945e+16  0     
   10189.118  2.09835e-17  9.40731e-16  9.86474e-18    4039   432.555  1.39319e+16  0     
   10190.303  3.80797e-17  9.67834e-16  1.01093e-17    4040   432.557  1.38677e+16  0     
   10191.488  3.89474e-17  9.06550e-16  9.82936e-18    4041   432.560  1.38012e+16  0     
   10192.673  2.48641e-17  6.41863e-16  8.30122e-18    4042   432.563  1.37329e+16  0     
   10193.858  2.34356e-17  3.38090e-16  6.18425e-18    4043   432.566  1.36633e+16  0     
   10195.043  3.16714e-17  2.09851e-16  5.11738e-18    4044   432.569  1.35937e+16  0     
   10196.228  2.88101e-17  1.63728e-16  4.61500e-18    4045   432.572  1.35249e+16  0     
   10197.413  2.67479e-17  1.47502e-16  4.41887e-18    4046   432.575  1.34567e+16  0     
   10198.598  2.74212e-17  1.78037e-16  4.78298e-18    4047   432.578  1.33853e+16  0     
   10199.783  2.70488e-17  2.97872e-16  5.95611e-18    4048   432.581  1.33121e+16  0     
   10200.968  3.98466e-17  4.10526e-16  6.98883e-18    4049   432.583  1.32383e+16  0     
   10202.153  3.27352e-17  4.54055e-16  7.27840e-18    4050   432.586  1.31630e+16  0     
   10203.338  2.58294e-17  4.75150e-16  7.40191e-18    4051   432.589  1.30892e+16  0     
   10204.523  3.34434e-17  5.09051e-16  7.71518e-18    4052   432.592  1.30184e+16  0     
   10205.708  3.33394e-17  5.31327e-16  7.88893e-18    4053   432.595  1.29480e+16  0     
   10206.893  3.19978e-17  6.57945e-16  8.72415e-18    4054   432.598  1.28752e+16  0     
   10208.078  4.58979e-17  1.02262e-15  1.08466e-17    4055   432.601  1.27996e+16  0     
   10209.263  2.86683e-17  1.30627e-15  1.21427e-17    4056   432.604  1.27236e+16  0     
   10210.448  3.53009e-17  1.38980e-15  1.25792e-17    4057   432.607  1.26481e+16  0     
   10211.633  8.62813e-18  1.35330e-15  1.23368e-17    4058   432.609  1.25743e+16  0     
   10212.818  3.06532e-17  1.19135e-15  1.17283e-17    4059   432.612  1.25010e+16  0     
   10214.002  1.28349e-17  8.15110e-16  9.71246e-18    4060   432.615  1.24283e+16  0     
   10215.187  2.57603e-17  4.08573e-16  7.11657e-18    4061   432.618  1.23571e+16  0     
   10216.372  3.43264e-17  2.36159e-16  5.69446e-18    4062   432.621  1.22861e+16  0     
   10217.557  2.67484e-17  1.72616e-16  4.95389e-18    4063   432.624  1.22144e+16  0     
   10218.742  2.42316e-17  1.44381e-16  4.60211e-18    4064   432.627  1.21428e+16  0     
   10219.926  3.18391e-17  1.40311e-16  4.66067e-18    4065   432.630  1.20719e+16  0     
   10221.111  2.51030e-17  1.82798e-16  5.09890e-18    4066   432.633  1.20011e+16  0     
   10222.296  3.19197e-17  3.28225e-16  6.62489e-18    4067   432.636  1.19301e+16  0     
   10223.481  2.16909e-17  4.97739e-16  7.92539e-18    4068   432.639  1.18603e+16  0     
   10224.665  3.94652e-17  5.72863e-16  8.60966e-18    4069   432.641  1.17925e+16  0     
   10225.850  3.30175e-17  6.31566e-16  8.98608e-18    4070   432.644  1.17257e+16  0     
   10227.035  3.54625e-17  7.37112e-16  9.69994e-18    4071   432.647  1.16589e+16  0     
   10228.220  2.18295e-17  7.85936e-16  9.94165e-18    4072   432.650  1.15947e+16  0     
   10229.404  2.24274e-17  6.62765e-16  9.19916e-18    4073   432.653  1.15317e+16  0     
   10230.589  1.79385e-17  5.77814e-16  8.61719e-18    4074   432.656  1.14708e+16  0     
   10231.773  3.38338e-17  5.31072e-16  8.41960e-18    4075   432.659  1.14129e+16  0     
   10232.958  3.47205e-17  4.47234e-16  7.81636e-18    4076   432.662  1.13586e+16  0     
   10234.143  3.60938e-17  2.85039e-16  6.45221e-18    4077   432.665  1.13067e+16  0     
   10235.327  2.58689e-17  1.77413e-16  5.22361e-18    4078   432.668  1.12563e+16  0     
   10236.512  3.24412e-17  1.30236e-16  4.73073e-18    4079   432.671  1.12087e+16  0     
   10237.696  3.39404e-17  1.08003e-16  4.46084e-18    4080   432.674  1.11640e+16  0     
   10238.881  2.58750e-17  9.69374e-17  4.19393e-18    4081   432.676  1.11246e+16  0     
   10240.066  3.23997e-17  8.89930e-17  4.18033e-18    4082   432.679  1.10888e+16  0     
   10241.250  3.05956e-17  8.72842e-17  4.13446e-18    4083   432.682  1.10553e+16  0     
   10242.435  2.36316e-17  8.75555e-17  4.03853e-18    4084   432.685  1.10216e+16  0     
   10243.619  3.00670e-17  8.51528e-17  4.10800e-18    4085   432.688  1.09884e+16  0     
   10244.804  2.69196e-17  8.33043e-17  4.03678e-18    4086   432.691  1.09580e+16  0     
   10245.988  2.78380e-17  8.12773e-17  4.02448e-18    4087   432.694  1.09335e+16  0     
   10247.173  3.05733e-17  7.67586e-17  4.00052e-18    4088   432.697  1.09132e+16  0     
   10248.357  3.14345e-17  7.78394e-17  4.03481e-18    4089   432.700  1.08965e+16  0     
   10249.541  2.51062e-17  7.73827e-17  3.92910e-18    4090   432.703  1.08824e+16  0     
   10250.726  2.36311e-17  7.84805e-17  3.92497e-18    4091   432.706  1.08728e+16  0     
   10251.910  2.89096e-17  8.07251e-17  4.04752e-18    4092   432.709  1.08635e+16  0     
   10253.095  3.05065e-17  8.31180e-17  4.11262e-18    4093   432.712  1.08516e+16  0     
   10254.279  2.76547e-17  8.54490e-17  4.10694e-18    4094   432.714  1.08403e+16  0     
   10255.463  3.29638e-17  8.47914e-17  4.18058e-18    4095   432.717  1.08325e+16  0     
   10256.648  2.64493e-17  9.01922e-17  4.16466e-18    4096   432.720  1.08270e+16  0     
   10257.832  2.53808e-17  9.13620e-17  4.16729e-18    4097   432.723  1.08221e+16  0     
   10259.017  2.30182e-17  8.85436e-17  4.08767e-18    4098   432.726  1.08178e+16  0     
   10260.201  2.25938e-17  8.69143e-17  4.05599e-18    4099   432.729  1.08145e+16  0     
   10261.385  3.15160e-17  9.14819e-17  4.26466e-18    4100   432.732  1.08126e+16  0     
   10262.570  2.43439e-17  9.71509e-17  4.24185e-18    4101   432.735  1.08131e+16  0     
   10263.754  2.26221e-17  1.00219e-16  4.26160e-18    4102   432.738  1.08157e+16  0     
   10264.938  2.94316e-17  1.06573e-16  4.45461e-18    4103   432.741  1.08196e+16  0     
   10266.122  3.63129e-17  1.17198e-16  4.69850e-18    4104   432.744  1.08262e+16  0     
   10267.307  2.87473e-17  1.56444e-16  5.11064e-18    4105   432.747  1.08344e+16  0     
   10268.491  2.36436e-17  1.94753e-16  5.50826e-18    4106   432.750  1.08458e+16  0     
   10269.675  1.97157e-17  2.18974e-16  5.73613e-18    4107   432.753  1.08569e+16  0     
   10270.859  2.75818e-17  2.24307e-16  5.87813e-18    4108   432.756  1.08686e+16  0     
   10272.043  2.86540e-17  2.17982e-16  5.81698e-18    4109   432.759  1.08817e+16  0     
   10273.228  3.05621e-17  1.99633e-16  5.62984e-18    4110   432.761  1.08957e+16  0     
   10274.412  3.11669e-17  1.57986e-16  5.14008e-18    4111   432.764  1.09119e+16  0     
   10275.596  2.06330e-17  1.39561e-16  4.76393e-18    4112   432.767  1.09292e+16  0     
   10276.780  2.85659e-17  1.33874e-16  4.78929e-18    4113   432.770  1.09478e+16  0     
   10277.964  2.59274e-17  1.42384e-16  4.86168e-18    4114   432.773  1.09673e+16  0     
   10279.148  2.46630e-17  2.00570e-16  5.54835e-18    4115   432.776  1.09873e+16  0     
   10280.333  3.22699e-17  4.35503e-16  7.83091e-18    4116   432.779  1.10080e+16  0     
   10281.517  1.43896e-17  1.06281e-15  1.17439e-17    4117   432.782  1.10312e+16  0     
   10282.701  3.54388e-17  1.99748e-15  1.60521e-17    4118   432.785  1.10559e+16  0     
   10283.885  1.80732e-17  2.74764e-15  1.86783e-17    4119   432.788  1.10825e+16  0     
   10285.069  2.34281e-17  3.05456e-15  1.96737e-17    4120   432.791  1.11097e+16  0     
   10286.253  1.79017e-17  2.91558e-15  1.91853e-17    4121   432.794  1.11372e+16  0     
   10287.437  2.76072e-17  2.31120e-15  1.71227e-17    4122   432.797  1.11648e+16  0     
   10288.621  3.39108e-17  1.64336e-15  1.45037e-17    4123   432.800  1.11928e+16  0     
   10289.805  1.87105e-17  1.18454e-15  1.22929e-17    4124   432.803  1.12235e+16  0     
   10290.989  2.79764e-17  1.07006e-15  1.17342e-17    4125   432.806  1.12560e+16  0     
